-39.1613,-25.3676,31.846,9.87269,-8.66298,3.01862,7.12955,
-41.2965,-26.4221,38.0104,9.30928,-12,3.47469,-12,
-43.3964,-26.4612,38.9646,9.99646,-12,3.6117,-12,
-38.667,-25.5392,31.3603,10.9356,-11.9781,7.47427,-12,
-38.5306,-25.692,31.5673,10.9733,-11.9726,6.37367,-12,
-38.4225,-25.8417,31.7845,11.0255,-11.9692,5.29137,-12,
-38.2924,-25.9724,31.9677,11.0858,-11.9674,4.3059,-12,
-38.1177,-26.0728,32.0999,11.1489,-11.9662,3.46442,-12,
-37.892,-26.1391,32.1794,11.2135,-11.9654,2.78401,-12,
-37.6174,-26.1722,32.2111,11.2795,-11.9646,2.26073,-12,
-37.2999,-26.1759,32.2024,11.347,-11.9639,1.87834,-12,
-36.9473,-26.1552,32.1614,11.4156,-11.9632,1.61481,-12,
-36.5675,-26.1153,32.0957,11.485,-11.9624,1.4466,-12,
-36.1677,-26.0613,32.0118,11.5543,-11.9617,1.35127,-12,
-35.754,-25.9975,31.9151,11.6232,-11.9606,1.3092,-12,
-35.3316,-25.9274,31.8098,11.691,-11.9594,1.30388,-12,
-34.9044,-25.854,31.6991,11.7575,-11.9583,1.32219,-12,
-34.4752,-25.7791,31.5851,11.8224,-11.9571,1.35426,-12,
-34.0461,-25.7038,31.4693,11.8857,-11.956,1.39356,-12,
-33.6175,-25.6284,31.3528,11.9474,-11.9549,1.43869,-11.9949,
-33.1864,-25.5523,31.2359,12.005,-11.138,1.50155,-11.95,
-32.7057,-25.4768,31.0788,12.0548,-9.10164,1.63603,-11.4301,
-31.6449,-25.433,30.2857,12.1523,-8.02217,1.45737,1.70074,
-31.436,-25.3568,30.4608,12.1397,-6.66154,1.85107,-9.31115,
-30.9359,-25.3148,30.3533,12.3033,-5.83768,1.93198,-12,
-30.2979,-25.2618,29.9118,12.3829,-4.93235,2.00902,-12,
-29.6383,-25.208,29.3853,12.4257,-4.00421,1.94026,-12,
-28.9667,-25.1817,28.8434,12.4211,-2.88304,1.88629,-12,
-27.9482,-25.2319,27.93,12.2437,-1.54534,2.37334,-10.1395,
-26.7222,-25.2483,26.8985,12.3195,-2.312,3.75237,1.6246,
-26.071,-25.0088,26.4606,12.5736,-1.92195,2.23192,-11.6511,
-25.5555,-24.9692,26.417,12.748,-2.77258,2.83466,-12,
-24.925,-24.8861,25.7868,12.8293,-2.67331,3.04331,-12,
-25.0243,-24.8132,26.214,12.6821,-1.75639,4.67621,-12,
-23.2024,-24.8201,23.9977,12.6917,-1.10463,1.45254,-11.9881,
-22.3658,-24.8014,23.2458,12.7108,-0.87204,1.50535,-11.9354,
-21.5341,-24.7966,22.5044,12.7433,-0.419295,1.27303,-11.3664,
-21.0275,-24.9691,22.1208,12.9401,-0.807619,-0.965343,2.01706,
-19.625,-24.7242,20.6831,12.955,-0.703203,2.40077,-0.820569,
-19.2397,-24.2918,19.8276,13.6936,-0.804504,6.48486,-12,
-16.9377,-23.4606,17.3311,13.8188,-0.916884,12,-12,
-17.4136,-24.3942,18.7012,12.9832,-0.603246,2.94799,-12,
-16.6093,-24.4165,18.0485,13.0933,-0.79973,3.45218,-12,
-15.8654,-24.3922,17.3401,13.1653,-0.745565,3.59683,-12,
-15.1314,-24.3716,16.6245,13.2288,-0.65329,3.69263,-12,
-14.4162,-24.3523,15.9195,13.3023,-0.549773,3.70573,-12,
-13.7108,-24.3474,15.2143,13.367,-0.436314,3.74821,-12,
-13.0215,-24.3517,14.5121,13.4356,-0.308113,3.77585,-12,
-12.351,-24.3659,13.8113,13.5123,-0.148014,3.78714,-11.9998,
-11.7011,-24.3915,13.1103,13.6038,0.0964201,3.77196,-11.9989,
-11.0683,-24.4299,12.4104,13.7195,0.585369,3.71156,-11.9962,
-10.4145,-24.484,11.6995,13.8693,1.70306,3.60234,-11.9867,
-9.24209,-24.6493,10.456,13.9851,1.59578,3.73752,7.96194,
-8.79138,-24.4994,9.85765,14.4113,1.28617,6.44247,-3.33536,
-7.7034,-23.8759,8.55472,15.4489,0.343578,8.73918,12,
-5.08647,-22.3223,5.58069,15.9873,-0.242397,12,-12,
-6.00374,-24.3684,9.14075,13.964,-2.89779,3.10691,-12,
-5.84611,-24.1339,8.89977,14.6468,-3.00341,3.35508,-12,
-5.13924,-23.9814,7.86429,14.8763,-2.96359,5.30021,-12,
-4.58398,-24.0566,7.05418,14.6893,-2.16156,5.24876,-12,
-4.27073,-24.2384,6.54158,14.0928,-0.805066,10.365,-12,
-3.43133,-24.3872,4.71993,14.4086,1.80648,5.63709,2.50358,
-4.32931,-24.7378,5.32959,14.7691,1.94021,4.3082,-12,
-3.0761,-23.8881,3.66093,16.0301,0.914508,4.8283,-12,
-1.16655,-23.7029,1.1027,15.3004,3.55556,12,9.99483,
5.42996,-22.3516,-9.43047,15.2063,10.0762,12,-4.25618,
4.79898,-19.7598,-7.75334,22.1459,0.589402,9.22735,-0.876748,
-1.1987,-24.1132,3.51101,14.0856,-0.970488,2.81596,-10.176,
-0.916262,-24.0825,3.08324,14.1635,-1.36884,2.92972,-11.9545,
-1.6918,-24.1934,4.00312,14.0511,-0.728657,1.85877,-11.9544,
-0.556471,-23.9254,2.30005,14.3432,-0.662746,2.93811,-5.08433,
-0.405348,-23.8833,2.16579,14.3873,-0.854904,2.96137,-5.10629,
-0.272281,-23.8371,2.05267,14.431,-1.02103,2.9915,-5.16722,
-0.154243,-23.7817,1.96269,14.4778,-1.14748,3.00339,-5.28496,
-0.049742,-23.7255,1.88626,14.5261,-1.25593,3.01837,-5.46699,
0.0289497,-23.8068,1.91568,14.3565,-1.37434,3.20257,-2.11657,
0.104851,-23.7688,1.86334,14.3886,-1.42701,3.20668,-2.09026,
0.174706,-23.727,1.8329,14.4263,-1.52019,3.21593,-2.10055,
0.236842,-23.6881,1.8109,14.4637,-1.60388,3.21614,-2.11176,
0.292323,-23.6486,1.80864,14.5024,-1.72212,3.21559,-2.11528,
0.34212,-23.6137,1.80875,14.54,-1.82618,3.20665,-2.1075,
0.359762,-23.6078,1.85514,14.5402,-1.84938,3.20812,-1.51217,
0.409026,-23.5828,1.84519,14.5776,-1.95432,3.17741,-1.4423,
0.447309,-23.5625,1.84733,14.6194,-2.00212,3.10214,-1.54159,
0.485683,-23.5472,1.84995,14.6515,-2.07276,3.08248,-1.41955,
0.522246,-23.5317,1.85687,14.6842,-2.13907,3.05206,-1.31283,
0.522552,-23.4798,1.90609,14.7735,-2.1424,2.91599,-2.40837,
0.551637,-23.4619,1.93335,14.8081,-2.21059,2.87422,-2.37111,
0.620342,-23.4797,1.91516,14.7882,-2.34059,2.91866,-1.12095,
0.659474,-23.5059,1.92873,14.758,-2.34294,3.02855,0.182582,
0.694577,-23.4973,1.93491,14.7936,-2.35457,2.95672,0.330206,
0.735101,-23.5093,1.95182,14.8222,-2.48742,2.73965,1.46365,
0.696866,-23.5148,2.06428,14.8147,-2.43256,2.9507,-0.997924,
0.760308,-23.4907,2.04665,14.9041,-2.64497,2.78136,-0.404975,
0.758609,-23.4851,2.09496,14.924,-2.69076,2.78782,-0.720765,
0.782895,-23.4802,2.09784,14.954,-2.69226,2.74661,-0.457659,
0.781718,-23.4767,2.13033,14.9988,-2.68982,2.59549,-0.629045,
0.820512,-23.4702,2.11577,15.0128,-2.63895,2.83101,-0.218107,
0.850861,-23.4566,2.12022,15.0545,-2.57065,2.75038,-0.120387,
0.931535,-23.4564,2.06844,15.0949,-2.7121,2.66862,2.68338,
0.858592,-23.4269,2.20121,15.15,-2.81032,2.88434,-1.5545,
0.878765,-23.4145,2.18843,15.1822,-2.7599,2.87242,-1.48422,
0.885437,-23.4037,2.20773,15.1725,-2.5603,3.04038,-1.48379,
1.04828,-23.3684,2.0515,15.2318,-2.49796,2.89618,1.14531,
1.02326,-23.4016,2.18158,15.23,-2.50257,2.39054,1.13626,
1.03778,-23.4139,2.20622,15.442,-2.92582,1.17134,2.37293,
0.942316,-23.4175,2.35241,15.3777,-3.07469,2.92575,-3.83629,
0.804382,-23.447,2.52402,15.363,-3.20151,3.30859,-6.64283,
0.747827,-23.4083,2.50021,15.3889,-3.03499,3.50041,-8.24425,
0.829809,-23.3609,2.33988,15.4311,-2.64099,3.13655,-7.22755,
0.965287,-23.374,2.16257,15.4309,-2.25979,2.53588,-0.993287,
1.07537,-23.4007,2.07899,15.405,-2.21012,2.65851,3.23649,
1.16544,-23.3477,1.9926,15.6067,-2.83968,2.29671,4.25225,
0.856217,-23.3446,2.40656,15.4981,-2.51864,3.73278,-8.32706,
1.03704,-23.3704,2.14364,15.5204,-2.43238,2.73127,0.0830905,
1.05312,-23.3662,2.14531,15.5402,-2.41715,2.70878,0.0214834,
1.06382,-23.3633,2.15344,15.5642,-2.41688,2.66975,0.0217918,
1.07495,-23.3577,2.15961,15.5907,-2.41854,2.63882,-0.0226211,
1.08401,-23.3535,2.16896,15.6139,-2.41975,2.60886,-0.0263528,
1.09026,-23.3485,2.18117,15.6364,-2.41938,2.58545,-0.0335539,
1.09628,-23.3447,2.19404,15.6602,-2.41902,2.47072,0.177748,
1.10349,-23.3378,2.20456,15.6841,-2.42039,2.45007,0.171713,
1.11026,-23.3303,2.21557,15.708,-2.42235,2.43322,0.164705,
1.11661,-23.3224,2.22688,15.732,-2.42407,2.41933,0.157144,
1.12256,-23.3141,2.2384,15.756,-2.42536,2.40784,0.149328,
1.12819,-23.3055,2.25003,15.7801,-2.42609,2.39821,0.141522,
1.13353,-23.2969,2.2617,15.804,-2.42614,2.38993,0.133952,
1.1386,-23.2883,2.27328,15.828,-2.42543,2.38257,0.1268,
1.14335,-23.2798,2.28465,15.8517,-2.42386,2.37571,0.120184,
1.14784,-23.2717,2.29569,15.8753,-2.42127,2.36901,0.114122,
1.15192,-23.2639,2.30639,15.8984,-2.41708,2.36219,0.108386,
1.1538,-23.2568,2.31868,15.9206,-2.4084,2.35545,0.102024,
1.15934,-23.2493,2.32345,15.9464,-2.39724,2.34122,0.101943,
1.16389,-23.2447,2.33074,15.9692,-2.36826,2.32355,0.104015,
1.17157,-23.2425,2.33809,15.9908,-2.28759,2.29036,0.13492,
1.19471,-23.2449,2.34125,16.0093,-2.08944,2.23049,0.526589,
1.42419,-23.2535,2.12017,16.0798,-2.49104,1.96474,7.92346,
1.21092,-23.2247,2.42731,16.1035,-2.54896,2.50785,-0.898802,
1.20868,-23.2105,2.47454,16.1467,-2.61362,2.58991,-1.61555,
1.21068,-23.199,2.48318,16.1648,-2.40998,2.57566,-2.04057,
1.47131,-23.1918,2.21479,16.1963,-2.40933,2.46891,2.20855,
1.44931,-23.2869,2.30715,16.2312,-3.07956,1.8353,6.92784,
1.02182,-23.2271,2.89911,16.1632,-2.80179,4.10948,-11.0743,
1.17825,-22.9519,3.18024,17.1589,-5.55787,1.96147,-12,
1.04121,-23.142,3.04704,17.0471,-5.32275,4.4588,-12,
0.761943,-23.119,3.13839,16.9942,-4.74907,5.38352,-12,
1.22323,-22.7584,2.4769,17.2179,-4.48716,9.34169,-12,
1.31341,-23.2879,2.44972,16.3246,-3.11625,2.83913,0.142037,
1.32079,-23.2825,2.45766,16.3473,-3.11462,2.82967,0.1497,
1.32966,-23.2764,2.46491,16.3705,-3.11707,2.81955,0.158889,
1.3354,-23.2715,2.47645,16.3907,-3.11553,2.81185,0.165905,
1.34298,-23.2651,2.48407,16.4128,-3.10814,2.79591,0.175716,
1.34895,-23.259,2.49351,16.4337,-3.09947,2.78212,0.171209,
1.35596,-23.2522,2.50142,16.4553,-3.09742,2.77195,0.181676,
1.362,-23.2456,2.51064,16.4759,-3.09462,2.76289,0.182994,
1.36863,-23.2382,2.51835,16.4969,-3.09267,2.75247,0.193839,
1.37386,-23.2311,2.52754,16.5167,-3.08983,2.74317,0.194286,
1.3792,-23.2233,2.53556,16.5366,-3.08698,2.73225,0.204154,
1.38461,-23.2154,2.54335,16.5559,-3.08388,2.7202,0.215414,
1.38955,-23.2073,2.55085,16.5745,-3.08026,2.70633,0.228568,
1.39387,-23.1994,2.558,16.5921,-3.07534,2.68924,0.244357,
1.39814,-23.192,2.56474,16.6084,-3.06691,2.66612,0.263969,
1.40248,-23.1861,2.57115,16.6229,-3.04838,2.63103,0.289772,
1.40795,-23.1836,2.57769,16.6347,-2.99957,2.57162,0.328852,
1.41971,-23.1883,2.58575,16.6417,-2.86039,2.46418,0.426242,
1.45721,-23.2079,2.58945,16.6403,-2.51636,2.26325,1.1551,
1.79335,-23.2876,2.27948,16.7101,-3.18357,1.487,12,
1.47458,-23.1984,2.73422,16.7743,-3.28572,2.76925,-0.293384,
1.52783,-23.21,2.75617,16.8401,-3.57521,3.11834,-0.246403,
1.53648,-23.2128,2.76372,16.8435,-3.57134,3.07115,-0.220909,
1.54634,-23.2243,2.76889,16.8362,-3.53,2.95292,-0.166093,
1.55858,-23.2602,2.78315,16.8144,-3.4295,2.67601,-0.125651,
1.5628,-23.338,2.82164,16.7951,-3.19326,2.08666,0.336395,
1.69494,-23.6212,2.78282,16.8564,-3.61007,-0.464785,12,
1.57465,-23.3331,2.89469,17.1613,-3.83028,3.64631,-0.85024,
1.84493,-23.5154,3.2572,17.4052,-5.03646,4.24503,0.814459,
1.80112,-23.5383,3.2834,17.4943,-5.16071,3.74801,2.42041,
1.75726,-23.4829,3.21797,17.4621,-4.88593,4.93549,-2.05767,
1.86979,-23.5691,3.43328,17.5993,-5.61902,5.55345,-1.95535,
1.86913,-23.5659,3.44323,17.6245,-5.60623,5.76932,-2.40518,
1.87003,-23.5612,3.48526,17.6326,-5.4896,6.11996,-3.33299,
1.98921,-23.5523,3.41653,17.7747,-5.68652,5.61036,0.958586,
1.77903,-23.4389,3.29689,17.7275,-5.06889,5.2074,-0.667631,
1.74441,-23.3236,3.53244,18.0691,-5.41624,5.65041,-10.9128,
2.42117,-23.5352,3.83519,18.6247,-7.94757,6.29781,-0.83215,
1.93296,-23.4577,3.48557,18.0029,-5.70495,6.17881,-5.21376,
2.0628,-23.5342,3.788,18.192,-6.6548,6.74881,-5.65401,
2.06475,-23.5264,3.84629,18.3243,-6.79092,6.54158,-6.50693,
2.1263,-23.5415,3.85064,18.4053,-6.98568,7.5586,-7.65924,
2.17837,-23.5687,3.91398,18.4829,-7.22191,7.84321,-7.83102,
2.18352,-23.5806,3.9285,18.4939,-7.21613,7.85691,-7.23195,
2.1698,-23.5431,3.8651,18.522,-6.99446,7.67539,-7.63893,
2.20414,-23.5452,3.86373,18.5491,-6.97973,7.69112,-7.45886,
2.21237,-23.5527,3.83743,18.5277,-6.85313,7.54253,-6.1216,
2.15943,-23.5053,3.74454,18.5369,-6.55226,6.95651,-5.31008,
2.10885,-23.4456,3.68169,18.5729,-6.26891,7.12444,-8.06475,
2.21244,-23.4927,3.85835,18.7316,-6.85863,7.58827,-8.65096,
2.22643,-23.5132,3.92021,18.8007,-6.97561,7.52582,-7.99638,
2.25195,-23.4599,3.80466,18.9253,-6.88833,7.02831,-8.2502,
2.19977,-23.5141,3.88454,18.7814,-6.81336,7.78848,-9.89746,
2.22432,-23.5178,3.84087,18.7861,-6.7118,7.73731,-9.34553,
2.22885,-23.5219,3.79883,18.7611,-6.56702,7.68618,-8.83309,
2.21508,-23.5242,3.77714,18.7079,-6.42334,7.68357,-8.22767,
2.22564,-23.4949,3.73354,18.6358,-6.06557,7.89258,-9.49883,
2.22294,-23.4797,3.65344,18.8675,-6.05544,6.357,-6.47769,
2.13454,-23.4754,3.57799,18.6327,-5.4951,6.51737,-7.10621,
2.13513,-23.4745,3.55316,18.6192,-5.3759,6.41989,-6.72864,
2.131,-23.4694,3.53679,18.6038,-5.25568,6.3169,-6.57832,
2.1268,-23.4647,3.52205,18.5915,-5.14944,6.21244,-6.31672,
2.1145,-23.4538,3.51527,18.5885,-5.06604,6.10487,-6.12739,
2.11115,-23.4251,3.49626,18.6077,-4.97675,6.07703,-6.76205,
2.1096,-23.4139,3.46843,18.5998,-4.8643,6.00963,-6.5095,
2.11374,-23.398,3.43944,18.5785,-4.74805,6.00214,-6.39778,
2.14959,-23.3815,3.37911,18.5299,-4.59659,6.0953,-6.15771,
2.15928,-23.3775,3.35499,18.4968,-4.4866,6.03358,-5.70906,
2.15853,-23.364,3.34361,18.5069,-4.40299,5.99218,-6.23254,
2.15685,-23.3725,3.31518,18.4983,-4.28466,5.91107,-5.7409,
2.11071,-23.3842,3.36427,18.4841,-4.19279,5.39986,-5.15253,
2.06139,-23.3599,3.40015,18.5631,-4.17449,4.53417,-4.55309,
2.1465,-23.3306,3.28304,18.4477,-4.00299,5.64479,-5.62133,
2.15057,-23.3396,3.24882,18.4119,-3.91785,5.60222,-4.33824,
2.15486,-23.3064,3.23184,18.3562,-3.84305,5.81484,-4.73133,
2.15863,-23.2899,3.20654,18.2229,-3.65893,6.46242,-4.21156,
2.02449,-23.1606,3.37554,18.55,-3.71183,3.68572,-6.17143,
2.02554,-23.147,3.35521,18.6899,-3.67749,2.95248,-6.48841,
1.98946,-23.2298,3.37979,18.6359,-3.61797,3.00241,-5.58153,
2.09424,-23.2586,3.18793,18.5036,-3.32653,4.22612,-4.04431,
2.0356,-23.2588,3.22238,18.3681,-3.21767,3.83899,-1.64028,
2.05827,-23.1376,3.09422,18.1714,-2.78383,4.32998,-3.94869,
1.92133,-23.0943,3.24082,18.4665,-2.7603,2.15956,-6.22252,
2.01661,-23.1812,3.09231,18.3006,-2.51897,2.72145,-1.79085,
1.93843,-23.1573,3.01631,18.1607,-2.09141,2.066,-0.438977,
1.90987,-23.0999,2.92577,18.1257,-1.76481,1.98242,-1.09462,
1.91393,-23.1004,2.92118,18.1658,-1.76262,2.08639,-1.31955,
1.91818,-23.1041,2.91409,18.2033,-1.75384,2.15696,-1.38097,
1.9178,-23.1081,2.91347,18.2379,-1.74917,2.21431,-1.43859,
1.9269,-23.1057,2.90421,18.276,-1.73451,2.3095,-1.75576,
1.94834,-23.1278,2.93405,18.3208,-1.85815,2.42768,-1.27681,
1.93357,-23.1146,2.90778,18.3645,-1.78335,2.54889,-2.10595,
1.96053,-23.1358,2.97994,18.4445,-2.02076,2.83615,-2.5782,
2.00524,-23.1436,3.0173,18.5284,-2.18728,3.10305,-3.17442,
2.01609,-23.1591,3.0658,18.6087,-2.38201,3.38386,-3.69913,
2.04246,-23.1772,3.11039,18.6798,-2.55996,3.64812,-4.11016,
2.05532,-23.1947,3.15501,18.7415,-2.71547,3.89044,-4.39466,
2.07272,-23.1796,3.12981,18.7654,-2.66669,3.97743,-4.89071,
2.07659,-23.1937,3.13426,18.766,-2.6218,3.81697,-4.1373,
2.0715,-23.1896,3.12271,18.7775,-2.55678,3.57713,-3.50293,
2.06259,-23.1659,3.09757,18.7973,-2.46059,3.39228,-3.78776,
2.09598,-23.1724,3.10003,18.7863,-2.47307,3.75134,-4.32452,
2.07566,-23.1803,3.13671,18.8105,-2.48874,3.49595,-4.13608,
2.09564,-23.1744,3.0902,18.8109,-2.45835,3.93217,-4.33015,
2.10599,-23.1781,3.08972,18.8016,-2.42555,3.99274,-4.2435,
2.08671,-23.1781,3.11825,18.8393,-2.40318,3.53632,-3.84408,
2.05246,-23.1739,3.15347,18.905,-2.41196,3.03365,-3.5753,
2.07835,-23.1656,3.11754,18.8794,-2.37127,3.60676,-4.28298,
2.09504,-23.1632,3.10941,18.883,-2.36758,3.63619,-4.20336,
2.09117,-23.1688,3.13435,18.8938,-2.37191,3.54668,-4.10378,
2.10767,-23.1662,3.12135,18.8886,-2.33069,3.60157,-4.11944,
2.09218,-23.1664,3.13388,18.9307,-2.31943,3.24808,-3.4019,
2.08377,-23.1538,3.13185,18.9196,-2.26293,3.34744,-4.04079,
2.09104,-23.1509,3.13628,18.9355,-2.26649,3.33517,-4.00602,
2.12881,-23.1486,3.14067,18.945,-2.25721,3.31981,-4.00381,
2.09934,-23.1472,3.1427,18.9518,-2.24921,3.31615,-3.93537,
2.0984,-23.1447,3.14737,18.9537,-2.23938,3.32665,-3.83919,
2.11877,-23.1305,3.12867,18.956,-2.19698,3.45659,-4.24612,
2.13766,-23.1349,3.10871,18.9674,-2.15382,3.34787,-3.71328,
2.11129,-23.1442,3.13789,18.9913,-2.15769,3.1157,-3.24907,
2.11942,-23.1265,3.12153,18.9872,-2.11378,3.24933,-3.81361,
2.13387,-23.1253,3.10561,19.0007,-2.07466,3.22333,-3.57,
2.21733,-23.1302,3.10722,19.0225,-2.07501,3.13152,-3.37148,
2.13449,-23.1327,3.10304,18.9994,-2.02988,3.31093,-3.61184,
2.10829,-23.1408,3.12534,19.0193,-2.02216,3.00649,-2.88861,
2.13645,-23.1218,3.0865,18.9387,-1.89363,3.58996,-3.32606,
2.13821,-23.0546,3.25417,19.2587,-2.08148,1.49957,-4.82331,
2.2708,-23.1261,3.15299,19.0958,-2.05545,2.99044,-3.40703,
2.14047,-23.1179,3.14648,19.0739,-2.0062,2.98095,-3.4833,
2.14949,-23.1125,3.13515,19.0841,-1.96412,2.94393,-3.36593,
2.14204,-23.1134,3.13788,19.1101,-1.93778,2.68338,-2.99937,
2.13476,-23.1178,3.1477,19.0983,-1.93065,2.81244,-3.32549,
2.14239,-23.1098,3.14088,19.1304,-1.9122,2.79238,-3.43473,
2.13481,-23.1147,3.14809,19.1547,-1.88434,2.60931,-3.1184,
2.13403,-23.1125,3.14244,19.1736,-1.86142,2.64331,-3.17629,
2.15195,-23.1124,3.12356,19.173,-1.84841,2.95862,-3.55661,
2.14888,-23.1179,3.13947,19.1973,-1.85169,2.84556,-3.46425,
2.15579,-23.1197,3.13659,19.2139,-1.84443,2.84097,-3.39988,
2.15646,-23.1233,3.14088,19.2243,-1.82892,2.83461,-3.39568,
2.1534,-23.1272,3.14421,19.2384,-1.81652,2.81321,-3.24411,
2.16192,-23.118,3.13655,19.2638,-1.81034,2.82459,-3.49203,
2.15987,-23.1249,3.13884,19.2776,-1.79893,2.85431,-3.45674,
2.16236,-23.1229,3.12839,19.2949,-1.75727,2.8175,-3.36718,
2.15506,-23.1266,3.1334,19.3012,-1.7178,2.69423,-3.23716,
2.1562,-23.1261,3.13254,19.3123,-1.69301,2.5893,-2.97938,
2.15935,-23.1221,3.13131,19.3234,-1.67492,2.5484,-2.99609,
2.15603,-23.1233,3.13881,19.3392,-1.68036,2.47958,-2.88835,
2.1639,-23.117,3.13319,19.3447,-1.66415,2.6746,-3.34327,
2.16306,-23.1184,3.13165,19.3745,-1.63064,2.52533,-3.07017,
2.16402,-23.1183,3.12828,19.3912,-1.61326,2.45297,-2.96144,
2.1718,-23.1203,3.12921,19.3839,-1.60732,2.67944,-3.3742,
2.17111,-23.1232,3.13181,19.4173,-1.60416,2.48198,-3.04381,
2.17557,-23.1228,3.12633,19.4181,-1.58298,2.57681,-3.18995,
2.16946,-23.127,3.13076,19.4218,-1.54248,2.48686,-3.10046,
2.38774,-23.1261,3.12364,19.4397,-1.50926,2.40164,-2.8986,
2.42595,-23.1232,3.12978,19.451,-1.49039,2.37902,-2.99943,
2.46189,-23.1196,3.12516,19.4737,-1.48385,2.33442,-3.01776,
2.17562,-23.1204,3.1192,19.474,-1.46334,2.48883,-3.26986,
2.17171,-23.1241,3.11655,19.4931,-1.42683,2.33478,-2.95635,
2.17551,-23.1229,3.10724,19.5022,-1.40447,2.27095,-2.94637,
2.16164,-23.1315,3.12611,19.4972,-1.38668,2.2423,-2.93518,
2.16594,-23.1241,3.11038,19.5164,-1.35287,2.33306,-3.13923,
2.15148,-23.1276,3.11922,19.5356,-1.32806,2.20192,-3.02136,
2.15682,-23.1231,3.1083,19.5439,-1.29923,2.19013,-3.06199,
2.14706,-23.125,3.11315,19.5558,-1.2841,2.13848,-3.02202,
2.1415,-23.1227,3.11137,19.5633,-1.25977,2.10872,-3.09784,
2.54118,-23.1212,3.10822,19.5694,-1.237,2.09255,-3.13735,
2.37373,-23.1196,3.09999,19.5768,-1.20236,2.05588,-3.13129,
2.12168,-23.1184,3.09736,19.5816,-1.17748,2.01356,-3.12049,
2.11592,-23.1116,3.0879,19.5915,-1.14478,2.00331,-3.23585,
2.10725,-23.1088,3.07884,19.5963,-1.10986,1.96594,-3.24685,
2.09842,-23.1059,3.06716,19.5992,-1.0691,1.91147,-3.23306,
2.08769,-23.1049,3.0558,19.5993,-1.0035,1.82718,-3.31187,
2.08893,-23.1119,3.03301,19.6001,-0.90004,1.68135,-3.25918,
2.08021,-23.1285,3.02583,19.6128,-0.845909,1.44302,-2.6443,
2.06409,-23.1791,3.03893,19.5359,-0.925194,1.47127,0.34194,
2.08807,-23.0827,3.16715,19.4171,-0.610206,1.48115,-6.06375,
2.13294,-23.2072,3.13168,19.4075,-0.871375,0.116399,4.1469,
0.750235,-23.6194,5.44832,18.6467,-1.88842,-5.71351,-12,
2.1806,-23.0485,3.12477,19.5314,-0.798328,0.764388,0.153179,
2.19083,-23.0549,3.12805,19.5573,-0.818019,0.830662,0.19598,
2.20155,-23.0553,3.11266,19.5752,-0.789036,0.842359,0.332812,
2.2481,-23.049,3.05695,19.5964,-0.791052,0.873658,0.482727,
2.19999,-23.0785,3.12238,19.5809,-0.7844,0.727143,-0.0945864,
2.19613,-23.0908,3.12104,19.5928,-0.767878,0.702725,-0.263207,
2.15951,-23.1107,3.15396,19.5967,-0.697614,0.637708,-0.570097,
2.2073,-23.1011,3.07897,19.6412,-0.653475,0.739497,0.169233,
2.21079,-23.1097,3.06768,19.6531,-0.601329,0.707073,0.275515,
2.22032,-23.1176,3.05589,19.6714,-0.561554,0.681399,0.450456,
2.2343,-23.125,3.04279,19.6952,-0.534941,0.644877,0.704368,
2.23864,-23.128,3.03774,19.7347,-0.595134,0.66555,1.16616,
2.28586,-23.1167,2.9816,19.7145,-0.650336,1.25728,0.489285,
2.13541,-23.1179,3.1824,19.8086,-0.69206,0.426491,-2.41041,
2.20508,-23.1381,3.0963,19.7876,-0.772852,1.32457,-1.64955,
2.22789,-23.1335,3.04796,19.7767,-0.719684,1.42835,-2.15716,
2.17425,-23.1629,3.09792,19.7601,-0.606093,1.09366,-2.00146,
2.23096,-23.1548,2.99797,19.8055,-0.540942,0.961737,-0.245904,
2.23065,-23.1629,2.97222,19.8117,-0.47166,0.904869,-0.15456,
2.23522,-23.1709,2.95371,19.8223,-0.437934,0.893663,-0.174155,
2.23926,-23.1839,2.93761,19.8285,-0.418277,0.874074,-0.10752,
2.24259,-23.2022,2.91833,19.8366,-0.44258,0.799491,-0.0276006,
2.12945,-23.2339,3.02495,19.8427,-0.396091,0.60742,-2.13622,
2.24037,-23.2274,2.83592,19.8372,-0.0641524,1.49349,-1.72535,
2.21122,-23.269,2.85888,19.9521,-0.150941,-0.0982618,2.86372,
2.25479,-23.2397,2.75537,19.971,-0.102585,1.05637,0.818834,
2.31007,-23.2346,2.67043,20.0078,-0.218864,1.22867,1.09824,
2.23355,-23.2699,2.73826,19.8527,0.0506026,1.87746,-3.47688,
2.16753,-23.3131,2.85395,19.966,-0.0185822,0.495465,-1.76121,
2.13037,-23.3242,2.83656,20.0749,0.0523742,0.0439485,-0.500619,
2.32784,-23.2978,2.51614,20.089,0.16476,1.30556,1.76374,
2.3279,-23.3124,2.49199,20.0155,0.328989,1.61075,1.08247,
2.06518,-23.3047,2.79498,20.2079,0.265244,-0.0706818,0.175909,
2.68888,-23.0776,1.96119,20.3762,0.357299,2.79161,0.11972,
2.22111,-23.3964,2.67787,19.8845,0.227689,0.675433,-1.17625,
2.2976,-23.3821,2.58539,19.9446,0.204476,0.673074,0.242637,
2.34051,-23.3917,2.53788,19.9483,0.147892,0.548789,0.466897,
2.23068,-23.4685,2.69315,19.8573,0.171446,0.367489,-1.13974,
2.28033,-23.5035,2.64421,19.8908,0.109602,0.198306,-0.370098,
1.82727,-23.6274,3.16341,19.9014,0.145031,-0.856096,-1.60112,
2.33347,-23.3336,2.41627,20.2325,0.353116,2.19883,0.107985,
2.4173,-23.2789,2.34957,20.1566,0.543814,2.34109,-1.09625,
2.49872,-23.2755,2.34628,20.2564,0.239892,0.981763,-0.857571,
2.29378,-23.5412,2.69214,19.9311,0.0228317,-0.310905,-0.430799,
1.67011,-23.679,3.39787,19.9706,0.0710874,-1.56168,-6.78018,
2.16604,-23.4672,2.49741,20.2674,0.618367,0.901616,-0.727333,
2.14654,-23.4429,2.39099,20.2538,0.883658,0.191879,1.51325,
2.11676,-23.4244,2.34585,20.2298,1.03613,-0.0262234,1.76246,
2.11366,-23.4188,2.3374,20.2247,1.06332,-0.0393757,1.6369,
2.09863,-23.4241,2.36432,20.2306,1.04337,-0.151754,1.66637,
2.0609,-23.4235,2.4248,20.1883,1.09785,0.526121,-1.33245,
2.1443,-23.4358,2.46747,20.2989,0.83055,0.579567,-0.0351522,
2.13874,-23.426,2.45208,20.2933,0.906781,0.443709,0.243978,
2.15358,-23.4179,2.44779,20.3198,0.832277,0.345546,0.677922,
2.138,-23.4104,2.45869,20.3251,0.853841,0.284365,0.662979,
2.14043,-23.4,2.46799,20.3354,0.836094,0.27672,0.682247,
2.1169,-23.3934,2.51959,20.3228,0.776332,0.535007,-0.649768,
2.19017,-23.3808,2.51068,20.3666,0.58057,0.739112,-0.645689,
2.2771,-23.3743,2.42267,20.3351,0.659751,0.976217,-1.49463,
2.00429,-23.5587,2.85725,20.2006,0.460323,-0.351056,-0.298895,
2.13255,-23.4324,2.5997,20.3513,0.631315,0.428277,-0.52478,
2.13012,-23.4373,2.62605,20.3676,0.586808,0.462946,-0.693504,
2.14011,-23.437,2.63565,20.3897,0.54745,0.517284,-0.773128,
2.12582,-23.4463,2.67407,20.372,0.654134,0.652146,-1.52135,
2.21388,-23.4388,2.62679,20.5024,0.413306,0.155102,1.683,
2.102,-23.4274,2.61269,20.4038,0.655036,0.404698,-1.01489,
2.14145,-23.4509,2.70104,20.464,0.410932,0.400955,-0.461672,
2.13316,-23.439,2.69081,20.4689,0.408824,0.679253,-1.24483,
2.14739,-23.4381,2.71841,20.4979,0.301868,0.848819,-1.58142,
2.15693,-23.4398,2.73124,20.4773,0.377531,1.12398,-2.50541,
2.24729,-23.4374,2.70364,20.6016,0.0712764,0.640303,0.249484,
2.08896,-23.4355,2.68094,20.4333,0.592524,1.11461,-3.22222,
2.20827,-23.4582,2.80622,20.6046,0.118923,0.920175,-1.38501,
2.18027,-23.4564,2.72057,20.5923,0.245998,0.490848,0.215991,
2.08669,-23.4564,2.70227,20.4796,0.537642,0.840367,-2.11591,
2.18541,-23.4676,2.77018,20.6014,0.225373,0.799895,-0.790448,
2.15981,-23.4628,2.71447,20.5847,0.393167,0.605423,-0.260971,
2.14488,-23.4646,2.70125,20.5798,0.444493,0.543916,-0.153363,
2.1407,-23.467,2.70782,20.5906,0.439966,0.541482,-0.0537833,
2.14142,-23.4572,2.71029,20.6219,0.468573,0.575412,-0.55026,
2.17088,-23.47,2.73027,20.6449,0.40164,0.614867,0.0286226,
2.17856,-23.465,2.70007,20.6603,0.481525,0.517163,0.560644,
2.1913,-23.4583,2.6683,20.7093,0.423328,0.27123,1.66661,
2.13816,-23.4595,2.67729,20.6523,0.451984,0.669951,-0.00406111,
2.21231,-23.4518,2.70194,20.6782,0.209105,1.20071,-0.507018,
2.28454,-23.4598,2.67508,20.5795,0.314634,1.73182,-1.90886,
2.09002,-23.5204,3.07,20.8452,-0.133774,-1.02736,-0.651246,
2.15746,-23.5227,2.83412,20.6927,0.210725,1.11335,-1.44985,
2.21291,-23.4959,2.82487,20.8213,0.115445,0.94586,-0.55752,
2.20365,-23.4859,2.78321,20.8214,0.238368,0.844544,-0.269896,
2.22433,-23.4782,2.75439,20.8393,0.281814,0.802869,-0.186665,
2.23498,-23.492,2.75685,20.8614,0.171706,0.615454,0.960786,
2.21004,-23.4825,2.70403,20.857,0.282046,0.366715,1.80178,
2.1768,-23.4806,2.69118,20.7784,0.286229,1.06958,-0.334996,
2.24221,-23.4723,2.74421,20.7805,0.181279,1.62042,-0.852236,
2.3749,-23.4529,2.65766,20.7571,0.19804,1.72975,0.0788593,
2.11787,-23.4851,2.95634,20.926,0.0634868,-0.824891,0.880281,
2.31518,-23.476,2.63368,20.708,0.394444,1.75446,-1.34448,
2.07298,-23.5529,3.13883,20.99,-0.104911,-1.08526,-0.75931,
2.23317,-23.5424,2.85749,20.8844,0.109717,1.14701,-0.999434,
2.2761,-23.5384,2.83557,20.9591,0.0892709,0.890472,0.355183,
2.26624,-23.5299,2.78028,20.9785,0.164226,0.568731,1.57419,
2.22307,-23.5236,2.77626,20.9354,0.221119,0.821681,0.406819,
2.28148,-23.5128,2.7834,20.9785,0.0358056,1.12611,0.104568,
2.38639,-23.5106,2.70472,20.9585,-0.0596629,1.35255,-0.804489,
2.13515,-23.617,3.06074,20.9662,-0.00735384,-0.434387,0.290237,
2.25511,-23.571,2.82296,20.9752,0.173322,0.668064,0.780836,
2.25314,-23.5759,2.81079,21.0107,0.141235,0.463579,1.62255,
2.22837,-23.5758,2.80597,20.986,0.155664,0.777454,0.482874,
2.26272,-23.5809,2.83548,21.0081,0.0139221,1.04988,0.120702,
2.24343,-23.5942,2.89494,20.9678,0.0949668,1.28605,-0.838574,
2.29471,-23.5554,2.90173,21.1434,-0.0408306,0.695052,0.794271,
2.32961,-23.5182,2.76181,21.1499,0.06793,0.845133,1.73784,
2.40586,-23.5195,2.65519,21.0272,0.116569,1.42471,0.237679,
2.13644,-23.6773,3.11395,20.8872,0.0340278,0.338218,-0.669075,
2.44406,-23.5365,2.76163,21.1927,-0.0512385,0.745504,1.40405,
2.15325,-23.6975,3.07542,20.9656,0.0296637,-0.324816,1.42794,
2.33532,-23.5958,2.82714,21.1131,0.044338,0.952844,1.46827,
2.35069,-23.579,2.87011,21.0855,-0.100226,1.37267,-3.13844,
2.17137,-23.7545,3.26354,21.0246,-0.34019,0.734238,-2.44527,
2.34381,-23.6241,2.98881,21.2485,-0.194953,1.01481,-0.225295,
2.32762,-23.6129,2.93889,21.2225,0.0604183,0.93991,0.647883,
2.45998,-23.5526,2.76138,21.3588,-0.098829,0.438855,4.37885,
2.37106,-23.5444,2.82972,21.157,0.0930188,1.41125,-3.4342,
2.35998,-23.6986,3.08166,21.1723,-0.424412,0.718069,-1.01406,
2.18883,-23.741,3.2148,21.0796,-0.144326,0.475554,-1.32047,
2.51096,-23.576,2.79027,21.3524,-0.177803,1.11232,1.29086,
2.48126,-23.5787,2.73544,21.3634,-0.111514,0.518779,4.66156,
2.35532,-23.5533,2.84619,21.2018,0.112253,1.40708,-5.11935,
2.36557,-23.7368,3.13502,21.2132,-0.575316,0.755457,-1.79976,
2.15245,-23.8006,3.26894,21.0796,-0.180129,0.413761,-2.50907,
2.34132,-23.6641,3.00263,21.3204,-0.0691527,0.931814,-0.0930908,
2.45964,-23.601,2.88814,21.297,-0.298401,0.557758,2.76762,
2.26146,-23.5331,3.02636,21.2238,-0.0503677,0.806092,-7.08535,
2.42125,-23.7244,3.27045,21.3083,-0.952094,1.28006,-3.00857,
2.35262,-23.6731,3.07424,21.2853,-0.293779,0.808475,-1.24301,
2.33034,-23.656,3.00148,21.2439,-0.0678857,0.508618,-0.456465,
2.3507,-23.6308,2.91287,21.2904,0.022731,0.340881,1.14417,
2.32458,-23.618,2.87589,21.2458,0.0951733,0.489839,0.504543,
2.43052,-23.6065,2.81044,21.2454,-0.0338871,0.695858,0.129879,
2.29382,-23.7217,3.04531,21.1245,-0.164416,-0.0117044,-1.08578,
2.16564,-23.7928,3.25582,21.1253,-0.200817,0.0279608,-2.5169,
2.35828,-23.7242,3.0716,21.3251,-0.290653,0.629782,-0.403489,
2.31987,-23.7205,2.99408,21.2981,-0.0424743,0.382297,0.165033,
2.31711,-23.7212,2.96659,21.3007,0.0459741,0.268907,0.579004,
2.32834,-23.7215,2.94032,21.3328,0.0136122,0.0755262,1.49912,
2.28501,-23.7268,2.95763,21.2992,0.0739507,0.240102,0.0826589,
2.31387,-23.738,2.99992,21.339,-0.0657225,0.381594,-0.0601774,
2.31087,-23.7435,3.01373,21.356,-0.105558,0.351762,0.0539166,
2.31625,-23.7449,3.00899,21.3565,-0.0874275,0.383183,-0.0757031,
2.31548,-23.7518,3.01963,21.3653,-0.101866,0.372611,-0.0500301,
2.31215,-23.756,3.02937,21.3819,-0.13604,0.338232,0.063514,
2.31458,-23.7553,3.02767,21.3799,-0.122316,0.505114,-0.508513,
2.32074,-23.762,3.03524,21.3948,-0.140701,0.385646,-0.0782184,
2.32002,-23.7656,3.04076,21.4004,-0.147897,0.363251,-0.0151119,
2.31534,-23.7688,3.05068,21.4138,-0.181073,0.327966,0.0707006,
2.31706,-23.7696,3.04828,21.4116,-0.161604,0.364277,-0.0998757,
2.31768,-23.7744,3.05478,21.4231,-0.176018,0.362142,-0.103541,
2.3158,-23.7791,3.06269,21.4334,-0.181909,0.365285,-0.144845,
2.32308,-23.7813,3.05983,21.4481,-0.192171,0.376897,-0.055163,
2.32352,-23.7861,3.06582,21.4565,-0.20156,0.379606,-0.037414,
2.32698,-23.7895,3.06779,21.4674,-0.214533,0.378746,-0.0284878,
2.32519,-23.7952,3.07694,21.4748,-0.225069,0.385012,-0.0679069,
2.32561,-23.7996,3.08266,21.4857,-0.235405,0.387514,-0.0874936,
2.33067,-23.8025,3.08275,21.4986,-0.252085,0.405527,-0.0112024,
2.32573,-23.8068,3.09348,21.5061,-0.265939,0.410789,-0.135203,
2.32928,-23.8081,3.09417,21.5188,-0.289124,0.447639,-0.127434,
2.3326,-23.8094,3.0923,21.5253,-0.310874,0.49723,-0.279212,
2.3228,-23.8163,3.1065,21.5137,-0.263583,0.599902,-0.754316,
2.35449,-23.8107,3.08482,21.5566,-0.279447,0.425013,0.332049,
2.35077,-23.8066,3.09092,21.5382,-0.269138,0.3433,0.420109,
2.34642,-23.8113,3.10291,21.5312,-0.265567,0.276634,0.549996,
2.35356,-23.8086,3.10059,21.5357,-0.258401,0.287542,0.702902,
2.37197,-23.802,3.08713,21.5411,-0.254511,0.32271,0.981271,
2.42019,-23.7918,3.04114,21.5395,-0.27854,0.405358,1.47485,
2.41127,-23.7962,3.07742,21.5459,-0.221137,-0.065155,1.05987,
2.31913,-23.8684,3.21768,21.5546,-0.469167,-0.892603,2.55986,
2.27182,-23.8333,3.25795,21.5235,-0.382294,0.186129,-2.47889,
2.37618,-23.8405,3.15593,21.5278,-0.408768,-0.0125526,0.998997,
2.36878,-23.8244,3.04433,21.5477,-0.260312,0.166328,1.22741,
2.40119,-23.8274,3.00426,21.5408,-0.244779,0.342427,0.536132,
2.26924,-23.9214,3.22743,21.4647,-0.281754,-0.284267,0.440404,
2.35,-23.875,3.12284,21.582,-0.266868,-0.0723784,1.38552,
2.34453,-23.8807,3.09325,21.594,-0.198854,-0.104112,1.68377,
2.34737,-23.8852,3.08819,21.6112,-0.178128,-0.0647874,1.79861,
2.36444,-23.884,3.0776,21.6324,-0.168753,0.0185241,1.94565,
2.43511,-23.8772,3.00869,21.6483,-0.147049,0.16318,2.19992,
2.28306,-23.9514,3.23468,21.6567,-0.229521,-1.0957,2.81649,
2.41359,-23.9237,3.04256,21.671,-0.467263,0.656053,4.6895,
2.51662,-23.7277,2.84484,21.8024,-0.0526485,2.06517,-2.80236,
2.38539,-23.8809,3.33956,21.8994,-0.623138,-0.566958,-0.395725,
2.42054,-23.9157,3.20158,21.722,-0.501115,0.24194,0.343723,
2.44203,-23.8921,3.13966,21.7714,-0.393484,-0.303696,2.07829,
2.39582,-23.9249,3.16494,21.6806,-0.353174,-0.294749,1.57356,
2.39822,-23.9345,3.1824,21.7014,-0.410379,-0.264543,1.46374,
2.39994,-23.9425,3.18754,21.6996,-0.436971,-0.0422146,0.828819,
2.40477,-23.9525,3.19541,21.6995,-0.430338,0.125573,0.17282,
2.36008,-23.9699,3.26056,21.7144,-0.426071,0.0255295,0.149433,
2.31446,-23.9489,3.29783,21.7873,-0.338247,-0.21868,0.425341,
2.66499,-23.8516,2.85304,21.8594,-0.478337,1.01944,3.3788,
2.4228,-23.9539,3.22208,21.6843,-0.478798,0.149649,0.219523,
2.43018,-23.9281,3.22579,21.7808,-0.471892,-0.313332,0.16291,
2.54876,-23.9689,3.09487,21.7035,-0.62436,0.337824,2.35101,
2.39729,-23.9724,3.30359,21.7471,-0.553793,-0.463253,-0.549018,
2.42929,-23.9968,3.2609,21.7632,-0.655282,-0.118119,-0.561496,
2.23618,-24.0322,3.47006,21.7725,-0.550964,-0.403247,-3.66826,
2.36251,-23.9991,3.27928,21.8501,-0.505271,0.379758,-1.10458,
2.39241,-23.9683,3.22694,21.8408,-0.407294,0.243454,-0.176488,
2.68806,-23.9469,2.85084,21.7926,-0.534327,0.692213,5.09717,
2.697,-23.9184,2.78417,21.9192,-0.293373,0.790004,6.06357,
2.4506,-24.0085,3.15291,21.7802,-0.457427,-0.0935904,0.481614,
2.51618,-23.9989,3.08295,21.7958,-0.524034,-0.126971,0.855988,
2.36088,-24.0533,3.29831,21.7303,-0.431072,-0.319321,-1.02964,
2.45727,-24.0296,3.17115,21.7949,-0.499959,-0.143175,0.445609,
2.51958,-24.0326,3.10639,21.8035,-0.593256,-0.237012,0.758953,
2.34977,-24.1127,3.33466,21.7353,-0.573489,-0.594715,-1.33818,
2.08525,-24.1939,3.64073,21.7354,-0.463153,-1.08309,-5.10316,
2.43162,-24.0894,3.15019,21.9051,-0.532277,0.0927774,0.281755,
2.33727,-24.1437,3.13272,21.8338,-0.0907798,0.420424,-2.84982,
2.22672,-24.1507,3.30178,22.0808,-0.227311,-1.59043,-0.0764354,
2.35955,-24.181,3.02238,22.0183,-0.096408,0.432162,0.102633,
2.40326,-24.1844,2.95237,22.0348,-0.0670483,0.521593,2.07443,
2.4388,-24.1367,2.88694,22.1282,-0.113339,0.464437,3.28841,
2.47971,-24.0952,2.83868,22.118,-0.19861,1.11937,1.74045,
2.60167,-24.0656,2.69838,21.939,0.00226986,2.44495,0.369378,
2.44673,-24.0089,2.97304,22.2416,-0.0457569,-1.33198,2.32063,
2.42782,-24.1338,3.05701,21.9572,-0.26449,-0.0665098,0.388225,
2.41924,-24.1406,3.07304,21.9667,-0.232045,-0.231826,0.546876,
2.43431,-24.1435,3.06362,21.977,-0.232829,-0.220156,0.863681,
2.47853,-24.1418,3.02265,21.995,-0.313588,-0.204767,1.56634,
2.42776,-24.1607,3.10447,21.9709,-0.307412,-0.256796,0.164011,
2.43428,-24.1708,3.10604,21.9767,-0.328843,-0.242659,0.161723,
2.43551,-24.1878,3.1118,21.973,-0.342956,-0.276633,0.15275,
2.43951,-24.2124,3.11454,21.9684,-0.372208,-0.369859,0.140202,
2.42359,-24.2561,3.1426,21.9676,-0.447507,-0.630536,-0.0261563,
2.04526,-24.316,3.55142,21.9785,-0.247357,-1.18873,-6.97046,
2.42619,-24.2479,3.15175,22.1747,-0.477262,0.359446,-0.415215,
2.33279,-24.2484,2.95436,22.1213,0.0704329,-0.251839,0.247671,
2.3175,-24.2523,2.92494,22.1201,0.148881,-0.341556,0.333818,
2.31478,-24.2577,2.92274,22.1284,0.15236,-0.343124,0.32079,
2.31461,-24.2638,2.92504,22.1389,0.142589,-0.327361,0.292541,
2.31712,-24.2689,2.92541,22.1488,0.130485,-0.317914,0.289321,
2.31431,-24.2763,2.93284,22.1555,0.12022,-0.30995,0.260033,
2.31579,-24.2817,2.93404,22.1653,0.10879,-0.299852,0.263366,
2.31413,-24.2884,2.93894,22.1734,0.0991831,-0.291991,0.235877,
2.31442,-24.2945,2.94122,22.1827,0.0891563,-0.283303,0.221161,
2.31349,-24.3015,2.94506,22.1911,0.0791285,-0.2748,0.21624,
2.31281,-24.3083,2.94796,22.2001,0.0707006,-0.268393,0.20236,
2.31312,-24.3156,2.94986,22.2093,0.0623674,-0.264278,0.1969,
2.31165,-24.3241,2.9542,22.2182,0.0545639,-0.262992,0.198791,
2.30977,-24.3335,2.9588,22.2285,0.0487139,-0.274567,0.196375,
2.29921,-24.3444,2.97343,22.243,0.0333073,-0.306561,0.2705,
2.29518,-24.3515,2.98029,22.2492,0.0251858,-0.299551,0.217061,
2.30729,-24.3485,2.96138,22.2715,0.0213637,-0.143461,0.0847979,
2.31177,-24.3527,2.9593,22.2838,0.00623,-0.116152,0.156623,
2.30895,-24.3585,2.96372,22.2919,-0.00610058,-0.0997325,0.1126,
2.30638,-24.363,2.9673,22.3009,-0.0193736,-0.0738326,0.0496945,
2.30799,-24.366,2.96554,22.3093,-0.0322241,-0.0309424,-0.0158093,
2.31477,-24.3707,2.95895,22.3064,-0.0114475,0.0482935,-0.213733,
2.30103,-24.3812,2.98869,22.3346,-0.0638108,-0.256413,0.56163,
2.29765,-24.371,2.98625,22.3161,-0.0757523,-0.0307667,-0.156244,
2.30639,-24.3745,2.98568,22.3146,-0.0602574,-0.176288,0.258566,
2.30111,-24.3797,2.99118,22.3178,-0.0601404,-0.184926,0.248315,
2.30185,-24.3836,2.99002,22.329,-0.0653622,-0.168526,0.261469,
2.30115,-24.3876,2.99143,22.3401,-0.0703863,-0.146294,0.267408,
2.30397,-24.3893,2.98858,22.3534,-0.0760855,-0.116133,0.292602,
2.32056,-24.3886,2.9709,22.3679,-0.0915528,-0.0777334,0.347763,
2.32044,-24.3941,2.97102,22.3782,-0.0969671,-0.0638035,0.347732,
2.32264,-24.3996,2.96912,22.3896,-0.10533,-0.0470044,0.357307,
2.30305,-24.4194,3.0012,22.3768,-0.121601,-0.113014,0.246856,
2.30398,-24.4253,3.00534,22.3871,-0.139746,-0.089367,0.228323,
2.30162,-24.432,3.01056,22.3965,-0.156277,-0.0643212,0.192512,
2.30044,-24.4374,3.01263,22.4073,-0.176418,-0.0343654,0.125224,
2.29525,-24.4436,3.01894,22.4154,-0.200562,0.00835241,0.00170018,
2.29238,-24.4486,3.0213,22.4207,-0.218671,0.080214,-0.215432,
2.29386,-24.4564,3.02195,22.4071,-0.177679,0.228112,-0.548599,
2.31289,-24.4515,3.01932,22.4736,-0.270413,-0.177412,1.10673,
2.27457,-24.4451,3.05114,22.3521,-0.201285,0.0731434,-0.834249,
2.30617,-24.4408,3.07,22.3941,-0.27506,-0.239652,0.623003,
2.29322,-24.4337,3.07542,22.3663,-0.251149,-0.380416,0.612918,
2.28914,-24.4373,3.06914,22.3728,-0.238791,-0.39358,0.609845,
2.28233,-24.4456,3.06121,22.3864,-0.215953,-0.377303,0.578094,
2.2915,-24.4517,3.04739,22.4074,-0.225524,-0.291378,0.690264,
2.28981,-24.4593,3.03643,22.423,-0.213438,-0.274414,0.744057,
2.2886,-24.4672,3.0311,22.4389,-0.210898,-0.250585,0.734306,
2.29018,-24.4757,3.0294,22.4561,-0.220678,-0.218393,0.706301,
2.28396,-24.4867,3.03942,22.4717,-0.233093,-0.190796,0.646888,
2.28376,-24.4955,3.04372,22.4876,-0.244077,-0.141197,0.56676,
2.29105,-24.5031,3.04065,22.5068,-0.26408,-0.0894648,0.672609,
2.28741,-24.5109,3.03355,22.5192,-0.251994,-0.0775467,0.664554,
2.28941,-24.5184,3.03016,22.5344,-0.259123,-0.046713,0.693327,
2.29005,-24.5259,3.02588,22.548,-0.262161,-0.0247373,0.68676,
2.28914,-24.5349,3.02739,22.5602,-0.270479,0.000930068,0.65499,
2.28854,-24.5438,3.03059,22.573,-0.282653,0.032194,0.620977,
2.28924,-24.5519,3.03189,22.5866,-0.295081,0.0641726,0.595699,
2.28773,-24.5605,3.03488,22.5986,-0.30129,0.0948931,0.542135,
2.29283,-24.5673,3.03235,22.6145,-0.31403,0.129619,0.613589,
2.2934,-24.5741,3.02432,22.6262,-0.310326,0.137032,0.663601,
2.28966,-24.5826,3.02405,22.6349,-0.30877,0.143742,0.652138,
2.2889,-24.5903,3.02556,22.6457,-0.315981,0.164194,0.630613,
2.29013,-24.5959,3.0245,22.6545,-0.323196,0.169002,0.661499,
2.29053,-24.6022,3.02461,22.6616,-0.330546,0.170228,0.655704,
2.28581,-24.6105,3.03155,22.6663,-0.333848,0.172695,0.613885,
2.28918,-24.6156,3.02908,22.6767,-0.342952,0.179732,0.699936,
2.2879,-24.6219,3.03063,22.6827,-0.346868,0.179552,0.680688,
2.28704,-24.6284,3.03271,22.6899,-0.351753,0.182564,0.704067,
2.28812,-24.6339,3.03211,22.6982,-0.357922,0.185201,0.745409,
2.28708,-24.6399,3.03423,22.7047,-0.362155,0.186911,0.736466,
2.29061,-24.6451,3.03171,22.7135,-0.36996,0.189567,0.781614,
2.2888,-24.6525,3.03645,22.7183,-0.377903,0.188238,0.778604,
2.28662,-24.6595,3.04128,22.7242,-0.385047,0.189302,0.765799,
2.28651,-24.6655,3.04328,22.7319,-0.393105,0.194312,0.766161,
2.28631,-24.6716,3.04551,22.7395,-0.400685,0.199536,0.761037,
2.28598,-24.6779,3.04818,22.7466,-0.404537,0.206502,0.741026,
2.28913,-24.6834,3.04792,22.7562,-0.412461,0.209817,0.84751,
2.29017,-24.689,3.0486,22.763,-0.417214,0.207897,0.859072,
2.29057,-24.6953,3.0515,22.7699,-0.422146,0.206392,0.870047,
2.29076,-24.7019,3.05548,22.7772,-0.425137,0.202265,0.887605,
2.293,-24.7077,3.05769,22.7869,-0.426777,0.191873,0.93638,
2.29606,-24.7131,3.06015,22.8011,-0.435591,0.158597,1.04557,
2.29118,-24.7164,3.07073,22.8315,-0.509497,0.04743,1.3698,
2.28329,-24.7188,3.05935,22.8202,-0.493748,0.0262771,1.33159,
2.26166,-24.736,3.06986,22.7656,-0.447966,0.493066,-0.484339,
2.29423,-24.7282,3.09754,22.7863,-0.520956,0.126958,0.999898,
2.28523,-24.7279,3.0969,22.7685,-0.501509,0.0183918,1.0486,
2.28077,-24.7328,3.09413,22.7734,-0.491935,0.00385899,0.993758,
2.27816,-24.7402,3.09661,22.784,-0.490993,0.0223138,0.944671,
2.28187,-24.7465,3.09318,22.7987,-0.495258,0.0440074,1.01596,
2.28245,-24.7533,3.09397,22.8123,-0.49857,0.0563517,1.04909,
2.28363,-24.76,3.09588,22.8262,-0.512086,0.0429825,1.14303,
2.27888,-24.7619,3.10247,22.8573,-0.582374,-0.0132667,1.29641,
2.2709,-24.7702,3.09086,22.8327,-0.50539,0.100345,0.855829,
2.27745,-24.7769,3.09422,22.8454,-0.527451,0.122131,0.96079,
2.27687,-24.7844,3.09647,22.8569,-0.533904,0.148866,0.928937,
2.27722,-24.7919,3.09918,22.8669,-0.543436,0.165702,0.971305,
2.27829,-24.7976,3.09956,22.8767,-0.55036,0.180751,0.963813,
2.27946,-24.8036,3.09987,22.8878,-0.556738,0.19979,0.945782,
2.27921,-24.811,3.10208,22.8987,-0.562436,0.219595,0.952819,
2.28233,-24.8167,3.10037,22.9099,-0.57008,0.236901,0.987651,
2.28176,-24.8238,3.10363,22.9183,-0.57674,0.246823,0.984192,
2.2847,-24.8295,3.10273,22.9287,-0.584252,0.262965,0.976404,
2.28327,-24.8379,3.10844,22.9357,-0.592455,0.269635,0.982486,
2.28489,-24.8448,3.10886,22.9461,-0.599285,0.283449,0.985834,
2.28461,-24.8524,3.11216,22.9553,-0.60588,0.295675,0.984952,
2.28614,-24.8594,3.11315,22.9657,-0.61185,0.30828,0.989687,
2.2854,-24.867,3.11746,22.9751,-0.613473,0.319222,0.978862,
2.29191,-24.8711,3.11386,22.9895,-0.619238,0.329113,1.04848,
2.291,-24.8792,3.12097,22.9994,-0.630741,0.306505,1.12671,
2.28946,-24.8817,3.12686,23.0267,-0.69369,0.250784,1.32179,
2.283,-24.8907,3.11954,23.0009,-0.627898,0.325136,1.00343,
2.28669,-24.8966,3.12295,23.0119,-0.631379,0.329457,1.03297,
2.29307,-24.9024,3.12369,23.0252,-0.642083,0.305213,1.20708,
2.28925,-24.9079,3.1339,23.0492,-0.697871,0.211772,1.50828,
2.27955,-24.9199,3.13528,23.0096,-0.673557,0.592593,0.0870531,
2.29277,-24.9163,3.16025,23.0457,-0.761162,0.225666,1.39489,
2.28208,-24.9192,3.14806,23.0093,-0.686767,0.236299,1.06288,
2.2802,-24.9298,3.14973,23.0161,-0.68568,0.229669,1.17365,
2.28292,-24.9359,3.14883,23.0261,-0.684132,0.233042,1.20683,
2.28609,-24.9403,3.14851,23.0421,-0.676127,0.247206,1.18602,
2.29192,-24.9494,3.14887,23.0561,-0.678011,0.200756,1.47744,
2.27551,-24.9581,3.17805,23.0813,-0.727209,-0.034415,2.00878,
2.26353,-24.9607,3.18268,23.0497,-0.738331,0.278821,0.678175,
2.29395,-24.9607,3.16562,23.0333,-0.713103,0.431293,0.40005,
2.28416,-24.9742,3.2075,23.0734,-0.772204,-0.103195,2.18305,
2.27333,-24.9663,3.20953,23.0177,-0.762152,0.0719408,0.938088,
2.27859,-24.972,3.22391,23.0306,-0.803734,0.0680925,1.01278,
2.28133,-24.9814,3.2226,23.0369,-0.803185,0.140182,0.956673,
2.28638,-24.9907,3.22652,23.0589,-0.821825,0.211488,0.903741,
2.28912,-25.0001,3.22764,23.0781,-0.834164,0.26824,0.904604,
2.29156,-25.0082,3.22536,23.0965,-0.84063,0.315447,0.88586,
2.2923,-25.0168,3.22661,23.1131,-0.848528,0.359577,0.860775,
2.29406,-25.0247,3.22673,23.1297,-0.856709,0.40252,0.837841,
2.2963,-25.0324,3.22634,23.1458,-0.865441,0.442734,0.816335,
2.29624,-25.0408,3.22894,23.1605,-0.873027,0.479114,0.776338,
2.29907,-25.0483,3.22863,23.1761,-0.884147,0.517052,0.757486,
2.29964,-25.0566,3.23026,23.1899,-0.892492,0.551217,0.688628,
2.30253,-25.0658,3.23178,23.2022,-0.898998,0.589609,0.600304,
2.30541,-25.069,3.22933,23.2299,-0.891388,0.408766,1.42534,
2.29547,-25.0753,3.23109,23.2027,-0.892147,0.539193,0.753975,
2.29865,-25.0819,3.23637,23.2115,-0.906542,0.554087,0.761245,
2.29993,-25.0889,3.23841,23.221,-0.913774,0.568235,0.764909,
2.30147,-25.0959,3.23871,23.2305,-0.921115,0.580715,0.787652,
2.30029,-25.1032,3.24157,23.239,-0.927485,0.59394,0.76778,
2.30121,-25.1098,3.24155,23.2479,-0.935925,0.613005,0.743734,
2.29938,-25.1174,3.24484,23.2533,-0.940398,0.639922,0.673822,
2.30321,-25.1252,3.24134,23.2517,-0.914581,0.694838,0.534204,
2.30684,-25.1282,3.24639,23.2887,-0.938742,0.443504,1.44036,
2.29715,-25.1348,3.25061,23.268,-0.948824,0.5862,0.744968,
2.29722,-25.1405,3.25797,23.2763,-0.967542,0.613555,0.66544,
2.29874,-25.1467,3.25539,23.2898,-0.959876,0.415318,1.43823,
2.29094,-25.1499,3.25231,23.2759,-0.968161,0.618156,0.613399,
2.29529,-25.1559,3.2555,23.2696,-0.958099,0.692106,0.40697,
2.30152,-25.162,3.25974,23.2851,-0.962296,0.509996,1.13674,
2.31082,-25.1649,3.24473,23.2878,-0.95786,0.489939,1.22356,
2.30592,-25.1697,3.25123,23.3069,-0.99195,0.434101,1.39589,
2.30319,-25.1696,3.24317,23.3169,-0.98711,0.486586,1.19827,
2.30584,-25.1761,3.23091,23.313,-0.952967,0.563712,1.0059,
2.30733,-25.1875,3.23581,23.3151,-0.955995,0.547505,1.10699,
2.31065,-25.195,3.23609,23.3239,-0.959558,0.550043,1.1774,
2.31286,-25.2027,3.23795,23.3335,-0.959717,0.553453,1.22244,
2.31899,-25.2098,3.23594,23.3451,-0.960977,0.549256,1.3208,
2.33927,-25.2159,3.21807,23.3639,-0.98534,0.517428,1.56202,
2.29872,-25.253,3.28284,23.3329,-0.976301,0.392861,0.859931,
2.30677,-25.281,3.28007,23.3251,-0.923125,0.442416,0.709381,
2.21535,-25.3237,3.39834,23.322,-0.946713,0.137644,2.90851,
2.29154,-25.2951,3.33197,23.3314,-1.28031,0.956235,1.38822,
2.40837,-25.1749,3.17058,23.4858,-0.931827,1.19856,-2.36028,
2.27897,-25.3328,3.39756,23.3029,-0.941088,-0.125702,2.04643,
2.15225,-25.3829,3.50428,23.3507,-1.11106,-0.996936,6.60908,
2.56618,-25.1467,2.78644,23.5873,-0.735967,2.47601,-0.439265,
2.26999,-25.3436,3.37807,23.3422,-0.812075,-0.0960526,3.1681,
2.28772,-25.4341,3.41144,23.2206,-1.06196,-1.26159,9.81172,
2.82445,-25.1825,2.61278,23.7638,-1.09461,1.1521,12,
2.33393,-25.3328,3.40493,23.4099,-1.03796,0.519545,0.0597189,
2.32729,-25.3523,3.42062,23.4448,-1.07918,0.0635116,2.92414,
2.38616,-25.3398,3.32829,23.5247,-1.1731,0.490808,2.11023,
2.29515,-25.3555,3.45266,23.5296,-1.12253,0.538016,-0.481555,
2.19308,-25.3844,3.54672,23.5129,-1.04465,0.837797,-1.23748,
2.61429,-25.3104,2.98319,23.5893,-1.48332,1.77415,3.51484,
2.10706,-25.3831,3.73736,23.5088,-0.953143,0.102152,-3.91232,
2.24419,-25.3718,3.48597,23.5799,-1.19531,1.30245,-1.0067,
2.65082,-25.2999,2.95446,23.6038,-1.68766,2.19106,3.32389,
2.21805,-25.3515,3.55803,23.5383,-1.13991,0.623364,-2.54903,
1.9396,-25.3955,3.95871,23.4725,-0.904364,0.422816,-7.44482,
2.20639,-25.3689,3.5167,23.532,-1.14015,1.29842,-2.60826,
2.21787,-25.3543,3.5168,23.5716,-1.1263,0.864504,-1.57091,
2.27736,-25.3698,3.44804,23.5792,-1.24872,0.804056,-0.902739,
2.17249,-25.3888,3.54259,23.5721,-1.07205,0.786438,-2.49268,
2.30016,-25.3932,3.33868,23.5932,-1.34323,0.986934,1.81765,
2.20062,-25.3342,3.46499,23.6082,-0.884377,0.943999,-6.3574,
2.34286,-25.3906,3.3031,23.5818,-1.26857,1.20767,0.315464,
2.20806,-25.4252,3.49872,23.5459,-0.9695,0.634899,-2.00422,
2.25091,-25.4375,3.42581,23.5882,-1.21229,0.321157,3.84622,
2.2614,-25.3808,3.3641,23.6596,-1.16906,0.865402,0.0262152,
2.2825,-25.3726,3.3395,23.6585,-1.03531,1.00504,-1.79965,
2.27923,-25.4147,3.35689,23.6412,-1.08734,0.728152,0.670587,
2.28209,-25.4195,3.3416,23.6504,-1.05655,0.667922,0.872209,
2.31258,-25.4258,3.3109,23.6689,-1.06131,0.627997,1.1173,
2.27963,-25.4596,3.36482,23.6361,-1.07969,0.654449,0.760908,
2.27861,-25.4797,3.36854,23.6371,-1.04238,0.624336,0.911191,
2.26312,-25.506,3.39352,23.6275,-0.952414,0.578002,1.34789,
2.33005,-25.5163,3.32707,23.6845,-1.19815,0.401637,5.97214,
2.47795,-25.4553,3.15255,23.7999,-1.28509,0.780603,4.98088,
2.32692,-25.4616,3.40136,23.7377,-1.16808,0.820913,0.164895,
2.32693,-25.4693,3.3982,23.7513,-1.1729,0.863664,0.172788,
2.31632,-25.4912,3.41261,23.7433,-1.20807,0.949005,0.304606,
2.3153,-25.4913,3.40826,23.7608,-1.20831,0.989969,0.312536,
2.31185,-25.4869,3.4049,23.7811,-1.21529,1.07027,0.303873,
2.31882,-25.4731,3.38461,23.8027,-1.23359,1.23281,0.31255,
2.43246,-25.4462,3.23725,23.8096,-1.28092,1.59629,0.47965,
2.31258,-25.5154,3.41559,23.7133,-1.24246,0.849809,-0.0123358,
2.31512,-25.5247,3.41565,23.7221,-1.25137,0.865998,-0.0269226,
2.31181,-25.5356,3.4121,23.728,-1.24693,0.851967,0.0227345,
2.30806,-25.5473,3.40921,23.7347,-1.24988,0.836002,0.0603266,
2.30004,-25.5602,3.41088,23.7427,-1.27195,0.81751,0.0421758,
2.27147,-25.5741,3.43269,23.7529,-1.31357,0.802742,-0.315127,
2.2227,-25.5644,3.45806,23.7651,-0.996787,0.972421,-4.2685,
2.42348,-25.5961,3.18291,23.7865,-1.25784,0.496178,5.98815,
2.09625,-25.6062,3.70067,23.6489,-1.07975,0.488213,-5.52283,
2.29034,-25.5777,3.39665,23.7784,-1.15951,0.722852,0.50554,
2.29058,-25.5857,3.39346,23.7881,-1.16221,0.742464,0.489648,
2.28907,-25.594,3.39219,23.7972,-1.16546,0.763258,0.460499,
2.28851,-25.6018,3.38879,23.8067,-1.16988,0.787864,0.430403,
2.28683,-25.6099,3.38584,23.8163,-1.17654,0.818783,0.378607,
2.28614,-25.6176,3.38024,23.8254,-1.18455,0.859241,0.296348,
2.29428,-25.626,3.36326,23.8304,-1.18341,0.916834,0.125025,
2.24859,-25.644,3.41487,23.8291,-1.10653,0.826536,-0.0683364,
2.31989,-25.6391,3.31708,23.8774,-1.16475,0.824889,1.33509,
2.28161,-25.6509,3.37105,23.8638,-1.15061,0.860203,0.433332,
2.28027,-25.6548,3.36785,23.8817,-1.1498,0.904729,0.425874,
2.27819,-25.653,3.36372,23.9028,-1.14771,0.962201,0.42315,
2.27354,-25.6419,3.35969,23.9288,-1.1462,1.0727,0.413634,
2.2863,-25.6121,3.32772,23.9582,-1.14926,1.33676,0.494011,
2.56349,-25.5501,2.98655,23.9868,-1.36327,2.00229,3.30805,
2.28339,-25.6573,3.37666,23.8034,-1.17753,0.638011,0.234775,
2.31112,-25.665,3.42117,23.8132,-1.26846,0.775089,-0.0692931,
2.31332,-25.6738,3.42416,23.8225,-1.2756,0.800022,-0.084384,
2.31367,-25.6833,3.41719,23.8299,-1.28262,0.813451,-0.0828345,
2.31187,-25.6924,3.41203,23.8381,-1.27819,0.81979,-0.0664603,
2.3148,-25.7019,3.40092,23.8447,-1.28031,0.831923,-0.077546,
2.30506,-25.7138,3.40692,23.8469,-1.27252,0.798969,-0.0760395,
2.29962,-25.7258,3.40506,23.8504,-1.27686,0.791491,-0.144856,
2.28891,-25.7397,3.40877,23.8526,-1.27869,0.776633,-0.298243,
2.27139,-25.758,3.41809,23.8493,-1.27721,0.759692,-0.652737,
2.21182,-25.7856,3.47407,23.8295,-1.17516,0.720671,-1.47699,
2.28068,-25.7664,3.3613,23.9006,-1.1856,0.74946,0.430749,
2.27575,-25.7749,3.36757,23.8941,-1.17957,0.699284,0.379196,
2.28541,-25.7843,3.35148,23.9012,-1.14878,0.730734,0.252702,
2.19195,-25.8164,3.46903,23.9056,-1.06605,0.414197,0.262616,
2.4848,-25.7947,3.07434,23.8988,-1.4049,1.50458,4.21356,
2.17539,-25.8447,3.56308,23.8049,-1.1365,-0.13474,-0.700027,
2.11178,-25.8659,3.63654,23.7962,-1.28588,-0.286408,0.659883,
2.06171,-25.7414,3.66314,24.0315,-0.758356,-0.357353,-6.59256,
2.51735,-25.7866,3.10024,24.0725,-1.30819,1.84273,-0.0779392,
2.4189,-25.9051,3.28135,23.8605,-1.40234,0.410697,5.483,
1.46633,-25.9252,4.74906,23.6711,-0.286086,-0.813401,-12,
1.89218,-27.4902,4.42531,22.3135,-3.51954,10.544,-12,
2.6873,-27.7157,2.96706,20.6005,-5.31222,12,-12,
-2.48309,-25.3149,11.8771,23.0196,8.39246,-12,1.96185,
2.23931,-25.4867,4.59257,24.0728,-1.5468,-0.199108,-1.77816,
2.26333,-25.5145,4.5612,24.0718,-1.71357,0.0390442,-0.955433,
2.16607,-25.5319,4.66499,24.0551,-1.56425,0.00453555,-2.00163,
2.27977,-25.5162,4.49211,24.1283,-1.67351,0.00769723,0.437176,
2.27509,-25.5174,4.51524,24.1307,-1.66791,-0.0589986,0.461904,
2.27475,-25.5217,4.53209,24.1405,-1.67307,-0.0691998,0.478587,
2.27094,-25.5274,4.55397,24.1517,-1.67499,-0.0889032,0.517343,
2.25076,-25.5327,4.59451,24.1681,-1.68054,-0.126879,0.619787,
2.25125,-25.5343,4.61021,24.1782,-1.69321,-0.117659,0.613537,
2.27235,-25.5312,4.59239,24.1963,-1.74057,0.0412007,0.374874,
2.2721,-25.5337,4.60851,24.2072,-1.75341,0.0547864,0.371717,
2.27238,-25.5359,4.62376,24.2172,-1.76525,0.0662495,0.370555,
2.27676,-25.5383,4.63431,24.2264,-1.77543,0.0803636,0.364212,
2.27666,-25.542,4.64928,24.2366,-1.78663,0.0859328,0.370011,
2.27516,-25.5528,4.6454,24.243,-1.7848,0.0970146,0.372265,
2.27494,-25.5647,4.63602,24.2496,-1.78046,0.111113,0.392149,
2.27481,-25.5783,4.62325,24.2559,-1.77257,0.12393,0.421994,
2.27458,-25.5936,4.60741,24.2621,-1.75945,0.134458,0.472002,
2.27629,-25.6101,4.58631,24.2694,-1.74047,0.143424,0.580145,
2.28207,-25.627,4.55867,24.279,-1.71821,0.149682,0.807061,
2.30505,-25.6416,4.51093,24.2955,-1.7171,0.156478,1.32407,
2.42241,-25.6469,4.36031,24.3336,-1.85813,0.162162,2.55993,
2.2846,-25.6984,4.53822,24.2782,-1.68895,0.0609142,-0.0837078,
2.25248,-25.7424,4.55536,24.3204,-1.58555,-0.120317,-0.813544,
1.87307,-25.8176,4.96411,24.3656,-1.22704,-0.712784,-2.01803,
2.37255,-25.7923,4.15548,24.4353,-2.18595,2.13359,-0.354152,
2.55053,-25.7724,3.99538,24.2881,-2.26631,2.25554,0.943194,
2.04628,-25.7977,4.74664,24.1457,-1.35136,0.608373,-2.59592,
2.84703,-25.6743,3.73851,24.3776,-2.63755,1.05592,9.47289,
1.66067,-25.7742,5.38115,24.1766,-0.908283,-0.717012,-11.9945,
2.10419,-25.7581,4.7417,24.3505,-1.73605,0.208024,-1.81387,
2.2261,-25.7504,4.54184,24.3615,-1.85984,0.719746,-0.584979,
2.18678,-25.7669,4.57251,24.3605,-1.81951,0.65077,-1.28069,
2.08062,-25.7892,4.68948,24.3452,-1.63387,0.571831,-2.67456,
2.18732,-25.7761,4.51799,24.4088,-1.71678,0.540343,0.702736,
2.16985,-25.7864,4.54125,24.4201,-1.70083,0.451994,0.790569,
2.16928,-25.7903,4.55261,24.4275,-1.70375,0.441346,0.79192,
2.2002,-25.7826,4.51269,24.4451,-1.74533,0.72918,0.418904,
2.19934,-25.7865,4.5256,24.4528,-1.75179,0.722031,0.419836,
2.19821,-25.7911,4.53729,24.46,-1.75576,0.712341,0.420029,
2.1969,-25.7961,4.54857,24.4672,-1.75933,0.702926,0.419805,
2.19548,-25.8016,4.55923,24.4745,-1.76259,0.694207,0.420363,
2.19405,-25.8075,4.56901,24.4817,-1.76557,0.686797,0.421178,
2.19258,-25.814,4.5778,24.489,-1.76813,0.680169,0.422244,
2.19063,-25.82,4.58954,24.4961,-1.77233,0.672249,0.418615,
2.18922,-25.826,4.60026,24.5036,-1.77658,0.665761,0.421395,
2.18752,-25.8324,4.6112,24.5112,-1.78063,0.658974,0.422405,
2.1856,-25.8391,4.62214,24.5189,-1.7845,0.652335,0.423238,
2.18347,-25.8463,4.63298,24.527,-1.78812,0.646,0.424066,
2.18124,-25.8541,4.64353,24.5353,-1.79154,0.640124,0.425705,
2.17827,-25.8626,4.65426,24.5441,-1.79441,0.634304,0.425014,
2.17528,-25.8717,4.66429,24.5535,-1.79692,0.629658,0.427043,
2.17168,-25.8818,4.67417,24.5634,-1.79872,0.625454,0.427271,
2.16763,-25.8931,4.68347,24.5743,-1.79984,0.622267,0.428812,
2.1624,-25.9056,4.69284,24.5862,-1.79974,0.619431,0.428741,
2.15745,-25.9193,4.69989,24.5997,-1.79954,0.622798,0.431306,
2.15071,-25.9348,4.7071,24.6147,-1.79713,0.62579,0.430531,
2.14251,-25.9518,4.71268,24.6321,-1.7928,0.633123,0.432308,
2.13459,-25.9703,4.71696,24.6528,-1.7858,0.645724,0.433569,
2.12416,-25.9896,4.71973,24.6783,-1.77511,0.666616,0.434232,
2.11183,-26.0085,4.72054,24.7111,-1.75949,0.701466,0.435175,
2.09686,-26.0239,4.71925,24.7553,-1.73757,0.760501,0.435018,
2.07823,-26.0303,4.71536,24.8178,-1.70936,0.86486,0.433824,
2.05366,-26.0165,4.70828,24.9101,-1.68043,1.05829,0.428958,
2.01822,-25.9617,4.69681,25.0516,-1.67502,1.43547,0.413385,
1.96405,-25.8263,4.67389,25.2726,-1.77375,2.2102,0.373595,
1.90433,-25.5358,4.58618,25.6173,-2.21626,3.89074,0.255841,
2.21597,-24.9488,3.90938,26.1232,-3.65074,7.90309,-0.364912,
7.75763,-23.6952,-3.15828,26.5803,-7.22531,11.8834,-10.6793,
2.57941,-24.9159,5.19335,23.3521,-1.50072,-3.80987,1.7612,
2.79168,-24.6871,5.29289,23.469,-0.746566,-6.51221,0.578022,
2.68782,-25.2048,5.5296,22.5752,-3.41401,-2.63469,2.78788,
2.42693,-25.3065,5.64383,22.1509,-4.15645,-0.821904,1.00528,
2.55729,-24.8537,5.3343,22.8602,-2.1153,-4.21103,1.54373,
2.56517,-24.8495,5.33288,22.8371,-2.12168,-4.25684,1.55191,
2.57109,-24.8586,5.31415,22.8308,-2.12227,-4.24377,1.55054,
2.57566,-24.8729,5.28932,22.8306,-2.11994,-4.2111,1.5472,
2.5797,-24.8895,5.26144,22.8332,-2.11626,-4.16934,1.54466,
2.58391,-24.9072,5.23123,22.8373,-2.11228,-4.12165,1.54402,
2.58781,-24.9254,5.20015,22.842,-2.10948,-4.07125,1.55327,
2.59233,-24.9431,5.16735,22.848,-2.10212,-4.01967,1.52048,
2.59554,-24.9619,5.13585,22.8534,-2.09608,-3.97007,1.51696,
2.60063,-24.9801,5.10107,22.8596,-2.09099,-3.9143,1.50679,
2.60487,-24.9985,5.06725,22.8653,-2.08471,-3.8614,1.49157,
2.61044,-25.0158,5.03308,22.8711,-2.07987,-3.80777,1.4859,
2.61455,-25.0332,5.00099,22.876,-2.07376,-3.75931,1.47461,
2.61948,-25.0499,4.96823,22.8811,-2.06838,-3.70948,1.4666,
2.62588,-25.0657,4.93362,22.8862,-2.06388,-3.65676,1.45401,
2.63213,-25.0811,4.90005,22.8902,-2.05923,-3.608,1.44453,
2.63785,-25.0957,4.86781,22.8937,-2.05351,-3.56444,1.42735,
2.64541,-25.1092,4.83389,22.8968,-2.04953,-3.51761,1.41514,
2.65268,-25.1219,4.80144,22.8986,-2.04539,-3.47539,1.40214,
2.66114,-25.1332,4.76853,22.8996,-2.0421,-3.43334,1.3858,
2.67046,-25.1432,4.73597,22.8993,-2.03961,-3.39426,1.37083,
2.67984,-25.1519,4.70492,22.8972,-2.03753,-3.35951,1.34908,
2.69097,-25.1587,4.6734,22.8936,-2.0376,-3.32648,1.3285,
2.70227,-25.164,4.64377,22.8877,-2.03764,-3.30007,1.27957,
2.71578,-25.1671,4.61355,22.8798,-2.03901,-3.27412,1.26448,
2.73155,-25.1681,4.58382,22.8682,-2.04161,-3.25507,1.23958,
2.74685,-25.168,4.55862,22.8512,-2.04493,-3.25173,1.21572,
2.76332,-25.1667,4.53598,22.8287,-2.05075,-3.26067,1.1846,
2.78461,-25.1646,4.51206,22.7993,-2.06118,-3.27769,1.16978,
2.80666,-25.1662,4.49391,22.7567,-2.07501,-3.3317,1.13995,
2.83065,-25.1754,4.48167,22.6959,-2.0934,-3.43527,1.12263,
2.85421,-25.2016,4.48082,22.607,-2.11499,-3.6279,1.10017,
2.87943,-25.2597,4.49268,22.4765,-2.13441,-3.96523,1.04246,
2.89815,-25.3766,4.53575,22.2803,-2.12497,-4.57443,0.976816,
2.89329,-25.6012,4.64496,21.9815,-2.00723,-5.71411,0.555853,
2.77872,-26.018,4.95722,21.5197,-1.49822,-7.93975,-0.88525,
1.98518,-26.7857,6.21981,20.7846,0.330656,-12,-5.22926,
-5.25275,-28.2135,15.6451,19.4903,5.81872,-12,-11.999,
2.17873,-26.578,3.68042,24.7746,-1.33433,1.2111,0.321826,
2.17748,-26.5907,3.67028,24.788,-1.34015,1.28124,0.316579,
2.17788,-26.5991,3.66763,24.7951,-1.33961,1.28938,0.323732,
2.17706,-26.6073,3.6651,24.8019,-1.33863,1.2947,0.330075,
2.17622,-26.6157,3.66242,24.8088,-1.33756,1.30022,0.335386,
2.17533,-26.6242,3.6597,24.8157,-1.3364,1.30579,0.33955,
2.1744,-26.6326,3.65698,24.8225,-1.33515,1.31127,0.342778,
2.17348,-26.6411,3.65422,24.8294,-1.33385,1.31667,0.345683,
2.17254,-26.6497,3.6515,24.8362,-1.33246,1.32189,0.347728,
2.17159,-26.6582,3.64881,24.843,-1.33104,1.32689,0.34937,
2.1706,-26.6667,3.64619,24.8497,-1.32953,1.33166,0.350248,
2.1696,-26.6752,3.6436,24.8565,-1.32799,1.33626,0.351004,
2.16864,-26.6837,3.64103,24.8632,-1.32642,1.34068,0.351667,
2.16766,-26.6922,3.63851,24.8698,-1.32484,1.34486,0.352083,
2.1664,-26.7006,3.63609,24.8764,-1.32322,1.3488,0.351932,
2.16537,-26.7091,3.63375,24.883,-1.32154,1.35254,0.351305,
2.16463,-26.7175,3.63144,24.8896,-1.31988,1.3561,0.351057,
2.16342,-26.7259,3.62919,24.8961,-1.31821,1.35944,0.350609,
2.16261,-26.7343,3.62704,24.9026,-1.31652,1.36256,0.349814,
2.16158,-26.7426,3.62497,24.909,-1.31479,1.36548,0.348724,
2.1606,-26.7509,3.62291,24.9155,-1.31309,1.36827,0.347963,
2.15955,-26.7592,3.62102,24.9219,-1.31128,1.37068,0.345971,
2.15849,-26.7675,3.6192,24.9283,-1.30938,1.37278,0.343689,
2.15748,-26.7757,3.61742,24.9348,-1.30719,1.37433,0.340126,
2.15656,-26.7841,3.61556,24.9409,-1.30623,1.3779,0.343631,
2.15553,-26.7923,3.61393,24.9471,-1.30445,1.37961,0.342221,
2.15449,-26.8005,3.61239,24.9533,-1.30268,1.38116,0.341301,
2.15353,-26.8087,3.61081,24.9596,-1.30109,1.38305,0.33968,
2.15251,-26.8168,3.60938,24.9658,-1.29935,1.38449,0.337986,
2.15147,-26.8249,3.60803,24.9719,-1.29762,1.38573,0.336697,
2.15053,-26.833,3.60662,24.9781,-1.29601,1.38716,0.335674,
2.14952,-26.841,3.60537,24.9842,-1.29432,1.38826,0.333792,
2.14852,-26.8491,3.60416,24.9903,-1.29269,1.38923,0.332014,
2.14746,-26.8571,3.60307,24.9964,-1.29105,1.38994,0.329409,
2.1464,-26.8652,3.60201,25.0024,-1.28938,1.39055,0.325851,
2.14539,-26.8732,3.60091,25.0085,-1.28758,1.39075,0.320163,
2.14443,-26.8812,3.59979,25.0145,-1.28559,1.39186,0.328932,
2.1435,-26.8892,3.59874,25.0206,-1.28398,1.3923,0.331051,
2.14267,-26.8971,3.59761,25.0265,-1.28292,1.39334,0.337572,
2.14147,-26.9049,3.59705,25.0326,-1.28025,1.39336,0.340665,
2.14625,-26.913,3.59645,25.0385,-1.27915,1.39213,0.319488,
2.15303,-26.921,3.59556,25.0446,-1.27755,1.39256,0.318375,
2.13795,-26.929,3.59487,25.0506,-1.27556,1.39257,0.314127,
2.13681,-26.9371,3.594,25.0567,-1.27382,1.39236,0.314323,
2.13603,-26.9452,3.59321,25.0628,-1.27195,1.39199,0.313054,
2.13423,-26.9534,3.5925,25.0688,-1.26995,1.39147,0.311105,
2.13293,-26.9616,3.59165,25.075,-1.26797,1.39098,0.310761,
2.1315,-26.97,3.59088,25.0811,-1.26587,1.39015,0.309858,
2.12991,-26.9784,3.59019,25.0873,-1.2636,1.389,0.308912,
2.12811,-26.987,3.58931,25.0936,-1.26123,1.38789,0.30991,
2.12636,-26.9958,3.58851,25.1,-1.25848,1.38636,0.309993,
2.12471,-27.0047,3.58761,25.1065,-1.25554,1.38426,0.313875,
2.12255,-27.0139,3.58689,25.1131,-1.25147,1.38159,0.314677,
2.12227,-27.0234,3.58593,25.1202,-1.24677,1.37759,0.326948,
2.11803,-27.033,3.58506,25.1278,-1.2402,1.37229,0.345107,
2.1157,-27.0426,3.58408,25.1366,-1.23102,1.36543,0.380221,
2.11328,-27.0517,3.58311,25.1475,-1.21712,1.35746,0.439958,
2.11246,-27.0591,3.58109,25.1624,-1.19909,1.34996,0.57521,
2.11292,-27.0619,3.57672,25.1848,-1.18067,1.35135,0.846559,
2.12464,-27.0541,3.5642,25.2219,-1.18842,1.3836,1.42397,
2.16095,-27.0221,3.52335,25.2898,-1.32838,1.49844,2.67099,
2.30665,-26.9367,3.35691,25.4289,-1.9366,1.81509,5.07333,
2.63811,-26.7849,2.85639,25.3592,-1.50629,4.15566,-12,
2.61678,-27.0866,3.19915,24.9303,-2.48397,1.17581,12,
2.74867,-27.0116,3.38288,24.3519,-2.13831,-1.88178,12,
1.67571,-27.2064,4.91035,23.863,-0.0596154,-3.08756,0.219889,
1.80507,-27.1483,4.51724,24.854,-0.754782,1.03848,-11.9116,
1.05881,-27.1837,5.47376,24.9193,0.446374,0.46741,-11.9977,
2.0795,-27.1415,3.7308,25.487,-3.1086,5.27891,-7.95614,
2.59472,-26.8529,2.76406,25.6574,-2.08379,7.77102,-11.9977,
1.89997,-27.2377,3.72305,25.2351,-1.09174,2.12689,-2.65936,
2.03111,-27.2252,3.49606,25.3002,-1.22512,2.12697,0.494173,
2.0285,-27.2337,3.49067,25.3075,-1.20971,2.11022,0.471762,
2.02738,-27.2401,3.48677,25.317,-1.21955,2.14963,0.407616,
2.03212,-27.2451,3.47478,25.3244,-1.23769,2.21961,0.319589,
2.0992,-27.2427,3.37962,25.3288,-1.26767,2.5067,-0.098316,
2.04042,-27.2686,3.46805,25.3283,-1.17048,2.15905,0.385495,
2.03548,-27.2795,3.46722,25.3476,-1.16018,2.1777,0.388356,
2.02772,-27.2876,3.46513,25.3748,-1.15186,2.22148,0.389405,
2.01982,-27.2879,3.46208,25.4128,-1.1481,2.30511,0.388318,
2.00597,-27.2727,3.45746,25.4697,-1.16553,2.46805,0.383031,
1.98509,-27.2269,3.44872,25.5584,-1.2569,2.80127,0.361845,
1.95067,-27.1214,3.41518,25.7013,-1.58234,3.51494,0.287297,
2.02878,-26.9002,3.17367,25.9326,-2.57879,5.16764,-0.224106,
3.73606,-26.355,0.707399,26.1894,-4.63925,11.5056,-12,
1.90342,-26.9157,3.66086,24.727,-1.14717,1.79478,-5.50544,
2.13121,-26.7574,3.14679,24.804,-1.26489,1.17964,-0.206152,
1.97829,-26.6883,3.28894,24.6025,-0.896958,0.0368312,0.332891,
1.98066,-26.6262,3.25485,24.5674,-0.852083,-0.0627338,0.15364,
1.99136,-26.5725,3.22945,24.5729,-0.761506,-0.132674,-0.227707,
2.01609,-26.5097,3.20761,24.6235,-0.512024,-0.376015,-1.15678,
2.15739,-26.4307,3.10211,24.7613,0.224514,-1.0933,-3.89507,
2.12861,-26.7462,3.24,24.419,-0.960066,0.119574,0.22316,
2.14795,-26.7163,3.18847,24.2142,-0.876038,-0.460873,0.717293,
2.19296,-26.7766,3.17838,24.0167,-0.781506,-1.05884,1.733,
2.2662,-26.9113,3.18484,23.697,-0.597009,-2.14681,3.84998,
2.39978,-27.1822,3.23284,23.1114,-0.22334,-4.31381,8.69958,
2.15469,-27.8613,3.73985,21.8768,1.22983,-8.93022,12,
-2.07434,-29.8244,10.1275,17.7263,5.05811,-12,12,
-3.07168,-27.6033,8.66093,24.7918,12,-12,12,
72.4515,-25.5146,-87,87,-12,-12,-1.12459,
2.15753,-27.7153,3.0068,25.941,-1.5862,6.13607,-1.49418,
2.1557,-27.7379,2.98386,25.9631,-1.58652,6.23701,-1.42276,
2.15241,-27.7494,2.978,25.9685,-1.57566,6.21054,-1.31673,
2.14908,-27.7585,2.97676,25.9707,-1.56383,6.16258,-1.21525,
2.14599,-27.7666,2.97719,25.9722,-1.55142,6.11093,-1.13589,
2.14267,-27.7748,2.97903,25.9737,-1.53933,6.05752,-1.05089,
2.132,-27.7829,2.98172,25.9754,-1.52719,6.0048,-0.979777,
2.13566,-27.7912,2.98488,25.9778,-1.51549,5.95433,-0.9137,
2.13219,-27.7996,2.9881,25.9809,-1.50477,5.90673,-0.850915,
2.12918,-27.8079,2.99089,25.9849,-1.49589,5.86266,-0.786157,
2.13785,-27.8162,2.99317,25.9897,-1.4893,5.82203,-0.720642,
2.13767,-27.8242,2.99498,25.995,-1.48502,5.78477,-0.656717,
2.1239,-27.832,2.99649,26.0008,-1.48233,5.75033,-0.601967,
2.12301,-27.8397,2.99824,26.0068,-1.48074,5.71686,-0.55122,
2.12248,-27.8472,3.00012,26.0129,-1.47967,5.68447,-0.507756,
2.09523,-27.8545,3.00253,26.0192,-1.47935,5.65374,-0.455725,
2.1223,-27.8613,3.00438,26.0254,-1.47823,5.62585,-0.436311,
2.12203,-27.8686,3.00782,26.0315,-1.47778,5.59372,-0.38196,
2.12195,-27.8753,3.0117,26.0375,-1.47732,5.5618,-0.347594,
2.12139,-27.882,3.01658,26.0437,-1.47781,5.53034,-0.313324,
2.12202,-27.8883,3.02,26.0501,-1.47693,5.50468,-0.328223,
2.12114,-27.8954,3.02599,26.0565,-1.47766,5.47198,-0.278941,
2.12155,-27.9015,3.03042,26.063,-1.47712,5.44479,-0.295638,
2.12085,-27.9084,3.03666,26.0696,-1.47799,5.41359,-0.262367,
2.12118,-27.9145,3.04165,26.0764,-1.47795,5.38667,-0.277027,
2.12116,-27.921,3.0475,26.0834,-1.4785,5.35749,-0.254506,
2.12144,-27.927,3.05345,26.0904,-1.47923,5.32924,-0.2303,
2.12141,-27.933,3.06005,26.0973,-1.4805,5.30003,-0.230948,
2.12138,-27.939,3.0668,26.1045,-1.48243,5.27138,-0.243527,
2.1213,-27.9451,3.07358,26.1119,-1.48471,5.24354,-0.258919,
2.12134,-27.9512,3.0802,26.1194,-1.48742,5.21619,-0.277435,
2.08274,-27.9572,3.08692,26.127,-1.49066,5.18857,-0.296281,
2.12086,-27.9633,3.09465,26.1344,-1.49506,5.15986,-0.313842,
2.12094,-27.9692,3.10105,26.1417,-1.49996,5.1364,-0.375533,
2.11963,-27.976,3.10907,26.1482,-1.50663,5.11025,-0.423424,
2.11619,-27.9836,3.11874,26.1532,-1.51473,5.08591,-0.521781,
2.10672,-27.9931,3.1334,26.1552,-1.51998,5.06786,-0.732415,
2.07651,-28.007,3.16733,26.1502,-1.50083,5.06312,-1.19798,
1.99713,-28.0293,3.2999,26.1292,-1.37563,5.08142,-2.24668,
2.30112,-27.9534,2.83426,26.3462,-1.56953,4.86483,2.66984,
2.11886,-27.9943,3.16115,26.1739,-1.49744,4.7727,-0.530212,
2.12515,-28.0092,3.16391,26.2,-1.52385,4.86142,-0.546493,
2.126,-28.0152,3.17216,26.208,-1.52966,4.83176,-0.566029,
2.12626,-28.0207,3.18146,26.2144,-1.53593,4.79514,-0.594517,
2.12635,-28.0265,3.19088,26.2198,-1.54426,4.7611,-0.657522,
2.12426,-28.0334,3.2027,26.2234,-1.55719,4.72737,-0.742286,
2.11753,-28.0422,3.21804,26.2235,-1.57632,4.70174,-0.935954,
2.09897,-28.0554,3.24265,26.2168,-1.59848,4.69398,-1.37316,
2.04384,-28.0782,3.2994,26.1943,-1.59552,4.72191,-2.35894,
1.70201,-28.1209,3.49656,26.1328,-1.44145,4.83163,-4.6675,
2.04251,-28.0731,3.15399,26.3228,-1.49064,4.62818,-0.790888,
2.03832,-28.0654,3.1728,26.3013,-1.46887,4.44334,-0.753067,
2.03545,-28.0699,3.18201,26.3067,-1.46714,4.38506,-0.763563,
2.23063,-28.0756,3.19028,26.3144,-1.46729,4.33824,-0.760535,
2.0298,-28.0815,3.19888,26.3224,-1.46723,4.29004,-0.766608,
2.02661,-28.0879,3.20772,26.3306,-1.4672,4.24132,-0.769732,
2.0234,-28.0945,3.2165,26.3392,-1.46695,4.19281,-0.777175,
2.01998,-28.1014,3.22542,26.3482,-1.46665,4.14416,-0.776628,
2.01638,-28.1087,3.23449,26.3576,-1.46613,4.09514,-0.777753,
1.58597,-28.1162,3.24356,26.3676,-1.46556,4.04703,-0.776259,
2.00865,-28.1239,3.25256,26.3787,-1.46516,4.00113,-0.770254,
2.00417,-28.1317,3.26178,26.3911,-1.4642,3.95558,-0.786134,
1.99944,-28.1391,3.27052,26.4058,-1.46373,3.91643,-0.794927,
1.99466,-28.1452,3.27831,26.4237,-1.46368,3.88706,-0.814047,
1.98924,-28.1486,3.2856,26.4466,-1.46574,3.87163,-0.83463,
1.98336,-28.1462,3.29119,26.4773,-1.47285,3.88431,-0.886992,
1.97634,-28.1336,3.29438,26.5207,-1.49204,3.94615,-1.00136,
1.96629,-28.1027,3.29412,26.584,-1.53885,4.09624,-1.26469,
1.94848,-28.0403,3.28949,26.679,-1.64777,4.4064,-1.88869,
1.91097,-27.9257,3.28012,26.8248,-1.89101,5.00695,-3.46041,
2.34509,-27.725,3.24672,27.0524,-2.41203,6.17754,-7.5355,
1.8822,-27.3833,2.93936,27.4069,-3.38648,8.69855,-12,
4.60404,-26.7073,-1.05281,27.9557,-3.99741,12,-12,
1.97582,-27.9637,3.35738,25.7882,-0.912387,1.48195,0.335651,
1.97522,-27.9715,3.35538,25.7942,-0.910975,1.49007,0.33492,
1.97463,-27.9792,3.35357,25.8001,-0.909508,1.49768,0.333865,
1.9741,-27.9869,3.35183,25.806,-0.907985,1.50505,0.332037,
1.97324,-27.9947,3.35015,25.8119,-0.906376,1.51188,0.328494,
1.97338,-28.0021,3.34758,25.8178,-0.905809,1.5238,0.35224,
1.97247,-28.0099,3.34658,25.8236,-0.903821,1.52776,0.332882,
1.97206,-28.0176,3.34468,25.8295,-0.902517,1.53609,0.332375,
1.97129,-28.0253,3.34288,25.8355,-0.901102,1.54385,0.331891,
1.97075,-28.033,3.34109,25.8414,-0.89968,1.55159,0.331394,
1.97034,-28.0407,3.33929,25.8473,-0.898257,1.55934,0.330873,
1.09049,-28.0484,3.33748,25.8532,-0.896834,1.56711,0.330311,
1.96931,-28.0561,3.33567,25.8592,-0.895411,1.5749,0.329679,
1.9688,-28.0638,3.33387,25.8651,-0.893988,1.58269,0.328914,
1.96829,-28.0715,3.33206,25.871,-0.892559,1.59048,0.327887,
1.96765,-28.0792,3.33026,25.877,-0.891106,1.59823,0.326327,
1.96712,-28.087,3.32848,25.8829,-0.889589,1.60581,0.323638,
4.03294,-28.0948,3.32678,25.8889,-0.887948,1.61286,0.318533,
3.85286,-28.1024,3.32464,25.8949,-0.886718,1.62211,0.324986,
4.13513,-28.1101,3.32289,25.9009,-0.885175,1.62956,0.322845,
1.96514,-28.1179,3.32112,25.9068,-0.883563,1.63699,0.318897,
1.9644,-28.1258,3.3195,25.9128,-0.881736,1.64353,0.311091,
1.96421,-28.1334,3.31706,25.9189,-0.880655,1.65392,0.323429,
1.96368,-28.1412,3.31534,25.9249,-0.878987,1.66102,0.320832,
1.96287,-28.149,3.31361,25.9309,-0.877259,1.66804,0.315771,
1.9644,-28.1567,3.31132,25.937,-0.876049,1.67766,0.32407,
1.96229,-28.1644,3.30946,25.943,-0.874497,1.68531,0.323763,
1.96183,-28.1722,3.30753,25.9491,-0.872988,1.69329,0.323526,
-13.2785,-28.18,3.30557,25.9551,-0.871467,1.7013,0.323447,
1.96092,-28.1877,3.3036,25.9612,-0.86993,1.70933,0.32366,
1.96294,-28.1955,3.3016,25.9673,-0.86838,1.71739,0.324435,
1.96006,-28.2033,3.29957,25.9734,-0.866842,1.72555,0.326341,
1.95972,-28.211,3.29747,25.9795,-0.865401,1.734,0.330615,
1.95953,-28.2187,3.29521,25.9856,-0.864277,1.74333,0.340012,
1.95972,-28.2262,3.29263,25.9916,-0.863626,1.75435,0.353948,
1.95852,-28.2343,3.29201,25.9975,-0.860943,1.75617,0.323862,
1.95816,-28.2422,3.28957,26.0037,-0.859648,1.76586,0.328277,
1.95799,-28.2499,3.28722,26.01,-0.858471,1.77491,0.337723,
1.95849,-28.2574,3.28421,26.0162,-0.8581,1.78577,0.357536,
1.95783,-28.265,3.28305,26.022,-0.856057,1.79391,0.361081,
1.95843,-28.2726,3.28001,26.0282,-0.856131,1.8025,0.366926,
1.95588,-28.2804,3.27969,26.0338,-0.853563,1.80934,0.358253,
1.95797,-28.288,3.27601,26.0401,-0.855399,1.8197,0.371145,
1.9579,-28.2954,3.27539,26.046,-0.850823,1.82478,0.354892,
1.95769,-28.3031,3.2719,26.0523,-0.8511,1.83425,0.360503,
1.95577,-28.3109,3.27236,26.0579,-0.847098,1.84023,0.344129,
1.95698,-28.3186,3.26805,26.0644,-0.848147,1.85037,0.355253,
1.95514,-28.3264,3.26837,26.07,-0.844181,1.85624,0.339719,
1.95592,-28.3341,3.26454,26.0765,-0.844738,1.86614,0.349292,
1.95563,-28.3418,3.26272,26.0825,-0.843072,1.87343,0.34579,
1.95466,-28.3496,3.26156,26.0885,-0.840582,1.88083,0.338345,
1.95487,-28.3573,3.25862,26.0948,-0.840072,1.88972,0.34235,
1.95462,-28.365,3.25656,26.1009,-0.838601,1.89744,0.340702,
1.9528,-28.3728,3.25464,26.1069,-0.836926,1.90528,0.337997,
1.95407,-28.3805,3.25231,26.1131,-0.835719,1.91346,0.337996,
1.95397,-28.3883,3.25,26.1193,-0.83445,1.92144,0.337359,
1.95339,-28.3961,3.24832,26.1253,-0.832432,1.92902,0.33278,
22.2677,-28.4038,3.24575,26.1315,-0.831385,1.93736,0.333828,
24.9469,-28.4116,3.24386,26.1376,-0.829587,1.94501,0.330754,
1.94771,-28.4193,3.24123,26.1439,-0.828565,1.95323,0.331796,
1.9523,-28.4271,3.23973,26.1499,-0.826213,1.96055,0.325671,
1.95393,-28.4349,3.23706,26.1562,-0.82519,1.96897,0.327452,
-33.3223,-28.4427,3.23464,26.1624,-0.823862,1.97679,0.327108,
-37.4193,-28.4505,3.23305,26.1684,-0.821515,1.98415,0.321183,
1.95155,-28.4583,3.23036,26.1747,-0.820465,1.99251,0.322871,
1.95128,-28.466,3.22818,26.1809,-0.81883,2.00018,0.321308,
2.0061,-28.4738,3.22567,26.1871,-0.817513,2.00809,0.32119,
1.95058,-28.4816,3.22401,26.1932,-0.815156,2.01541,0.315514,
1.95057,-28.4894,3.2213,26.1995,-0.814001,2.02364,0.317274,
1.95037,-28.4972,3.21899,26.2057,-0.812382,2.03127,0.316262,
1.92831,-28.505,3.2168,26.2119,-0.810627,2.03892,0.314356,
1.94994,-28.5128,3.21437,26.2182,-0.809173,2.04676,0.314168,
1.95004,-28.5206,3.21169,26.2245,-0.807962,2.05454,0.314632,
1.94906,-28.5285,3.21046,26.2305,-0.804944,2.06138,0.304934,
1.94918,-28.5363,3.20744,26.2369,-0.804062,2.06973,0.308088,
1.94926,-28.5441,3.20476,26.2432,-0.802694,2.07745,0.30989,
1.94839,-28.5519,3.20337,26.2492,-0.799779,2.08429,0.301603,
1.93764,-28.5597,3.20026,26.2557,-0.798915,2.09262,0.305822,
2.69575,-28.5676,3.19823,26.2618,-0.796799,2.09976,0.30262,
2.06956,-28.5754,3.19553,26.2682,-0.795498,2.10758,0.304068,
1.94816,-28.5832,3.193,26.2745,-0.793935,2.11498,0.303275,
1.94732,-28.5911,3.19151,26.2806,-0.79101,2.12186,0.294957,
1.94748,-28.5989,3.18845,26.287,-0.789987,2.12998,0.29859,
1.94704,-28.6067,3.1864,26.2932,-0.787737,2.13697,0.294995,
1.94699,-28.6146,3.18372,26.2996,-0.786247,2.14458,0.296067,
1.9629,-28.6224,3.18138,26.3058,-0.784345,2.15177,0.294666,
1.93176,-28.6303,3.17893,26.3121,-0.782553,2.15907,0.293995,
1.94641,-28.6381,3.17647,26.3184,-0.780753,2.1663,0.293324,
1.94616,-28.6459,3.17415,26.3247,-0.778751,2.17338,0.291638,
1.94604,-28.6538,3.17162,26.3311,-0.77697,2.18056,0.291546,
1.94567,-28.6617,3.16946,26.3373,-0.774636,2.18739,0.288842,
1.94553,-28.6695,3.16691,26.3437,-0.772726,2.19451,0.290018,
1.93193,-28.6774,3.16441,26.35,-0.770657,2.20147,0.292067,
1.97528,-28.6852,3.16181,26.3564,-0.768576,2.2087,0.297263,
1.95976,-28.6929,3.1592,26.3627,-0.766325,2.21673,0.307775,
1.94568,-28.7006,3.15689,26.369,-0.764631,2.22317,0.309114,
1.94563,-28.7085,3.15469,26.3752,-0.762824,2.22966,0.307457,
1.9456,-28.7163,3.15245,26.3815,-0.761017,2.23624,0.306074,
1.94555,-28.7241,3.15023,26.3878,-0.759165,2.24264,0.304901,
1.94547,-28.732,3.14805,26.394,-0.757125,2.24893,0.303308,
1.96476,-28.7399,3.14583,26.4003,-0.75508,2.25506,0.302485,
1.94533,-28.7478,3.14369,26.4065,-0.752819,2.26091,0.30131,
1.94527,-28.7557,3.1415,26.4127,-0.750587,2.26653,0.30147,
1.94523,-28.7637,3.13932,26.4189,-0.748269,2.27179,0.302383,
1.94518,-28.7718,3.13719,26.4251,-0.745802,2.27658,0.303895,
1.94513,-28.78,3.13513,26.4311,-0.743158,2.28076,0.306331,
1.94499,-28.7883,3.13323,26.4371,-0.740185,2.28404,0.309674,
1.12588,-28.7968,3.1314,26.443,-0.736814,2.28618,0.315063,
1.94452,-28.8056,3.12991,26.4488,-0.732531,2.28643,0.321914,
1.94417,-28.8148,3.12855,26.4545,-0.727166,2.28388,0.333619,
1.94328,-28.8246,3.12814,26.4601,-0.718595,2.27613,0.345287,
1.94165,-28.8351,3.12887,26.4659,-0.705092,2.26292,0.375402,
1.93566,-28.8463,3.13539,26.4728,-0.681817,2.2383,0.424284,
2.1661,-28.857,3.17107,26.4833,-0.645969,2.1943,0.518913,
1.90471,-28.8646,3.16995,26.4892,-0.642911,2.19458,0.517001,
1.81001,-28.8726,3.16693,26.4956,-0.640906,2.20124,0.512209,
1.77778,-28.8807,3.16377,26.502,-0.638975,2.20843,0.507047,
1.77991,-28.8888,3.16036,26.5086,-0.637357,2.21583,0.503626,
1.90497,-28.8968,3.1571,26.515,-0.635506,2.22313,0.49836,
1.90499,-28.9049,3.15381,26.5215,-0.633679,2.23057,0.493284,
1.93771,-28.9084,3.09534,26.5409,-0.718692,2.39799,0.236016,
1.93748,-28.9171,3.09057,26.5482,-0.71772,2.41377,0.234321,
1.9373,-28.9252,3.08776,26.5546,-0.715346,2.41979,0.233962,
1.79776,-28.9331,3.08521,26.561,-0.712909,2.42518,0.234537,
1.93696,-28.9411,3.08276,26.5673,-0.710491,2.43,0.233007,
1.93697,-28.9489,3.08011,26.5737,-0.708462,2.43569,0.236805,
1.93663,-28.9569,3.07799,26.58,-0.705852,2.43931,0.227602,
1.93648,-28.9649,3.07547,26.5864,-0.703492,2.4445,0.226456,
2.12222,-28.9728,3.07303,26.5927,-0.701024,2.44933,0.225067,
1.93614,-28.9807,3.07063,26.5991,-0.698486,2.45409,0.223397,
1.93596,-28.9886,3.06822,26.6055,-0.695933,2.4588,0.221889,
1.77361,-28.9966,3.0657,26.6119,-0.693552,2.46349,0.221647,
1.93573,-29.0045,3.06325,26.6182,-0.691086,2.46806,0.220596,
1.93561,-29.0124,3.0608,26.6246,-0.688625,2.47261,0.219298,
1.93543,-29.0203,3.05842,26.631,-0.686063,2.47707,0.216994,
1.93525,-29.0283,3.05602,26.6373,-0.683506,2.48143,0.214414,
1.93504,-29.0363,3.05364,26.6437,-0.680862,2.48547,0.210772,
1.93499,-29.0442,3.05102,26.6501,-0.678446,2.4904,0.213062,
1.93477,-29.0521,3.04872,26.6565,-0.675703,2.49422,0.209461,
1.93474,-29.06,3.0461,26.6629,-0.673298,2.49899,0.211702,
2.18021,-29.068,3.04371,26.6693,-0.670684,2.50307,0.210153,
1.9345,-29.0759,3.04124,26.6757,-0.668193,2.50726,0.209264,
1.9344,-29.0838,3.0388,26.6821,-0.665664,2.5114,0.208111,
1.93431,-29.0917,3.03632,26.6885,-0.66317,2.51553,0.207307,
1.93424,-29.0996,3.03386,26.6949,-0.660665,2.51963,0.206472,
1.93416,-29.1075,3.03141,26.7013,-0.658139,2.52377,0.205634,
1.93404,-29.1154,3.02902,26.7077,-0.655561,2.52751,0.202996,
1.93395,-29.1234,3.02657,26.7142,-0.652968,2.53148,0.201673,
5.81033,-29.1313,3.02409,26.7206,-0.650439,2.53539,0.201174,
1.93387,-29.1392,3.0216,26.727,-0.647946,2.53931,0.20113,
1.93379,-29.1471,3.01921,26.7334,-0.645323,2.54281,0.198654,
1.93368,-29.155,3.01682,26.7398,-0.642607,2.5465,0.196802,
1.93366,-29.1629,3.01433,26.7463,-0.640035,2.55014,0.196679,
1.93366,-29.1708,3.01184,26.7527,-0.637458,2.55373,0.197103,
1.93371,-29.1786,3.00934,26.7592,-0.634926,2.55751,0.198683,
3.73741,-29.1864,3.00655,26.7656,-0.632954,2.56194,0.204853,
3.34578,-29.1944,3.00483,26.7719,-0.629731,2.56343,0.189921,
1.93362,-29.2023,3.00223,26.7784,-0.627308,2.56723,0.18958,
1.93358,-29.2102,2.99983,26.7848,-0.624583,2.57043,0.1878,
1.93359,-29.2181,2.99737,26.7913,-0.621971,2.57356,0.187188,
1.93361,-29.226,2.99493,26.7977,-0.619316,2.57656,0.18632,
1.93361,-29.2339,2.99252,26.8041,-0.616608,2.57949,0.185121,
1.93361,-29.2418,2.99012,26.8106,-0.613874,2.58234,0.183932,
1.9336,-29.2497,2.98775,26.817,-0.611058,2.58513,0.182603,
1.93365,-29.2575,2.9853,26.8234,-0.608365,2.58795,0.182953,
1.93378,-29.2654,2.98279,26.8299,-0.605812,2.59093,0.185076,
1.93412,-29.2732,2.98008,26.8363,-0.603688,2.59455,0.19067,
1.93382,-29.2811,2.97831,26.8427,-0.60058,2.59501,0.176,
1.9338,-29.289,2.97589,26.8491,-0.597806,2.59796,0.173552,
-0.568514,-29.2969,2.97341,26.8556,-0.595176,2.60041,0.173245,
4.45582,-29.3048,2.97108,26.862,-0.592297,2.60265,0.171258,
1.93399,-29.3126,2.96861,26.8684,-0.589667,2.60486,0.17129,
1.93401,-29.3205,2.96628,26.8749,-0.586794,2.60692,0.169323,
1.93407,-29.3283,2.9639,26.8813,-0.584018,2.60895,0.168222,
1.93413,-29.3362,2.96153,26.8877,-0.58123,2.61087,0.167023,
1.93418,-29.3441,2.95918,26.8942,-0.5784,2.61271,0.165564,
1.93427,-29.3519,2.95678,26.9006,-0.575674,2.61448,0.164907,
-3.5968,-29.3598,2.95445,26.907,-0.572822,2.61614,0.163208,
-4.50238,-29.3676,2.95209,26.9134,-0.570042,2.61774,0.162134,
1.93446,-29.3755,2.94974,26.9199,-0.567231,2.61919,0.160773,
1.93453,-29.3834,2.94739,26.9263,-0.564426,2.62047,0.159335,
1.93452,-29.3912,2.94516,26.9327,-0.561387,2.6214,0.156068,
1.93435,-29.3992,2.94309,26.9391,-0.558025,2.62164,0.151118,
1.93474,-29.407,2.94024,26.9457,-0.555353,2.62437,0.162674,
-2.59008,-29.4148,2.93788,26.9521,-0.552408,2.62531,0.167326,
-3.10962,-29.4225,2.93521,26.9585,-0.549871,2.62757,0.177537,
1.93584,-29.4302,2.93283,26.9649,-0.547381,2.62871,0.182132,
1.93611,-29.438,2.93068,26.9713,-0.544797,2.62919,0.181079,
1.93642,-29.4457,2.92846,26.9777,-0.54215,2.62986,0.179014,
54.0973,-29.4535,2.92635,26.9842,-0.539456,2.63026,0.17759,
6.80406,-29.4613,2.92439,26.9906,-0.536568,2.6305,0.175637,
-12.8156,-29.469,2.92193,26.997,-0.534061,2.63101,0.176175,
1.93757,-29.4768,2.91982,27.0034,-0.531275,2.63102,0.17543,
1.93802,-29.4846,2.91753,27.0098,-0.528721,2.631,0.175835,
1.93794,-29.4923,2.91597,27.016,-0.524586,2.63076,0.164614,
4.21607,-29.5002,2.91347,27.0225,-0.522302,2.6304,0.171229,
1.93904,-29.5079,2.91109,27.0289,-0.519709,2.62966,0.173167,
1.93896,-29.5157,2.90962,27.0351,-0.515662,2.62866,0.164202,
1.93968,-29.5236,2.90696,27.0416,-0.513458,2.62796,0.170275,
1.93953,-29.5314,2.9056,27.0478,-0.50902,2.62655,0.158965,
1.94017,-29.5392,2.90301,27.0542,-0.506653,2.62544,0.166159,
1.94068,-29.547,2.90082,27.0605,-0.50378,2.62376,0.167493,
0.0919613,-29.5548,2.89937,27.0667,-0.499472,2.62205,0.157677,
6.8688,-29.5627,2.89684,27.0731,-0.496957,2.62047,0.163948,
4.71713,-29.5704,2.89482,27.0794,-0.494042,2.61823,0.165909,
6.54098,-29.5782,2.8933,27.0856,-0.489666,2.61635,0.154968,
6.53202,-29.586,2.89075,27.092,-0.487478,2.61433,0.163637,
6.60066,-29.5938,2.88941,27.0981,-0.482793,2.61196,0.150867,
6.74508,-29.6016,2.88676,27.1045,-0.480787,2.60965,0.161706,
6.96866,-29.6094,2.88553,27.1106,-0.475868,2.60696,0.147217,
7.28767,-29.6172,2.88313,27.1169,-0.473307,2.60432,0.155377,
10.4594,-29.625,2.88112,27.1232,-0.47003,2.60133,0.155268,
11.2777,-29.6327,2.87951,27.1293,-0.46587,2.5984,0.14815,
1.94498,-29.6405,2.87736,27.1356,-0.462783,2.5953,0.151744,
1.94546,-29.6483,2.87538,27.1418,-0.459371,2.59193,0.151804,
1.9458,-29.656,2.87364,27.1479,-0.455691,2.5884,0.150069,
1.94632,-29.6638,2.87163,27.1541,-0.452317,2.58494,0.150518,
1.94677,-29.6715,2.86978,27.1603,-0.448829,2.58122,0.149856,
1.94702,-29.6793,2.86819,27.1664,-0.444572,2.57749,0.143255,
1.94766,-29.687,2.86605,27.1726,-0.441484,2.57348,0.14829,
9.18141,-29.6947,2.8641,27.1788,-0.438326,2.56912,0.1511,
9.14162,-29.7024,2.86286,27.1848,-0.433365,2.56498,0.138375,
19.2607,-29.7102,2.86062,27.191,-0.430467,2.56052,0.146359,
20.8821,-29.7179,2.85872,27.1971,-0.427159,2.55556,0.148857,
14.0078,-29.7257,2.8577,27.203,-0.421562,2.55073,0.133122,
14.3478,-29.7335,2.85543,27.2092,-0.418394,2.54528,0.144526,
14.1406,-29.7413,2.8538,27.2152,-0.413736,2.53909,0.146584,
13.5219,-29.7492,2.85354,27.2207,-0.403837,2.53334,0.124229,
12.6826,-29.7575,2.85309,27.2255,-0.3875,2.52977,0.12243,
9.60219,-29.7656,2.8515,27.2316,-0.381952,2.52561,0.121795,
9.61679,-29.7736,2.84961,27.238,-0.378832,2.52125,0.121344,
9.85164,-29.7816,2.84769,27.2445,-0.375722,2.51682,0.120958,
10.3216,-29.7896,2.84575,27.2509,-0.372619,2.51231,0.120601,
1.95212,-29.7976,2.8438,27.2573,-0.369506,2.50772,0.120184,
1.95261,-29.8056,2.84187,27.2637,-0.366363,2.50302,0.119631,
1.95308,-29.8136,2.83993,27.2702,-0.36321,2.49826,0.119073,
1.95359,-29.8216,2.83793,27.2766,-0.360093,2.49345,0.118751,
1.95411,-29.8296,2.83592,27.283,-0.356972,2.48857,0.11842,
10.363,-29.8376,2.83391,27.2895,-0.353839,2.48359,0.118047,
10.4094,-29.8457,2.83189,27.2959,-0.350706,2.47855,0.117694,
10.7208,-29.8537,2.82984,27.3024,-0.347621,2.47347,0.117569,
1.95625,-29.8617,2.82773,27.3089,-0.344672,2.46835,0.117896,
1.95662,-29.8697,2.82588,27.3153,-0.341231,2.46327,0.113035,
12.8247,-29.8777,2.82364,27.3218,-0.338586,2.45817,0.11489,
13.3426,-29.8856,2.82146,27.3283,-0.336052,2.45313,0.114235,
22.103,-29.8935,2.81915,27.3349,-0.33423,2.44824,0.113605,
21.9914,-29.9013,2.8166,27.3418,-0.334513,2.44302,0.113407,
11.0399,-29.9088,2.81305,27.3496,-0.342356,2.43484,0.117122,
1.95999,-29.9169,2.81306,27.3539,-0.325163,2.43397,0.100682,
1.96071,-29.9246,2.81037,27.3604,-0.327703,2.432,0.0901651,
1.96275,-29.9319,2.80577,27.3687,-0.348289,2.42549,0.0719368,
1.96531,-29.9392,2.80028,27.3782,-0.383015,2.41001,0.0428106,
11.0383,-29.9458,2.79378,27.3969,-0.477172,2.35019,-0.0448957,
11.1717,-29.9528,2.78944,27.4097,-0.502823,2.30725,-0.0279399,
22.6792,-29.962,2.79365,27.3917,-0.304948,2.38273,0.136784,
13.3104,-29.9694,2.79315,27.3971,-0.298859,2.37141,0.122171,
1.96282,-29.9771,2.79117,27.4031,-0.295352,2.36229,0.130361,
1.96354,-29.9847,2.78966,27.409,-0.290928,2.35328,0.128224,
1.96437,-29.9923,2.78798,27.4149,-0.286759,2.34435,0.127964,
23.181,-29.9999,2.78654,27.4208,-0.281978,2.33534,0.12258,
23.4372,-30.0075,2.7848,27.4267,-0.277875,2.32592,0.125015,
1.96676,-30.0151,2.7832,27.4326,-0.273536,2.31638,0.12465,
1.96772,-30.0227,2.78148,27.4385,-0.269537,2.30674,0.126344,
12.0153,-30.0303,2.78028,27.4443,-0.264266,2.29723,0.116302,
1.96947,-30.0379,2.77826,27.4503,-0.261053,2.2871,0.125905,
12.2381,-30.0455,2.7776,27.4559,-0.254376,2.27761,0.102148,
13.766,-30.0531,2.77538,27.4619,-0.250976,2.26699,0.115169,
13.9784,-30.0607,2.77375,27.4677,-0.24659,2.25621,0.116168,
12.3604,-30.0683,2.77219,27.4735,-0.242174,2.24554,0.115762,
1.97377,-30.0758,2.77055,27.4794,-0.238058,2.23481,0.116102,
12.562,-30.0833,2.76955,27.4851,-0.232153,2.22431,0.0994307,
1.97541,-30.0909,2.76767,27.4911,-0.228026,2.21259,0.103486,
14.2741,-30.0985,2.76667,27.4969,-0.22108,2.19998,0.0859414,
25.1344,-30.1062,2.76574,27.5027,-0.212477,2.18631,0.0663365,
13.0423,-30.1138,2.76457,27.5084,-0.20669,2.17586,0.0524439,
1.97817,-30.1215,2.7626,27.5142,-0.202713,2.16407,0.0606455,
1.97909,-30.1291,2.76108,27.5199,-0.197915,2.15216,0.0593061,
1.97996,-30.1368,2.75962,27.5256,-0.192863,2.14014,0.0562769,
14.5909,-30.1445,2.75811,27.5313,-0.187632,2.12774,0.0552855,
25.4902,-30.1521,2.75622,27.537,-0.184678,2.11666,0.0623807,
12.855,-30.1597,2.75454,27.5427,-0.180345,2.104,0.0655407,
13.3273,-30.1673,2.75285,27.5484,-0.176209,2.0914,0.0682052,
1.98541,-30.1749,2.75112,27.5542,-0.172381,2.07851,0.0717447,
1.98578,-30.1825,2.75044,27.5597,-0.165423,2.06613,0.046011,
1.98691,-30.1902,2.74862,27.5656,-0.160213,2.05174,0.0505472,
27.1207,-30.1978,2.74724,27.5711,-0.15543,2.03945,0.0418267,
15.5544,-30.2055,2.74588,27.5768,-0.148477,2.02452,0.0369763,
14.0853,-30.2131,2.74346,27.5826,-0.147464,2.0131,0.0550467,
1.99128,-30.2207,2.74189,27.5882,-0.142845,1.99927,0.0544884,
1.9923,-30.2283,2.74041,27.5938,-0.137883,1.98563,0.0501224,
27.8249,-30.2359,2.73861,27.5996,-0.133648,1.97151,0.0538232,
14.6654,-30.2435,2.73693,27.6053,-0.129389,1.95732,0.0547829,
1.99526,-30.2511,2.73617,27.6106,-0.122047,1.94351,0.0313679,
15.9784,-30.2587,2.73364,27.6164,-0.119935,1.92956,0.0518436,
1.99821,-30.2663,2.73195,27.622,-0.115335,1.91483,0.0533447,
29.0494,-30.2739,2.73014,27.6276,-0.11116,1.90034,0.0585227,
15.4334,-30.2815,2.72808,27.6333,-0.108357,1.88632,0.0717242,
2.00246,-30.2889,2.72634,27.6386,-0.105848,1.87477,0.06886,
2.00458,-30.2964,2.72352,27.6444,-0.104964,1.85973,0.0971051,
2.0059,-30.3038,2.72199,27.6499,-0.100052,1.84395,0.09328,
30.1155,-30.3113,2.72018,27.6555,-0.0957901,1.82808,0.0959929,
30.8614,-30.3187,2.7184,27.6611,-0.0915307,1.81215,0.0974717,
2.01044,-30.3262,2.71688,27.6666,-0.0864674,1.79639,0.0911668,
2.01216,-30.3336,2.71497,27.6722,-0.0822666,1.78001,0.0954451,
2.01383,-30.341,2.71321,27.6778,-0.0777914,1.7636,0.0957955,
16.1544,-30.3485,2.71162,27.6833,-0.0727348,1.74721,0.0909079,
31.6589,-30.3559,2.70972,27.6888,-0.0683614,1.73022,0.0947926,
17.6156,-30.3633,2.7079,27.6944,-0.0638449,1.71313,0.0967188,
17.4269,-30.3707,2.70602,27.6999,-0.0597605,1.69586,0.101066,
2.02255,-30.3781,2.70482,27.7052,-0.0536692,1.6792,0.0849777,
2.02464,-30.3856,2.70279,27.7107,-0.0493244,1.66126,0.0916083,
2.02671,-30.393,2.70091,27.7162,-0.0447619,1.64317,0.0952754,
17.8775,-30.4005,2.69904,27.7217,-0.0402911,1.62505,0.0987282,
33.4532,-30.4079,2.69713,27.7272,-0.036429,1.60679,0.104854,
17.6309,-30.4153,2.69632,27.7323,-0.0291935,1.58974,0.0767626,
18.3926,-30.4228,2.69386,27.7379,-0.0259244,1.57032,0.0963259,
19.7261,-30.4302,2.69206,27.7433,-0.0214812,1.55167,0.097634,
2.04005,-30.4376,2.69051,27.7486,-0.0165298,1.53349,0.091135,
2.04277,-30.445,2.68851,27.754,-0.0131233,1.51502,0.0966792,
18.6113,-30.4523,2.68665,27.7593,-0.0106622,1.49749,0.0976118,
19.0431,-30.4597,2.68538,27.764,-0.00819453,1.48241,0.0751335,
2.05078,-30.4672,2.68294,27.7683,-0.0125698,1.46929,0.0773242,
20.1796,-30.4751,2.68098,27.7707,-0.025477,1.46417,0.0576043,
20.7067,-30.4841,2.68121,27.7679,-0.0547678,1.47718,-0.0105138,
21.8824,-30.496,2.6896,27.7542,-0.13147,1.52822,-0.0511794,
19.544,-30.5123,2.76274,27.7151,-0.325433,1.67494,-0.0341423,
20.0134,-30.4564,2.63951,27.7747,0.067296,1.26992,0.099506,
2.03016,-30.4627,2.63807,27.7791,0.072715,1.24688,0.102393,
2.03338,-30.4691,2.63655,27.7836,0.0777883,1.22458,0.105309,
22.1347,-30.4754,2.63504,27.7882,0.0825615,1.20232,0.10885,
22.9406,-30.4816,2.63389,27.7926,0.0883154,1.18026,0.102253,
42.8323,-30.4878,2.63235,27.7971,0.0923697,1.15748,0.110975,
20.791,-30.4938,2.63119,27.8014,0.0965064,1.13485,0.113391,
2.0525,-30.4997,2.6306,27.8054,0.101363,1.1126,0.102454,
2.05687,-30.5056,2.63021,27.8092,0.105036,1.09007,0.0924729,
2.06028,-30.5115,2.63141,27.8121,0.110889,1.068,0.0449725,
25.3587,-30.518,2.63527,27.8136,0.120311,1.04491,-0.0557513,
26.5464,-30.5261,2.64675,27.8121,0.145418,1.01852,-0.311882,
48.304,-30.5381,2.67847,27.804,0.218887,0.980334,-0.940891,
22.2155,-30.5594,2.76762,27.7817,0.433452,0.907716,-2.46065,
22.0407,-30.6004,3.04113,27.726,1.05914,0.750651,-6.19113,
1.11321,-30.6482,3.66971,27.6473,3.56397,-0.0367389,-12,
1.60329,-30.828,2.68682,27.8754,-0.115561,1.59385,-0.67474,
1.69737,-30.714,2.47243,28.0249,0.229837,0.759015,3.56344,
29.8863,-30.5554,0.271143,28.5771,-4.81325,1.3051,12,
27.2302,-30.5288,5.89365,27.0127,7.22965,1.68308,-12,
31.1563,-30.7022,2.57571,27.8883,1.37631,0.200322,-4.14223,
34.3162,-30.8434,2.72322,27.8398,0.912861,-0.575478,7.43662,
22.6186,-30.7588,2.27238,27.9949,0.345136,1.01773,0.344313,
23.4401,-30.7654,2.27349,28.0011,0.345412,1.01683,0.345281,
1.72912,-30.7722,2.27437,28.0077,0.345,1.01741,0.345691,
1.72941,-30.779,2.27522,28.0142,0.344543,1.01811,0.346154,
1.72972,-30.7858,2.27607,28.0208,0.344081,1.0188,0.346742,
58.6515,-30.7926,2.27691,28.0273,0.343621,1.01949,0.347452,
61.454,-30.7994,2.27775,28.0339,0.343168,1.02014,0.348336,
42.4465,-30.8062,2.27858,28.0404,0.342732,1.02072,0.349436,
1.73102,-30.813,2.27942,28.0469,0.342329,1.02118,0.350867,
1.73137,-30.8199,2.28026,28.0534,0.341985,1.02143,0.352783,
1.73171,-30.8268,2.28112,28.0598,0.341746,1.02134,0.355453,
46.7294,-30.8338,2.28201,28.0661,0.341693,1.02072,0.359301,
75.4955,-30.841,2.28296,28.0723,0.341979,1.01921,0.365056,
25.7633,-30.8484,2.28401,28.0783,0.342883,1.01624,0.373992,
1.73274,-30.8563,2.28522,28.0839,0.344942,1.0109,0.388354,
1.73271,-30.8649,2.28676,28.0892,0.349189,1.00164,0.412309,
57.0601,-30.8746,2.28889,28.0938,0.357582,0.986087,0.454126,
64.795,-30.8857,2.29226,28.098,0.37351,0.960778,0.532172,
25.9334,-30.8987,2.29842,28.1021,0.400711,0.921982,0.694163,
26.426,-30.913,2.3113,28.1085,0.429667,0.869966,1.08963,
1.69572,-30.9237,2.33837,28.1293,0.347669,0.821157,2.28559,
70.5366,-30.913,2.282,28.1554,0.312519,1.09719,0.324295,
81.4413,-30.9197,2.28303,28.1621,0.312983,1.09667,0.324323,
1.72799,-30.9273,2.28448,28.1684,0.316784,1.09096,0.328509,
25.2697,-30.9354,2.28636,28.1745,0.32149,1.08232,0.333094,
25.3413,-30.9436,2.28847,28.1806,0.326005,1.07253,0.336856,
86.936,-30.9518,2.29065,28.1866,0.329898,1.06283,0.339508,
87,-30.9599,2.2928,28.1926,0.333067,1.05395,0.341121,
87,-30.9677,2.29489,28.1986,0.335562,1.04628,0.341891,
1.72715,-30.9752,2.29689,28.2047,0.337491,1.03992,0.342032,
1.72702,-30.9826,2.29881,28.2108,0.338975,1.03484,0.341735,
21.6561,-30.9897,2.30064,28.217,0.340123,1.03089,0.341155,
20.9137,-30.9967,2.30241,28.2232,0.341029,1.02792,0.340412,
19.4319,-31.0035,2.30411,28.2294,0.341765,1.02572,0.339588,
87,-31.0102,2.30576,28.2356,0.342384,1.02414,0.338742,
87,-31.0168,2.30736,28.2419,0.342925,1.02303,0.337912,
87,-31.0234,2.30893,28.2482,0.343417,1.02226,0.33712,
87,-31.0299,2.31046,28.2545,0.343877,1.02173,0.336379,
1.72779,-31.0364,2.31196,28.2608,0.344317,1.02137,0.335693,
1.72806,-31.0428,2.31344,28.2671,0.344744,1.02113,0.335065,
1.72836,-31.0493,2.31489,28.2735,0.345161,1.02096,0.334492,
1.72869,-31.0557,2.31631,28.2798,0.345572,1.02084,0.333969,
