5,5,5,5,5,5,10,10,10,10,10,10,20,20,20,20,20,20,30,30,30,30,30,30,40,40,40,40,40,40,50,50,50,50,50,50,60,60,60,60,60,60,
final costs,avg Hz,avgTimeDerivs,avgTimeBP,avgTimeFP,avgpercent derivs,final costs,avg Hz,avgTimeDerivs,avgTimeBP,avgTimeFP,avgpercent derivs,final costs,avg Hz,avgTimeDerivs,avgTimeBP,avgTimeFP,avgpercent derivs,final costs,avg Hz,avgTimeDerivs,avgTimeBP,avgTimeFP,avgpercent derivs,final costs,avg Hz,avgTimeDerivs,avgTimeBP,avgTimeFP,avgpercent derivs,final costs,avg Hz,avgTimeDerivs,avgTimeBP,avgTimeFP,avgpercent derivs,final costs,avg Hz,avgTimeDerivs,avgTimeBP,avgTimeFP,avgpercent derivs,
6.32377,437.286,2.15861,0.058815,0.06941,42.5648,1.25359,360.617,2.50909,0.111619,0.152317,34.9972,0.0121036,323.958,2.56045,0.217874,0.308502,30.4819,0.0831408,268.71,2.87616,0.324932,0.520388,28.2438,0.0223691,221.461,3.25559,0.431707,0.828168,27.2884,0.033752,182.298,3.63409,0.538881,1.31255,27.4863,0.00659615,155.77,3.80536,0.645806,1.96855,27.0506,
6.17937,525.245,1.77565,0.0569667,0.0712583,42.5907,1.26322,313.362,2.93682,0.111243,0.143134,35.0417,0.0194073,315.331,2.64239,0.217643,0.311237,30.3653,0.026587,254.13,3.0158,0.326269,0.592919,28.409,0.0117914,221.408,3.16546,0.431475,0.919624,28.2458,0.0065298,183.727,3.61299,0.538668,1.29119,27.6878,0.0118523,157.207,3.82149,0.644359,1.89519,27.5889,
19.6764,441.173,2.08456,0.0569508,0.125173,43.5,0.855877,452.166,1.97529,0.110674,0.125618,36.2898,0.550779,293.783,2.81088,0.218742,0.374242,30.0537,0.0253515,264.786,2.90284,0.324809,0.548982,28.0688,0.0484096,215.925,3.21068,0.436111,0.984458,27.8574,0.00666717,182.921,3.63934,0.569374,1.25812,28.0426,0.0325599,148.422,4.37691,0.65303,1.7076,27.7022,
19.098,425.632,2.17475,0.0566433,0.118054,43.3741,1.37851,344.917,2.6221,0.110326,0.166818,34.5861,0.0431093,287.264,2.91171,0.218147,0.351259,30.0144,0.051251,244.902,3.18527,0.325671,0.572322,28.217,0.0791364,221.19,3.27726,0.431448,0.812283,27.7644,0.00808673,174.952,3.79645,0.539012,1.38038,27.3794,0.00843831,138.537,4.62221,0.666563,1.92953,27.6599,
6.49169,532.641,1.75195,0.0564017,0.06909,41.3852,1.28708,372.596,2.43006,0.110628,0.143183,35.1731,0.0600915,320.475,2.58869,0.217561,0.314112,29.5259,0.0433627,283.349,2.62149,0.323784,0.58394,28.0216,0.0100272,227.34,3.11376,0.430947,0.853989,27.8234,0.00945522,182.148,3.46316,0.538634,1.48824,27.7956,0.0165352,153.939,3.97841,0.662148,1.85551,27.5531,
6.27756,499.121,1.87577,0.0565533,0.0712,42.2685,1.37535,351.447,2.56096,0.111003,0.173409,34.9981,0.639938,309.384,2.63517,0.217808,0.379253,30.1944,0.692918,271.852,2.78862,0.324224,0.565633,28.5108,0.00439304,228.155,2.91697,0.431884,1.03412,27.0998,0.0110918,190.594,3.3284,0.538173,1.38018,27.3833,0.0128701,154.741,4.02515,0.644937,1.79233,27.923,
6.31792,525.095,1.7772,0.0566233,0.07059,41.1444,1.347,397.595,2.23316,0.111313,0.170645,34.862,0.107037,323.962,2.47443,0.231072,0.381275,29.3231,0.00715423,286.144,2.64898,0.324916,0.52085,27.6346,0.0296345,222.741,3.10591,0.450502,0.93311,28.3044,0.0115939,185.413,3.3986,0.53887,1.45589,27.6052,0.018171,155.337,3.93336,0.653778,1.85048,27.4738,
6.48053,508.703,1.83918,0.0567408,0.0698633,41.0611,1.34261,367.652,2.44502,0.110754,0.164186,34.7981,0.0344485,302.382,2.76002,0.217899,0.32916,29.7833,0.196961,261.016,2.93436,0.327922,0.568904,27.8599,0.00850587,232.741,3.04588,0.435319,0.815423,27.5748,0.00513121,183.391,3.48788,0.538358,1.42658,27.8943,0.0323729,161.185,3.75959,0.646318,1.79815,27.7025,
6.28404,529.493,1.76275,0.0564058,0.0694408,41.163,1.21438,421.11,2.13706,0.111143,0.126479,35.5639,0.123852,315.406,2.6355,0.219147,0.315868,29.8037,0.0477496,255.969,3.06979,0.326571,0.510364,27.5651,0.0448321,231.233,3.09766,0.430888,0.796087,27.8678,0.00774534,182.75,3.47174,0.541211,1.459,27.5172,0.0186742,163.372,3.8953,0.643282,1.58244,27.0622,
6.05903,529.43,1.76186,0.0567183,0.0702458,41.3315,1.18656,390.997,2.24462,0.110618,0.202329,34.6722,0.0707237,313.497,2.66087,0.217897,0.311052,29.7194,0.106975,241.365,3.16902,0.32689,0.647195,28.712,0.0196064,216.528,3.26203,0.433843,0.922473,27.2289,0.0106347,185.104,3.66528,0.537713,1.19938,27.5591,0.0132463,156.558,4.03492,0.642802,1.70968,27.609,
6.40937,511.793,1.82695,0.0565783,0.0703883,41.0981,1.37113,370.356,2.43107,0.111658,0.157377,34.7611,0.0892937,328.023,2.48687,0.218056,0.343637,29.5894,0.0355853,269.335,2.88363,0.325383,0.503841,27.8704,0.0124218,218.022,3.32418,0.432302,0.830216,27.8852,0.0179097,193.78,3.34644,0.538914,1.27514,27.5794,0.020815,164.199,3.86865,0.651857,1.56966,27.6887,
6.25214,508.519,1.83868,0.0564883,0.071325,41.0907,1.07458,430.217,2.08327,0.110838,0.130301,36,0.629983,314.14,2.63557,0.217807,0.329912,30.1102,3.90541,265.69,2.89557,0.326168,0.542049,29.7336,0.0168423,225.862,3.16639,0.431792,0.829311,27.7484,0.0066831,188.649,3.31362,0.539789,1.44744,26.6161,0.0132534,151.822,4.11191,0.64555,1.82919,26.973,
19.4554,425.465,2.17466,0.0568308,0.11888,43.5278,1.32158,379.325,2.37411,0.111138,0.151013,34.8389,0.0887372,315.878,2.59584,0.218121,0.351822,29.5292,0.0137545,269.135,2.86806,0.325423,0.522119,27.9148,0.0313386,215.182,3.21464,0.433093,0.999491,27.5949,0.0197868,190.35,3.57657,0.539886,1.13701,27.1509,0.0213839,149.336,4.09643,0.646996,1.95286,28.0886,
6.29347,516.782,1.80714,0.0568817,0.0710342,41.1648,1.25478,373.446,2.41191,0.111239,0.154611,34.5546,0.202526,316.803,2.64586,0.218365,0.292312,30.0866,0.0134352,274.11,2.79836,0.325193,0.524608,28.0522,0.0324362,226.065,3.06337,0.432227,0.927922,27.5053,0.0101604,185.221,3.55642,0.538794,1.30374,27.8678,0.0234266,159.818,3.92734,0.645173,1.68462,27.6373,
6.45084,522.059,1.78779,0.0568192,0.0708792,41.2074,1.26833,376.813,2.39448,0.111665,0.147693,34.3861,1.00728,321.419,2.48958,0.218479,0.403147,29.5861,0.121794,282.662,2.65663,0.32539,0.555777,28.241,0.0062818,224.782,3.21649,0.431915,0.800352,27.3546,0.0466299,183.229,3.63294,0.540487,1.28422,26.8909,0.0362117,155.925,3.7292,0.659499,2.02463,27.5427,
6.36792,512.296,1.82518,0.0569758,0.0698383,41.2741,1.40685,395.554,2.27063,0.111059,0.14641,34.3111,0.903185,320.33,2.48545,0.219443,0.416885,29.5079,0.0650051,270.64,2.84807,0.329567,0.517307,28.0306,0.046457,195.706,3.69047,0.436098,0.983138,27.6391,0.0347451,186.433,3.56291,0.538494,1.26246,28.2165,0.0153925,156.699,3.89079,0.650402,1.84048,26.7557,
6.51197,512.508,1.82573,0.0568167,0.0686425,41.1074,1.41933,405.696,2.18648,0.110888,0.167536,34.0389,0.106668,314.278,2.65057,0.218445,0.312879,29.6403,0.0276975,274.391,2.81162,0.324948,0.507873,27.8432,0.0198354,225.508,3.2338,0.431288,0.769337,27.4292,0.0132651,191.469,3.55691,0.537815,1.12806,27.128,0.012318,150.015,4.18229,0.646093,1.83764,27.6562,
6.39626,524.8,1.77933,0.0564042,0.0697583,41.2056,1.27747,421.209,2.12252,0.111069,0.140527,35.5472,0.972661,274.957,2.98045,0.227035,0.429445,29.3968,0.029096,257.295,3.10308,0.326364,0.45714,27.8065,0.0266284,222.171,3.12587,0.434431,0.940746,28.1502,0.00347983,194.334,3.23706,0.541338,1.36738,27.7624,0.0174298,152.132,4.22872,0.644634,1.69991,27.7373,
6.31362,508.037,1.84201,0.0565683,0.0697858,41.6815,0.900227,429.313,2.04485,0.111015,0.173436,34.9963,0.0891478,350.691,2.30709,0.2179,0.32653,29.4194,0.630023,263.133,2.87233,0.325266,0.602766,28.4068,0.00774694,225.332,3.16971,0.432094,0.836088,27.4884,0.0104783,175.736,3.8761,0.539178,1.27508,27.7506,0.0181555,150.507,4.36929,0.645705,1.62923,27.4608,
6.4264,529.369,1.76271,0.0566092,0.0697275,41.4611,0.83585,410.651,2.12946,0.112292,0.193404,34.6796,0.924649,312.498,2.59052,0.219561,0.389934,29.844,0.00584258,259.807,2.91561,0.325221,0.608184,27.9389,0.01039,225.569,3.04378,0.449061,0.940384,27.6183,0.0141133,172.208,3.91306,0.539116,1.35477,26.9224,0.238356,163.902,3.83309,0.645818,1.62232,28.1776,
6.44741,480.29,1.95659,0.0565258,0.0689617,41.3852,1.39451,370.794,2.43837,0.111446,0.147103,34.3102,0.0911136,312.788,2.6735,0.218911,0.304645,29.9157,0.0879784,234.4,3.31821,0.335624,0.612379,28.7806,0.0188642,216.562,3.31775,0.431819,0.868047,27.6877,0.0129072,194.708,3.71642,0.543713,0.875776,27.2978,0.011109,154.942,4.08628,0.659423,1.70831,27.3133,
6.33024,490.883,1.91003,0.0570375,0.0700742,41.6074,1.43192,386.433,2.30773,0.111193,0.168853,34.1167,0.101356,329.807,2.48096,0.217672,0.33344,29.3588,0.0761661,257.581,3.02171,0.325466,0.535105,27.854,0.0416338,223.758,3.08674,0.431754,0.95063,27.4954,0.0328062,183.737,3.60319,0.538489,1.30089,28.0024,0.0246098,156.31,3.91276,0.656988,1.82779,27.8548,
19.2116,415.073,2.22203,0.058415,0.128777,43.6093,1.43243,373.982,2.38749,0.112408,0.174025,34.0935,0.096654,307.16,2.73498,0.217897,0.302764,29.7306,0.358064,251.602,2.97655,0.325613,0.672367,28.4617,0.0239083,216.19,3.34776,0.432127,0.845665,28.0067,0.0116614,192.068,3.42189,0.547162,1.23745,27.7411,0.0162801,146.098,4.39761,0.662228,1.78487,27.8465,
6.32352,506.314,1.84522,0.0596533,0.0701825,41.3907,1.40223,383.812,2.33753,0.112454,0.155454,34.1241,0.113625,310.817,2.66026,0.218162,0.338904,29.7926,0.00847587,258.437,2.97411,0.324873,0.570425,27.8722,0.0213487,221.722,3.1407,0.431172,0.938288,27.6127,0.00901519,181.659,3.37238,0.537908,1.59454,27.3459,0.00914704,157.16,3.73623,0.646167,1.98053,27.2853,
6.62092,495.487,1.8923,0.0567275,0.069185,41.6074,1.27286,361.998,2.4704,0.119427,0.172622,34.1519,0.0671262,296.753,2.76919,0.227352,0.373269,29.5088,0.00579829,284.156,2.62933,0.325557,0.564308,27.9957,0.0606324,202.829,3.49918,0.432799,0.998289,27.7935,0.00401086,188.384,3.44925,0.539304,1.31975,27.8848,0.00626443,160.478,3.79049,0.646626,1.79428,27.2301,
6.43606,490.308,1.91292,0.0571917,0.0694192,41.6389,1.33098,399.232,2.2446,0.111204,0.149011,34.0213,0.0865249,315.092,2.61683,0.218196,0.338659,29.6176,0.0729268,230.2,3.3982,0.327593,0.618249,28.9451,0.0122949,220.87,3.24105,0.462087,0.824426,27.3192,0.0352981,166.029,3.81813,0.541711,1.66318,28.3215,0.04215,150.679,4.05886,0.645323,1.93244,27.9528,
6.51198,507.571,1.84412,0.0565333,0.0695133,41.8574,1.29243,386.238,2.3171,0.111214,0.160759,33.962,0.372937,301.154,2.76137,0.220896,0.338294,30.1347,0.0466499,257.092,3.04377,0.326577,0.5193,27.8444,0.0240765,218.169,3.26531,0.432038,0.886262,27.1822,0.0178458,189.727,3.56774,0.538872,1.16412,27.8415,0.0118981,157.547,3.69167,0.645747,2.00988,27.4469,
6.56757,383.384,2.46987,0.0650742,0.0734075,41.0981,1.35966,350.718,2.58273,0.111386,0.157177,34.0704,0.0808249,309.694,2.69893,0.217665,0.312397,29.2361,0.0182493,252.235,3.04455,0.324698,0.595309,28.2682,0.0310862,219.026,3.43673,0.431047,0.697878,27.8009,0.00891342,193.63,3.53268,0.538131,1.09369,26.8963,0.00535649,164.439,3.80185,0.646493,1.63295,26.6235,
6.60449,483.695,1.93911,0.0574808,0.0708242,41.9667,1.32735,379.182,2.37168,0.111486,0.154089,33.8833,1.16785,313.223,2.56371,0.218318,0.41058,30.0241,0.249707,247.848,3.11486,0.325758,0.59411,28.4281,0.0388283,221.957,3.30495,0.432852,0.767578,27.6583,0.0240056,188.892,3.3221,0.538426,1.4335,28.0189,0.015294,155.609,3.81718,0.645343,1.96383,27.944,
6.66148,466.655,2.01397,0.0568367,0.0721,42.5204,1.47908,372.566,2.42068,0.111835,0.151574,34.0676,0.0480187,302.054,2.77282,0.217835,0.320018,29.9815,0.0318055,265.566,2.87244,0.325378,0.567728,28.4491,0.18851,219.483,3.28742,0.432657,0.836085,28.0155,0.0129194,184.149,3.5652,0.538624,1.32657,28.393,0.0147489,152.144,4.00009,0.648882,1.92373,27.6941,
6.64657,492.867,1.90209,0.0565375,0.0703183,42.0426,1.46452,398.92,2.2304,0.111173,0.165194,33.6222,1.1623,311.853,2.5565,0.219132,0.43101,29.5773,0.14716,246.892,3.23372,0.325362,0.491268,28.1074,0.0363114,201.662,3.45353,0.434468,1.07079,28.4322,0.017639,180.824,3.54277,0.53724,1.45024,27.4691,0.0703963,158.855,3.77311,0.643552,1.87837,27.8613,
19.0587,422.279,2.19533,0.0572483,0.115518,43.5759,1.39197,399.722,2.24095,0.111678,0.149111,33.7213,0.812633,298.882,2.69661,0.218315,0.430874,29.9556,0.21249,242.492,3.21161,0.324333,0.587901,28.6343,0.0161173,222.8,3.24306,0.432222,0.813041,27.6711,0.0157033,185.419,3.44807,0.543813,1.40131,27.9669,0.0154287,157.851,3.85127,0.646177,1.83762,27.9968,
6.50106,490.776,1.91167,0.0565817,0.0693358,41.4685,1.44632,406.176,2.2011,0.111018,0.14987,33.7778,1.1076,303.802,2.64711,0.21791,0.426602,29.8019,0.0829052,261.546,2.99463,0.325028,0.503753,28.1463,0.0743963,214.194,3.28914,0.431772,0.947753,27.6417,0.0110935,197.046,3.26724,0.538758,1.26895,27.3883,0.0125799,150.141,3.91729,0.644434,2.09867,28.1424,
18.4433,421.537,2.20084,0.05656,0.11487,43.4111,1.47293,378.671,2.36476,0.111194,0.164863,33.6833,0.190958,301.874,2.76016,0.218552,0.333921,29.9819,0.109865,266.725,2.77197,0.326287,0.650926,28.6463,0.0417587,202.798,3.40561,0.464823,1.06059,28.0674,0.0160538,180.707,3.44035,0.544936,1.54853,27.7435,0.0226799,158.888,3.91457,0.645231,1.73394,26.4744,
18.7381,412.63,2.25249,0.0569983,0.113993,43.6148,1.37194,405.553,2.20538,0.110854,0.149538,33.7287,0.0894683,305.105,2.76234,0.218658,0.296567,29.4963,0.00895878,267.62,2.89469,0.324723,0.517229,27.6762,0.0106804,220.201,3.00837,0.435507,1.09743,27.1065,0.00877421,182.436,3.5064,0.542848,1.43212,27.348,0.0209004,152.015,3.96604,0.661497,1.95078,27.7696,
19.069,388.07,2.40026,0.0590833,0.117514,43.5648,1.45477,384.334,2.33402,0.114363,0.153518,33.9139,0.205977,317.763,2.60863,0.218816,0.319551,29.5903,0.175859,249.691,2.91765,0.340594,0.746713,28.5343,0.181057,225.493,3.01815,0.438803,0.97778,27.312,0.0337111,182.855,3.59467,0.541375,1.33277,27.1111,0.00974952,153.556,4.11297,0.647788,1.75152,27.5238,
6.37227,441.788,2.13627,0.0569925,0.0702683,42.8926,1.4309,407.845,2.19005,0.110812,0.151048,33.8241,1.05823,304.7,2.60562,0.223369,0.452922,29.6292,0.101777,251.275,3.09792,0.326671,0.555102,28.4954,0.0247018,217.125,3.2958,0.431514,0.878326,26.7762,0.034398,162.938,3.99077,0.538393,1.60812,28.0724,0.0103451,155.932,3.99921,0.644855,1.76899,27.0488,
6.13785,444.743,2.11512,0.0565467,0.0768275,42.7815,1.41492,405.988,2.19334,0.112438,0.157343,33.9435,0.738302,300.903,2.70773,0.218803,0.396794,29.9333,0.131089,238.817,3.15044,0.332653,0.704206,28.5377,0.0198296,221.659,3.15397,0.442832,0.914634,27.8778,0.0267001,188.521,3.31167,0.539059,1.45371,27.8222,0.0396063,155.475,3.96711,0.645634,1.81914,27.85,
6.21764,451.93,2.07446,0.0567492,0.0815192,41.7463,1.33206,414.694,2.15153,0.111392,0.148494,33.4861,0.188278,309.123,2.71153,0.218272,0.305153,29.4236,0.0619404,251.121,2.95545,0.326664,0.700038,28.7244,0.0428645,193.02,3.70603,0.438347,1.03643,27.1627,0.0368248,190.38,3.59386,0.543943,1.11486,28.1054,0.0236053,157.434,3.81701,0.646142,1.88874,27.6127,
18.4429,421.286,2.20649,0.0567967,0.110398,43.4093,1.36525,411.437,2.17273,0.110863,0.146907,33.5167,1.13279,309.019,2.6219,0.217505,0.396645,29.4227,0.276384,270.023,2.86615,0.325118,0.512126,28.8198,0.0410897,219.134,3.22767,0.431878,0.903868,27.1178,0.0494248,166.444,4.09469,0.539528,1.37381,28.0424,0.012009,157.138,3.94538,0.646438,1.77203,27.494,
6.76021,452.214,2.08506,0.057285,0.0689942,41.1185,1.38999,402.227,2.22277,0.114376,0.149012,33.8241,0.456289,319.557,2.53094,0.219301,0.379088,29.2796,0.0319188,265.634,2.8657,0.327831,0.571051,28.6093,0.0207341,228.35,3.12826,0.432228,0.81876,27.6778,0.0630633,182.966,3.5325,0.54027,1.39272,27.5715,0.0490735,153.723,3.93576,0.644794,1.92464,28.0744,
6.59332,432.444,2.16807,0.0590025,0.0853608,42.713,1.49645,411.167,2.17185,0.111255,0.148991,33.9074,1.1651,318.788,2.53828,0.217662,0.38094,29.5088,0.027739,264.612,2.82516,0.325321,0.628638,28.0574,0.058757,211.623,3.38244,0.436343,0.906599,27.3905,0.0179157,181.477,3.38423,0.545369,1.58075,28.2467,0.00767432,161.441,4.14467,0.643794,1.40574,27.2002,
6.40317,455.72,2.06786,0.0568975,0.0695742,42.6481,1.59586,393.131,2.29233,0.111551,0.139798,33.9991,1.55684,308.254,2.54157,0.21821,0.484301,29.719,0.0196192,258.64,3.00355,0.32566,0.53717,28.2472,0.0332489,219.509,3.13432,0.433405,0.987895,27.735,0.0644403,174.756,3.71705,0.539122,1.4661,27.1633,0.00879378,152.744,4.20614,0.645003,1.69575,27.5122,
6.19769,438.188,2.15484,0.0567667,0.0705175,42.3648,2.00368,406.566,2.20539,0.111412,0.142818,33.9519,0.134803,314.247,2.65497,0.218121,0.309122,29.4181,0.0531014,265.927,2.83636,0.338636,0.585425,28.0012,0.082085,208.632,3.49882,0.432027,0.862285,28.2634,0.0204915,189.64,3.55435,0.542414,1.17639,27.8033,0.0100632,153.824,4.17575,0.644307,1.68088,27.2035,
18.1864,382.594,2.44573,0.0584433,0.109562,43.4463,2.76794,405.051,2.19877,0.111435,0.158621,34.1028,0.627556,299.645,2.72709,0.218456,0.391742,29.7949,0.0941559,258.962,2.89253,0.326403,0.642637,28.3093,0.034099,220.051,3.16811,0.432281,0.94402,27.4035,0.0115183,191.656,3.32887,0.539438,1.34936,27.6902,0.0204359,154.161,3.99457,0.649307,1.84285,27.7906,
6.27798,423.984,2.2299,0.05733,0.0713458,42.4352,2.52179,397.432,2.2596,0.111808,0.14475,34.238,0.513026,318.574,2.55657,0.220168,0.362247,29.4898,0.0802042,252.223,3.00225,0.327057,0.635429,28.4123,0.0248688,207.028,3.45962,0.432503,0.938138,28.0903,0.00870521,181.311,3.41331,0.542899,1.55917,27.8876,0.30542,159.959,3.93841,0.646663,1.66652,28.6719,
17.5121,398.075,2.34664,0.0586725,0.106779,43.4907,2.28536,383.014,2.3276,0.117829,0.165443,34.0926,0.78528,315.556,2.5696,0.219059,0.380349,29.9847,0.0856053,246.139,3.19794,0.32585,0.538952,28.9127,0.0164489,216.041,3.29627,0.433991,0.898499,27.1204,0.0263575,186.851,3.50168,0.540139,1.31003,27.4281,0.0487946,148.284,4.03214,0.649582,2.06208,28.5227,
6.19075,430.015,2.18082,0.057125,0.0875517,42.8204,2.5402,385.327,2.32419,0.113289,0.157716,34.1389,1.161,297.856,2.68262,0.220564,0.454146,29.6565,0.129936,237.247,3.1812,0.329532,0.704285,28.7617,0.0186323,225.436,3.10781,0.436225,0.891807,27.7477,0.0146046,179.534,3.54439,0.567647,1.45793,27.8709,0.0352812,151.015,4.18471,0.658378,1.77876,27.4576,
17.7366,408.703,2.28542,0.0569125,0.104436,43.5185,2.62093,391.471,2.28148,0.111193,0.161795,34.0935,1.00884,323.776,2.48297,0.217627,0.387964,29.556,0.413498,247.385,3.08161,0.325478,0.635197,28.0046,0.0226969,198.247,3.68384,0.435716,0.924656,28.0278,0.0194067,190.129,3.44145,0.538506,1.27962,27.9956,0.0462096,152.932,4.25592,0.643808,1.63913,27.5889,
17.7239,403.988,2.3131,0.0566317,0.105589,43.5241,2.94462,399.145,2.22216,0.110764,0.172428,34.1065,1.15415,318.413,2.493,0.217959,0.429614,29.8181,0.722178,258.898,2.91849,0.325506,0.618539,28.0605,0.0151259,234.884,2.94776,0.431592,0.878073,27.297,0.0107988,180.249,3.47066,0.538591,1.53864,27.6972,0.0250512,150.308,3.93663,0.645397,2.07097,28.6347,
17.4098,407.08,2.29547,0.0568933,0.104157,43.5574,4.11659,404.747,2.18465,0.110936,0.175093,34.0306,0.232771,317.967,2.60168,0.218828,0.324476,29.7773,0.0592117,265.365,2.76994,0.325231,0.673219,28.4966,0.0112019,214.468,3.26825,0.433011,0.96143,27.0817,0.0202276,188.761,3.54781,0.538221,1.21169,26.9594,0.0237314,159.951,3.9192,0.660362,1.67236,27.1167,
17.5304,400.767,2.33368,0.0568317,0.104699,43.4111,3.37393,386.727,2.31052,0.111344,0.163942,34.3102,0.299769,318.888,2.62095,0.217972,0.296973,29.613,4.21658,229.564,3.25796,0.327103,0.771031,29.6481,0.0189228,235.335,3.06123,0.432002,0.756037,27.6475,0.0244938,171.175,3.78469,0.539049,1.51822,28.4063,0.0231068,162.373,3.89373,0.644219,1.62072,27.6963,
18.0052,464.061,2.01955,0.0567508,0.0785883,41.9463,3.65988,392.795,2.2588,0.111399,0.175659,33.9435,0.832394,310.049,2.62258,0.217449,0.385268,29.7921,0.0187135,276.892,2.70369,0.325581,0.582242,28.0235,0.0423965,216.97,3.1734,0.442619,0.992918,27.485,0.0208202,192.423,3.4863,0.540067,1.17051,27.7102,0.0191739,159.866,3.8259,0.645077,1.78425,27.5225,
6.57774,427.637,2.21076,0.05677,0.0708983,42.6667,4.30344,399.742,2.2219,0.111006,0.1687,34.2454,0.246396,314.248,2.57986,0.218529,0.383802,29.4875,0.0491424,262.896,2.91944,0.324839,0.559513,28.3386,0.0213917,210.201,3.20378,0.434442,1.11912,27.3116,0.0421278,180.809,3.55877,0.540054,1.43188,27.8537,0.0578271,154.486,3.96141,0.644426,1.86723,28.0438,
16.6356,400.98,2.3344,0.0568217,0.102668,43.437,4.35188,385.751,2.30311,0.111218,0.178014,34.1898,0.0891883,310.333,2.69063,0.217742,0.313976,29.288,0.107088,243.046,3.19308,0.325437,0.595924,28.7145,0.027492,221.346,3.25886,0.432744,0.826203,27.4157,0.0325743,186.85,3.51828,0.540818,1.2928,27.5441,0.0368483,151.372,3.96535,0.64909,1.99181,27.6335,
17.1852,404.473,2.31376,0.0573542,0.101236,43.4907,5.03125,396.339,2.22473,0.111248,0.187117,34.1843,0.176585,325.504,2.52633,0.217943,0.327884,29.6764,0.53431,280.07,2.74005,0.324419,0.506072,27.7725,0.0252795,227.241,3.04197,0.432389,0.926257,27.4826,0.0171508,188.351,3.47316,0.54232,1.29376,27.5787,0.0362124,162.539,3.73043,0.645283,1.77667,27.454,
17.0337,399.922,2.33922,0.0566458,0.104621,43.2741,4.87401,394.876,2.242,0.110879,0.179558,34.3639,0.106429,315.929,2.59465,0.217788,0.352833,29.6088,0.0372676,272.95,2.81194,0.324718,0.527015,27.7586,0.0244395,230.998,3.06236,0.432307,0.834373,27.5602,0.0128214,190.252,3.47477,0.548536,1.23288,27.5119,0.0249068,159.271,3.79479,0.643997,1.83981,27.5579,
17.0421,457.76,2.04827,0.0565592,0.079725,41.937,5.23395,401.978,2.20062,0.111624,0.175449,34.2157,0.195089,319.476,2.58223,0.218557,0.329336,29.3634,0.0539038,269.352,2.82348,0.326823,0.562306,28.3528,0.00941788,219.229,3.22546,0.433158,0.902816,27.9257,0.0174394,185.974,3.64246,0.541818,1.19283,27.8813,0.00941211,151.374,3.82024,0.64547,2.14044,28.4432,
16.1651,395.89,2.36615,0.0569842,0.102818,43.3722,4.55452,385.077,2.30431,0.11243,0.180146,34.3046,0.784458,311.604,2.60137,0.219356,0.388479,29.9713,0.083538,272.645,2.77121,0.327714,0.56885,28.5046,0.0404568,217.251,3.15339,0.434822,1.01475,28.2081,0.00756764,187.751,3.39838,0.540323,1.38751,27.2081,0.0302971,159.099,3.80314,0.644808,1.83745,28.0262,
17.2292,400.612,2.33652,0.05669,0.102973,43.6148,5.36746,389.075,2.27349,0.112273,0.184437,34.3981,0.168471,328.559,2.48343,0.221065,0.339094,29.806,0.047704,262.662,2.93284,0.327083,0.547253,28.2833,0.0255529,224.998,3.0231,0.432952,0.988428,27.1715,0.0259978,183.898,3.49078,0.5391,1.40793,27.2381,0.13712,151.42,4.03978,0.643912,1.92047,28.7622,
16.0668,397.967,2.35495,0.0567775,0.101041,43.3667,5.14809,400.1,2.1948,0.110947,0.193632,34.1306,1.74158,314.048,2.59432,0.217479,0.372428,29.9926,0.0487356,281.38,2.7063,0.325768,0.521852,28.9194,0.0280716,215.047,3.27536,0.43358,0.941208,27.8294,0.0232482,180.179,3.45154,0.544162,1.55433,27.5531,0.0215928,151.445,4.0572,0.647859,1.89799,28.0562,
1.79999,385.6,2.45009,0.05663,0.08664,42.8333,5.42705,386.025,2.2956,0.111069,0.183837,34.4722,0.706976,269.259,3.05466,0.226992,0.432243,29.6185,0.159049,266.913,2.80984,0.326411,0.610292,28.3725,0.0725543,222.226,3.21167,0.43237,0.85588,27.3069,0.00861473,187.395,3.33916,0.54799,1.44917,27.302,0.0363426,150.923,4.11594,0.645116,1.86484,28.3841,
1.89422,384.381,2.4548,0.0566633,0.0901225,43.4481,6.31002,397.232,2.22048,0.112012,0.18493,33.5528,1.07535,322.92,2.48447,0.221079,0.391198,29.5963,0.0243424,264.609,2.85292,0.357507,0.568729,27.8642,0.0373322,222.704,3.14263,0.432235,0.915394,28.1021,0.0275853,193.61,3.33783,0.538804,1.28838,27.5843,0.0506814,151.803,3.95967,0.644841,1.98299,27.7475,
3.38642,433.053,2.18356,0.0563292,0.0693008,43.5907,5.45066,395.055,2.23424,0.111399,0.185647,34.5546,4.87314,312.556,2.56219,0.218199,0.419032,30.0523,0.071724,274.082,2.76456,0.32511,0.558879,28.5667,0.0888039,217.973,3.20321,0.43048,0.954039,27.7697,0.0323426,184.998,3.59422,0.558506,1.25273,27.3039,0.0499537,158.532,3.78245,0.648641,1.87678,28.0051,
3.65961,455.148,2.07138,0.0562925,0.0694108,43.7926,6.08622,397.929,2.21783,0.110921,0.184262,34.2417,0.975289,318.001,2.48196,0.217882,0.444805,29.8736,0.0334673,271.019,2.7865,0.324595,0.578688,28.2537,0.0177274,226.01,3.14007,0.431872,0.852637,27.8602,0.0237451,192.359,3.32894,0.53799,1.33167,27.7576,0.0317226,153.007,3.83782,0.662546,2.03529,27.9623,
3.64066,451.559,2.08582,0.057755,0.0709717,43.7519,5.69936,392.391,2.2515,0.110896,0.18608,34.1694,1.64002,324.363,2.40148,0.21808,0.463407,29.6167,0.0797715,262.958,2.88619,0.324883,0.591807,28.8367,0.0310565,218.655,3.0992,0.432036,1.04217,27.822,0.0163042,187.076,3.30972,0.537836,1.49786,27.8611,2.99313,139.601,4.19697,0.649193,2.3171,28.8557,
3.52516,453.66,2.07905,0.0567592,0.068485,43.7148,6.37331,405.196,2.15631,0.111701,0.199932,34.2528,1.22484,321.254,2.47772,0.223392,0.411689,29.8167,0.48349,258.841,2.94486,0.323986,0.594537,28.3154,0.0353223,217.013,3.24811,0.435503,0.924399,27.6343,0.0404028,179.068,3.68605,0.544538,1.35388,27.7009,0.0500642,137.369,4.81672,0.649883,1.81306,28.0526,
3.62992,500.627,1.87106,0.0562775,0.0701533,43.987,6.54575,386.147,2.28596,0.110988,0.192736,34.2028,4.55961,307.26,2.59146,0.218626,0.444482,29.8079,0.0333975,254.475,3.07284,0.326816,0.530005,28.1559,0.0193719,210.323,3.33012,0.458861,0.965602,28.6734,0.0214273,179.657,3.63724,0.550423,1.37851,27.8604,0.0305666,157.662,3.71737,0.646913,1.97841,28.3503,
3.6527,476.025,1.97365,0.0567983,0.0702867,43.9519,6.38857,396.63,2.22803,0.111818,0.181395,34.0222,5.66206,308.108,2.60414,0.21907,0.422412,29.6583,0.0116333,260.072,3.00552,0.328672,0.510896,28.3475,0.0274401,223.075,3.08149,0.432248,0.969049,27.34,0.0489732,176.633,3.74868,0.549804,1.36299,28.5707,0.264153,145.878,4.26181,0.654996,1.93821,27.5895,
3.75208,481.306,1.95425,0.0562942,0.06714,43.9722,6.48328,383.124,2.3175,0.111387,0.181237,34.025,4.30494,309.292,2.55731,0.218182,0.457704,29.856,0.161522,272.115,2.79976,0.326727,0.548432,28.341,0.0126802,230.61,3.02236,0.433667,0.880292,27.4065,0.0116945,189.05,3.33218,0.541689,1.41574,27.6172,0.0350425,151.343,3.97821,0.65731,1.97197,28.5838,
3.76186,489.324,1.91654,0.0567117,0.0703867,44,6.65816,395.588,2.22802,0.111966,0.187898,34.15,0.686517,322.276,2.43322,0.218036,0.451674,29.8046,0.31925,254.625,2.95912,0.32549,0.642739,29.4358,0.00965841,225.975,3.03606,0.43307,0.956144,27.5301,0.014609,182.408,3.46174,0.548006,1.47248,27.9254,0.0400197,151.854,3.86728,0.645732,2.07228,28.0259,
4.01234,467.622,2.01005,0.0571542,0.071275,44.0852,6.78793,383.219,2.30914,0.111573,0.188761,33.8796,1.4534,336.305,2.34802,0.218606,0.406866,29.7782,0.138568,256.18,3.00478,0.325406,0.573325,28.0287,0.0398955,209.595,3.3255,0.446857,0.99875,27.8581,0.0250989,102.164,7.82519,0.551058,1.41191,28.7233,0.0264443,141.961,4.38012,0.648288,2.01577,27.9941,
4.05764,453.739,2.0682,0.06043,0.0752825,44.0926,6.74424,397.915,2.22259,0.111418,0.179089,34.0194,1.45718,335.277,2.34891,0.219441,0.414266,29.7347,0.0871969,247.232,3.18214,0.326894,0.535758,28.4028,0.0237007,218.095,3.16377,0.436283,0.9851,28.191,0.0275175,196.785,3.28596,0.540732,1.255,27.4524,0.0119773,166.391,3.66926,0.645248,1.69544,27.8725,
4.04805,476.325,1.97471,0.0563233,0.0683675,44.0667,6.74257,382.654,2.30702,0.111166,0.195145,33.6833,0.683254,302.787,2.67979,0.228112,0.394755,29.2991,0.313608,251.257,3.08751,0.325919,0.566561,28.2309,0.0838794,225.621,3.0927,0.434605,0.904908,27.4729,0.00822495,185.832,3.44631,0.566867,1.36804,27.3639,0.0183406,156.616,3.80506,0.644826,1.93514,27.8574,
4.1367,474.213,1.98494,0.0562308,0.0675925,44.0204,7.20749,378.539,2.34694,0.110772,0.184025,34.0463,0.449194,320.141,2.58551,0.217348,0.320769,30.1921,0.0461114,263.644,2.83893,0.32464,0.629425,28.4404,0.0328628,216.957,3.29663,0.434907,0.877665,27.4333,0.0107337,194.297,3.37181,0.543316,1.23163,27.3181,0.0105697,157.479,3.88989,0.645537,1.81464,27.5114,
4.16404,468.693,2.00796,0.0566067,0.0690283,44.1167,6.65633,376.754,2.35884,0.111731,0.183673,33.9704,1.51483,324.037,2.43544,0.220694,0.429929,29.3597,0.413667,263.244,2.90476,0.325185,0.568803,29.0031,0.0265869,226.142,3.12184,0.431902,0.86825,27.2412,0.0275459,196.736,3.40427,0.539934,1.13876,28.5244,0.0292794,157.233,4.06083,0.644285,1.65487,27.7074,
4.05045,481.972,1.94823,0.0568567,0.06972,43.9611,6.89337,379.013,2.33655,0.112558,0.189323,34.0074,0.78386,316.405,2.52237,0.223554,0.414583,29.8079,0.0263327,266.437,2.81386,0.329072,0.610298,28.1275,0.040745,216.582,3.10079,0.433127,1.08328,27.7137,0.0168226,186.887,3.39174,0.549794,1.4093,27.7415,0.0132317,157.828,3.77119,0.646124,1.9187,27.8211,
4.34794,469.052,2.00705,0.0565717,0.0683392,44.0444,7.01072,385.634,2.27295,0.111419,0.208762,34.1574,0.955327,315.842,2.53747,0.218362,0.410307,29.8667,0.125361,262.775,2.85229,0.324905,0.628348,28.3398,0.0404975,207.222,3.2769,0.432161,1.11669,27.9981,0.0185803,185.858,3.54498,0.544623,1.29084,27.765,0.0682834,155.829,3.8155,0.699989,1.90182,28.9779,
4.47337,453.831,2.07648,0.0566608,0.0703225,44.0667,7.79627,382.499,2.30445,0.110699,0.199243,33.962,1.09687,325.939,2.44345,0.217223,0.407379,29.8958,0.0520733,271.376,2.74102,0.324358,0.619539,28.2173,0.0870096,215.841,3.28352,0.431844,0.917685,28.1991,0.0437063,166.251,3.92077,0.541572,1.55266,28.4128,0.0387534,161.988,4.09155,0.646322,1.43542,27.1417,
4.49084,468.134,2.01142,0.0563833,0.068335,44.0463,7.22309,364.43,2.44567,0.110698,0.187641,33.7398,0.238913,305.723,2.65899,0.235796,0.376148,29.7458,0.085794,245.037,2.97261,0.352253,0.756149,28.8747,0.0224682,215.381,3.20012,0.433094,1.00973,28.5111,0.0331881,178.115,3.78925,0.542583,1.28251,27.9396,0.0681628,158.53,4.0042,0.648979,1.65477,28.352,
4.58437,467.163,2.01399,0.0571067,0.0694867,44.0778,7.19134,371.027,2.37878,0.112433,0.204006,33.8583,1.51271,329.893,2.37855,0.223475,0.429257,30.05,0.251453,255.804,3.00876,0.328116,0.572368,28.0562,0.0251936,218.966,3.09942,0.435109,1.0324,27.8826,0.0583848,182.313,3.4277,0.53982,1.51755,27.4913,0.0298876,152.969,3.84847,0.663352,2.02543,27.636,
2.12212,407.9,2.30672,0.0572217,0.0876392,43.7556,7.30338,373.313,2.37751,0.11139,0.189812,33.8185,6.49681,302.016,2.5704,0.227196,0.513493,29.8292,0.32395,259.637,2.95791,0.327424,0.566202,28.3127,0.0542513,207.352,3.37079,0.433752,1.01818,28.8218,0.00871202,193.996,3.34909,0.540796,1.26486,27.8274,0.0526231,156.666,3.98211,0.645135,1.75578,28.5711,
2.82464,397.192,2.34825,0.0574167,0.11201,43.3574,7.73308,378.943,2.33493,0.111259,0.192728,33.7981,1.45463,290.648,2.83234,0.219378,0.388869,30.2361,0.430267,229.274,3.32092,0.330064,0.710613,29.0642,0.0532293,219.152,3.29034,0.443383,0.829306,27.5706,0.0314105,181.85,3.58089,0.555186,1.36298,27.8872,0.0245705,150.559,4.06188,0.664374,1.91567,27.9406,
2.18829,403.718,2.3064,0.0574375,0.113138,43.2519,7.96745,370.751,2.40301,0.111878,0.182337,33.712,1.49188,331.585,2.42335,0.218916,0.373554,29.8481,0.539416,259.017,2.88737,0.327303,0.646077,28.4037,0.0440771,199.309,3.47096,0.433807,1.11257,27.663,0.0128766,181.553,3.7627,0.543747,1.2016,27.887,0.0467754,152.787,4.096,0.646497,1.80255,28.5855,
4.74361,466.167,2.01691,0.0567608,0.07148,43.963,7.93014,383.859,2.28624,0.112018,0.206869,33.9944,1.28248,334.269,2.3657,0.218143,0.407758,29.5972,0.0744406,267.177,2.81494,0.327114,0.600776,28.2605,0.00677512,220.293,3.21667,0.442129,0.880622,27.3315,1.97212,180.795,3.62305,0.539774,1.36832,28.9256,0.0302551,158.986,3.75898,0.644878,1.88601,27.6571,
2.25834,401.489,2.32346,0.057125,0.110143,43.1926,7.30776,373.684,2.37156,0.111139,0.193358,33.95,1.03478,316.238,2.54998,0.217828,0.394363,29.3361,2.74443,268.765,2.76824,0.325045,0.62743,28.2756,0.0289563,215.937,3.1857,0.431294,1.01399,28.1975,0.0786547,198.404,3.25714,0.539328,1.24375,28.4885,0.0446589,159.038,3.74335,0.645321,1.89915,28.9242,
2.51183,412.562,2.2551,0.0569517,0.111825,43.263,8.07713,388.202,2.26121,0.112128,0.202637,33.8417,1.28948,325.559,2.42627,0.219919,0.425458,29.7968,0.822335,263.164,2.76446,0.326391,0.709054,28.3877,0.0544497,214.019,3.33248,0.439792,0.900216,27.1294,0.017533,190.379,3.30402,0.545832,1.40283,28.4194,0.0358483,169.055,3.67123,0.643575,1.60042,28.167,
2.69228,374.932,2.50023,0.057465,0.109453,43.187,7.99628,372.898,2.37971,0.112034,0.189953,33.5833,1.36085,320.898,2.49009,0.217797,0.408368,29.6722,0.142674,261.334,2.95471,0.325205,0.546606,28.5182,0.0166286,221.904,3.23304,0.431848,0.841558,27.4137,0.0146413,196.216,3.30328,0.539767,1.25337,28.132,0.0182633,156.5,3.9341,0.644604,1.81108,27.539,
2.24246,420.596,2.21279,0.0568775,0.107908,43.1796,8.17413,375.464,2.35678,0.111473,0.195119,33.5981,1.06826,340.694,2.32392,0.218407,0.392857,29.5796,0.111504,265.46,2.88366,0.327218,0.556162,28.0806,0.0211024,235.316,2.98243,0.431682,0.835485,27.5688,0.0178062,191.957,3.35276,0.542971,1.31376,27.6546,0.0457613,157.115,4.16301,0.644992,1.55677,27.4656,
2.40404,391.31,2.3688,0.0600092,0.126708,43.263,8.90497,385.517,2.28617,0.111232,0.196518,33.6787,0.949075,323.784,2.46885,0.217467,0.402159,29.5171,0.416728,259.951,2.89871,0.3258,0.62237,28.3565,0.0696038,205.825,3.31563,0.437847,1.10502,27.147,0.029482,179.262,3.49119,0.595771,1.49147,28.4143,0.0210914,156.874,3.86108,0.680453,1.83303,27.1255,
2.55543,412.555,2.25319,0.0567858,0.113936,43.2981,8.7273,387.072,2.28139,0.111108,0.190998,33.737,2.03418,322.375,2.51218,0.217966,0.37184,29.6097,0.289363,272.274,2.83185,0.325411,0.515514,28.6213,0.0413651,231.698,2.94218,0.431628,0.942155,27.7391,0.0127717,190.865,3.68952,0.539565,1.01022,27.4569,0.0408596,163.429,3.84503,0.646749,1.6271,27.9253,
2.5322,413.543,2.24594,0.057155,0.115028,43.3,8.24849,311.57,2.90485,0.112437,0.192265,33.7083,1.34173,327.324,2.40718,0.218232,0.429672,29.9259,1.29676,258.895,2.86153,0.326402,0.674641,29.4167,0.0784071,220.207,3.21702,0.432763,0.891396,28.4861,0.0151598,189.98,3.6644,0.538853,1.06046,27.6915,0.0825906,160.93,3.7907,0.644804,1.77837,28.535,
2.43116,379.79,2.45984,0.057215,0.11598,43.2537,9.06657,380.644,2.31205,0.111269,0.203813,33.7194,1.46212,309.256,2.56634,0.218151,0.449072,29.6171,0.191755,253.623,2.96105,0.325157,0.656653,28.5299,0.0162791,221.018,3.10296,0.433647,0.987915,27.3259,0.0139978,195.756,3.37114,0.540871,1.19638,27.5685,0.0145097,152.973,3.95823,0.670931,1.90793,27.9705,
2.38637,403.246,2.30298,0.0590033,0.117896,43.1278,8.4696,359.25,2.44315,0.120504,0.219918,33.9,1.21335,320.824,2.43822,0.221172,0.457584,29.6157,3.48341,259.228,2.86386,0.325418,0.668338,29.0448,0.00841757,221.556,3.16442,0.470726,0.878388,27.1843,0.0172344,204.297,3.16034,0.541016,1.19348,27.9896,0.0882395,153.045,3.96275,0.648474,1.92281,29.1059,
2.65584,415.282,2.23766,0.0567083,0.113636,43.3204,9.06161,381.628,2.32109,0.111398,0.187869,33.6278,0.96538,319.679,2.47856,0.220896,0.428689,29.3421,0.107657,250.157,3.11696,0.325051,0.555473,29.0571,0.0238058,219.827,3.22061,0.433557,0.89487,27.8796,0.0096636,204.23,3.31408,0.540568,1.04178,26.8435,0.0386917,157.225,3.73799,0.665225,1.95708,28.45,
2.34401,416.708,2.22697,0.0569742,0.115821,43.1296,8.46424,371.955,2.3827,0.111533,0.194269,33.7685,0.641332,322.502,2.52835,0.218677,0.353735,30.0407,0.0340437,266.877,2.81285,0.325725,0.608467,28.2673,0.0456007,224.327,2.98763,0.432781,1.03737,28.1014,0.0197297,188.356,3.5167,0.540157,1.25224,28.1217,0.0344943,155.485,4.01201,0.644845,1.77465,28.8384,
2.43719,417.501,2.22694,0.0564533,0.111814,43.3426,8.25454,375.649,2.35152,0.111845,0.198692,33.9583,1.04574,330.863,2.39653,0.217322,0.408547,29.4935,0.0768386,278.769,2.74519,0.324928,0.517077,28.3633,0.0390727,225.037,3.06061,0.431438,0.951667,28.113,0.0170688,192.656,3.45443,0.537513,1.19864,27.977,0.0540991,161.841,3.90699,0.654783,1.61713,28.7304,
2.41987,410.762,2.2599,0.0567008,0.1179,43.3074,9.18891,364.791,2.41364,0.119436,0.208228,33.5991,7.19134,302.558,2.62441,0.235147,0.445601,29.5606,0.056808,249.435,3.08163,0.32621,0.601208,28.8981,0.0253536,220.706,3.15881,0.430675,0.941436,27.9347,0.106933,177.773,3.51739,0.542876,1.56487,28.768,0.0410415,163.511,3.79231,0.643511,1.67999,29.0181,
2.32922,414.448,2.2391,0.0569067,0.116841,43.1296,8.71735,379.704,2.33335,0.111468,0.188813,33.7389,6.51827,311.13,2.53759,0.21827,0.458238,29.6931,0.02508,269.693,2.73882,0.325121,0.643979,28.1818,0.0182979,220.997,3.20295,0.431387,0.890606,28.0215,0.0241683,180.842,3.5332,0.540108,1.45638,27.5987,0.0428993,156.328,3.81748,0.648522,1.93078,28.3897,
2.44118,406.947,2.28384,0.056925,0.116563,43.237,9.97121,387.8,2.25373,0.111427,0.213492,33.4981,2.99849,309.29,2.55946,0.218417,0.455343,29.8463,0.983311,262.149,2.817,0.326042,0.671587,29.7475,0.0270998,229.355,3.01184,0.431792,0.916419,27.7975,0.0330096,178.674,3.59485,0.550099,1.45184,28.32,0.0281196,155.484,3.7546,0.647227,2.0297,28.2052,
