20,20,20,20,20,20,30,30,30,30,30,30,40,40,40,40,40,40,50,50,50,50,50,50,60,60,60,60,60,60,70,70,70,70,70,70,80,80,80,80,80,80,
final costs,avg Hz,avgTimeDerivs,avgTimeBP,avgTimeFP,avgpercent derivs,final costs,avg Hz,avgTimeDerivs,avgTimeBP,avgTimeFP,avgpercent derivs,final costs,avg Hz,avgTimeDerivs,avgTimeBP,avgTimeFP,avgpercent derivs,final costs,avg Hz,avgTimeDerivs,avgTimeBP,avgTimeFP,avgpercent derivs,final costs,avg Hz,avgTimeDerivs,avgTimeBP,avgTimeFP,avgpercent derivs,final costs,avg Hz,avgTimeDerivs,avgTimeBP,avgTimeFP,avgpercent derivs,final costs,avg Hz,avgTimeDerivs,avgTimeBP,avgTimeFP,avgpercent derivs,
0.395279,240.204,3.67456,0.207968,0.280601,15,0.00972768,214.505,3.95115,0.309903,0.400838,13.3333,0.00455182,197.244,4.11795,0.410838,0.541067,12.5,0.0171389,173.178,4.55134,0.51375,0.709313,12,0.0118362,162.647,4.62873,0.615671,0.903898,11.6667,0.00273284,146.244,4.97639,0.72184,1.13967,11.4286,0.00461168,133.775,5.11954,0.821832,1.53385,11.25,
0.269084,235.256,3.75626,0.208763,0.285665,15,0.023692,211.692,4.0296,0.311978,0.382267,13.3333,0.0102064,181.642,4.50086,0.413877,0.590591,12.5,0.0052487,183.087,4.27307,0.512518,0.676296,12,0.00808856,174.455,4.06419,0.615802,1.05213,11.6667,0.0183747,143.618,5.2449,0.719357,0.99864,11.4286,0.0018173,143.583,4.6473,0.820619,1.49671,11.25,
0.452868,233.301,3.76792,0.208916,0.309466,15,0.0915416,221.182,3.72507,0.309788,0.486298,13.3333,0.0349675,196.635,4.16101,0.410122,0.51443,12.5,0.00381769,182.147,4.21093,0.514292,0.764857,12,0.00460996,162.653,4.52337,0.615392,1.00928,11.6667,0.0201409,156.67,4.55981,0.714338,1.10871,11.4286,0.00273558,136.438,4.95861,0.816865,1.55388,11.25,
0.590634,245.037,3.55152,0.207874,0.321628,15,0.0103464,222.643,3.7724,0.308958,0.410143,13.3333,0.0108117,184.306,4.422,0.41035,0.593411,12.5,0.00386621,170.89,4.58127,0.511872,0.758579,12,0.00642423,171.847,4.28793,0.613762,0.917443,11.6667,0.0182051,149.769,4.75334,0.715072,1.20854,11.4286,0.00355055,134.416,5.16442,0.817797,1.45737,11.25,
0.0886116,230.463,3.86801,0.208214,0.262875,15,0.00577913,227.359,3.69714,0.309453,0.391729,13.3333,0.0328605,191.692,4.30579,0.409934,0.500971,12.5,0.00433055,178.656,4.28864,0.512283,0.796433,12,0.0150598,167.626,4.43921,0.613557,0.912903,11.6667,0.019067,150.398,4.84888,0.715108,1.08504,11.4286,0.00400677,136.886,5.01499,0.840656,1.44973,11.25,
0.518496,238.428,3.68206,0.207996,0.304087,15,0.0239924,216.4,3.91983,0.309837,0.391406,13.3333,0.0107629,188.17,4.35902,0.411121,0.5442,12.5,0.00438537,174.62,4.46457,0.512264,0.749886,12,0.0180569,162.713,4.61388,0.614812,0.917104,11.6667,0.076225,150.828,4.65972,0.715342,1.25502,11.4286,0.0274806,132.022,5.15284,0.818681,1.60296,11.25,
0.700417,245.447,3.50115,0.209198,0.363863,15,0.0515276,208.909,4.0798,0.309413,0.397567,13.3333,0.039365,199.124,4.08161,0.409956,0.530435,12.5,0.00609808,168.474,4.74065,0.513344,0.681635,12,0.0243395,156.544,4.75265,0.615731,1.0196,11.6667,0.0104467,159.323,4.47398,0.716579,1.08599,11.4286,0.00218332,139.858,5.13368,0.817777,1.19866,11.25,
0.822499,234.688,3.69589,0.208532,0.35656,15,0.00308133,216.022,3.89194,0.311402,0.425804,13.3333,0.0304742,191.665,4.22079,0.410958,0.58569,12.5,0.01207,175.027,4.30578,0.512852,0.894761,12,0.0042011,164.813,4.48197,0.614987,0.970518,11.6667,0.00448863,154.87,4.49116,0.716812,1.24907,11.4286,0.00422598,128.183,5.45758,0.819707,1.52403,11.25,
0.111953,241.003,3.66747,0.208859,0.273,15,0.0335377,210.543,4.00422,0.310087,0.43531,13.3333,0.0118185,193.901,4.16185,0.410648,0.584788,12.5,0.00393653,180.635,4.20808,0.51307,0.814885,12,0.00184666,164.422,4.35828,0.616361,1.10726,11.6667,0.00866914,160.47,4.30599,0.716256,1.20944,11.4286,0.00287767,132.518,5.15462,0.818641,1.57287,11.25,
0.335582,242.067,3.63408,0.208303,0.2887,15,0.0153274,224.355,3.74836,0.312509,0.396356,13.3333,0.0491924,197.69,4.07405,0.416271,0.568107,12.5,0.00595578,189.624,4.06223,0.512217,0.699132,12,0.00454535,185.455,3.85507,0.613699,0.923385,11.6667,0.0236238,148.537,4.80915,0.716773,1.20639,11.4286,0.00354714,143.741,4.59915,0.8211,1.53673,11.25,
0.0656915,239.545,3.67952,0.208179,0.286888,15,1.19392,213.461,3.85865,0.309906,0.516139,13.3333,0.0275099,197.516,4.08001,0.410489,0.572389,12.5,0.0222796,170.767,4.65772,0.511741,0.686473,12,0.0138088,150.977,5.03945,0.6167,0.9674,11.6667,0.0017787,153.043,4.54692,0.715602,1.27158,11.4286,0.0112758,134.232,5.33617,0.816367,1.29724,11.25,
0.908854,237.753,3.72262,0.207608,0.275814,15,0.0178887,215.463,3.94237,0.309237,0.389571,13.3333,0.0475143,202.143,3.9585,0.409803,0.578688,12.5,0.00658565,183.808,4.17689,0.512281,0.751301,12,0.00338069,166.792,4.48217,0.613679,0.899628,11.6667,0.02836,151.125,4.71677,0.715417,1.18483,11.4286,0.00270442,143.323,4.72071,0.81656,1.43999,11.25,
0.334317,233.464,3.76416,0.207729,0.31143,15,0.259585,209.095,4.01739,0.309762,0.455351,13.3333,0.0169173,198.006,4.08234,0.410197,0.557823,12.5,0.00640636,175.854,4.37754,0.511959,0.797045,12,0.00731477,163.467,4.64284,0.613349,0.861266,11.6667,0.00249972,146.676,4.85973,0.71523,1.24277,11.4286,0.0043821,129.373,5.30339,0.817243,1.60896,11.25,
0.171322,243.915,3.59178,0.208099,0.2999,15,0.291919,208.351,4.0176,0.309442,0.472552,13.3333,0.026167,196.933,4.06907,0.410119,0.598696,12.5,0.00781742,174.408,4.43167,0.513386,0.78862,12,0.00296546,167.833,4.381,0.613437,0.963847,11.6667,0.0238227,155.6,4.38214,0.716437,1.32817,11.4286,0.00229104,147.649,4.64013,0.816939,1.31576,11.25,
0.580614,235.518,3.69715,0.210252,0.338564,15,0.00861688,221.854,3.7741,0.310489,0.422879,13.3333,0.0532761,180.239,4.52109,0.410644,0.616446,12.5,0.00703825,172.911,4.52311,0.514521,0.745676,12,0.00676723,169.604,4.39556,0.614232,0.886311,11.6667,0.00237795,150.719,4.86571,0.717905,1.05125,11.4286,0.00558817,135.388,4.97293,0.816797,1.59645,11.25,
0.909323,249.644,3.42401,0.207679,0.374005,15,0.54231,205.075,4.09123,0.309813,0.475229,13.3333,0.0186153,197.439,4.09024,0.411344,0.563279,12.5,0.0123977,175.264,4.30458,0.516617,0.884474,12,0.0053456,160.228,4.71227,0.613763,0.915072,11.6667,0.00879042,153.666,4.60402,0.716015,1.18757,11.4286,0.00387432,131.533,5.09336,0.840195,1.66907,11.25,
0.895789,234.872,3.70647,0.208257,0.342925,15,0.00449434,231.656,3.60132,0.310282,0.405141,13.3333,0.0101566,182.124,4.49956,0.411644,0.579549,12.5,0.00536596,185.283,4.13403,0.512224,0.750905,12,0.00548638,172.89,4.33536,0.615803,0.832864,11.6667,0.0119753,156.905,4.53467,0.718872,1.11973,11.4286,0.00453723,152.354,4.45445,0.829109,1.28009,11.25,
0.798924,240.101,3.58722,0.210188,0.367504,15,0.0482553,218.542,3.81533,0.312682,0.447761,13.3333,0.0324453,189.625,4.27323,0.41187,0.588467,12.5,0.00213325,177.845,4.21075,0.514417,0.897702,12,0.0042521,167.473,4.443,0.617729,0.910375,11.6667,0.0075592,141.949,4.94323,0.715131,1.38642,11.4286,0.00310447,137.236,4.99245,0.817612,1.47663,11.25,
0.688097,218.18,4.05938,0.208201,0.315787,15,0.0467424,206.762,4.07277,0.312993,0.450719,13.3333,0.00907511,192.985,4.16656,0.415634,0.599557,12.5,0.00520007,187.213,3.99583,0.520953,0.824728,12,0.0299175,155.341,4.68365,0.618357,1.13544,11.6667,0.0169233,137.556,5.53241,0.725792,1.01154,11.4286,0.00372372,135.309,5.11989,0.819181,1.45144,11.25,
1.03621,239.16,3.60663,0.20824,0.366427,15,0.00762708,195.502,4.40775,0.309909,0.397362,13.3333,0.0160709,191.28,4.26363,0.410938,0.553372,12.5,0.00308611,184.661,4.05052,0.513738,0.851071,12,0.00620632,138.943,5.65091,0.61607,0.930207,11.6667,0.00921744,157.298,4.32976,0.715442,1.31217,11.4286,0.00402647,132.884,4.99329,0.819002,1.71307,11.25,
0.653535,237.172,3.67318,0.208001,0.335168,15,0.0198418,224.257,3.74479,0.309472,0.404917,13.3333,0.0166843,205.326,3.90408,0.411475,0.554756,12.5,0.00218814,194.188,3.74886,0.519197,0.881592,12,0.0136679,165.985,4.37554,0.617796,1.03129,11.6667,0.0207026,149.457,4.51509,0.717475,1.45833,11.4286,0.0022402,144.334,4.82607,0.816554,1.28573,11.25,
0.653497,236.317,3.67166,0.207737,0.352197,15,0.0184282,216.996,3.90446,0.309412,0.394509,13.3333,0.00308142,217.058,3.60293,0.410132,0.594001,12.5,0.00517864,186.018,3.86444,0.512316,0.999074,12,0.0048277,174.732,4.1564,0.613924,0.952724,11.6667,0.00347038,150.974,4.5211,0.716392,1.38615,11.4286,0.00800547,136.54,5.20136,0.817857,1.30466,11.25,
0.986243,219.552,3.96233,0.207643,0.384757,15,0.00944478,207.979,4.09656,0.309553,0.402053,13.3333,0.0118378,180.638,4.58161,0.410281,0.544031,12.5,0.0189271,174.902,4.38433,0.512187,0.820957,12,0.0079249,152.634,4.90714,0.613683,1.0308,11.6667,0.0102973,144.154,4.98664,0.715361,1.23501,11.4286,0.00240913,127.41,5.29303,0.817949,1.73772,11.25,
1.21355,215.531,4.04923,0.208169,0.382298,15,0.00844369,202.655,4.19923,0.309402,0.42586,13.3333,0.0195496,187.454,4.31528,0.410398,0.608957,12.5,0.00353483,175.694,4.42969,0.511718,0.75031,12,0.0030859,162.514,4.63121,0.613514,0.908612,11.6667,0.02425,139.882,5.12773,0.715769,1.30539,11.4286,0.00350929,130.265,5.37849,0.818086,1.48005,11.25,
0.117515,223.086,4.00648,0.207696,0.268397,15,0.107946,195.546,4.32588,0.309274,0.478746,13.3333,0.0189415,173.112,4.7616,0.410356,0.604639,12.5,0.00525523,171.53,4.58946,0.520264,0.720169,12,0.00264269,158.94,4.61935,0.617103,1.05521,11.6667,1.19478,145.214,4.72738,0.715637,1.44336,11.4286,0.00437808,125.906,5.42823,0.818106,1.6961,11.25,
0.820774,222.493,3.95295,0.2079,0.333669,15,0.0574843,198.815,4.27018,0.309739,0.449884,13.3333,0.0301701,187.669,4.29289,0.411161,0.624482,12.5,0.00382721,189.301,3.95651,0.515241,0.810846,12,0.0056993,153.413,4.90762,0.614204,0.996536,11.6667,0.00860908,153.494,4.60961,0.715707,1.1896,11.4286,0.00486964,134.815,5.04699,0.81879,1.55178,11.25,
0.593038,239.678,3.65174,0.207743,0.31277,15,0.277555,213.453,3.87548,0.309822,0.499571,13.3333,0.0346551,197.924,4.0322,0.410779,0.609459,12.5,0.00195333,197.618,3.70352,0.515969,0.840773,12,0.0078044,164.8,4.56236,0.613069,0.892544,11.6667,0.00588402,138.809,5.29661,0.716331,1.19118,11.4286,0.00442087,134.691,5.02109,0.818771,1.58457,11.25,
0.105105,233.43,3.77172,0.208189,0.304028,15,0.0182917,211.526,4.02314,0.309437,0.394986,13.3333,0.0356963,199.6,4.04323,0.4102,0.556601,12.5,0.0168123,168.945,4.64013,0.512315,0.766645,12,0.0030466,157.493,4.77413,0.614532,0.960843,11.6667,0.0268188,148.201,4.76939,0.716492,1.2617,11.4286,0.00373107,150.341,4.5607,0.817936,1.27293,11.25,
0.96443,233.584,3.75864,0.208148,0.314322,15,0.394979,206.093,4.03196,0.309723,0.510483,13.3333,0.02884,193.679,4.11059,0.411166,0.641436,12.5,0.0057319,178.469,4.24467,0.512691,0.845859,12,0.00529512,158.622,4.6978,0.616009,0.990468,11.6667,0.0328099,144.362,4.85066,0.73324,1.34314,11.4286,0.00331013,134.662,4.86771,0.834106,1.72417,11.25,
1.17263,238.009,3.61772,0.210673,0.373134,15,0.0681937,213.667,3.89481,0.312574,0.472786,13.3333,0.0130723,206.114,3.88404,0.417254,0.550392,12.5,0.0596982,183.809,4.00541,0.521335,0.91368,12,0.0113385,171.878,4.161,0.626547,1.03052,11.6667,0.017081,150.917,4.52476,0.721897,1.37951,11.4286,0.00317096,131.191,5.13147,0.821712,1.6693,11.25,
0.586159,238.978,3.64096,0.210989,0.332527,15,0.258927,233.454,3.48782,0.309524,0.486152,13.3333,0.0122143,199.997,3.98551,0.412266,0.602301,12.5,0.0057913,186.54,4.01361,0.514438,0.832729,12,1.00094,159.647,4.54494,0.615369,1.10349,11.6667,0.017744,154.562,4.38437,0.723917,1.3616,11.4286,0.00442964,122.146,5.52433,0.854935,1.80765,11.25,
0.161957,239.795,3.66404,0.210652,0.295543,15,0.0934207,208.722,4.03113,0.310902,0.449018,13.3333,0.0284091,180.897,4.50972,0.414637,0.603651,12.5,0.00318072,191.091,3.86005,0.519087,0.853964,12,0.0062674,157.578,4.7105,0.624133,1.01142,11.6667,0.0355483,147.173,4.61742,0.717958,1.45933,11.4286,0.00607254,135.229,5.11609,0.817361,1.46144,11.25,
1.16089,239.939,3.58599,0.207519,0.374206,15,0.277698,200.212,4.21973,0.309668,0.465298,13.3333,0.0233653,185.028,4.41736,0.410643,0.576591,12.5,0.0034253,191.752,3.91241,0.512793,0.789868,12,0.00628273,161.737,4.74243,0.612477,0.827985,11.6667,0.0181023,145.555,5.02202,0.714647,1.13361,11.4286,0.023347,135.972,4.97578,0.82537,1.55331,11.25,
1.19819,223.877,3.8481,0.210525,0.408102,15,0.309445,220.251,3.69919,0.312987,0.528089,13.3333,0.019346,193.347,4.16609,0.410397,0.595545,12.5,1.08014,189.437,3.81258,0.512192,0.954015,12,0.0122223,144.146,5.27799,0.614112,1.04529,11.6667,0.0105896,143.713,4.91815,0.715776,1.32439,11.4286,0.00316088,132.775,5.11462,0.817492,1.59942,11.25,
0.936423,218.655,3.99275,0.208272,0.372405,15,0.0313291,199.027,4.27554,0.31054,0.438371,13.3333,0.0317723,175.149,4.69061,0.411901,0.606933,12.5,0.00790848,176.454,4.42456,0.512361,0.730283,12,0.00705141,160.909,4.68239,0.615308,0.916999,11.6667,0.0717208,145.785,4.75847,0.716053,1.38489,11.4286,0.0036776,130.269,5.40588,0.818018,1.45251,11.25,
1.08204,225.59,3.83875,0.209062,0.385013,15,0.0053744,207.318,4.12994,0.310081,0.383495,13.3333,0.0378047,187.351,4.31991,0.410856,0.606821,12.5,0.00844706,181.233,4.21398,0.512963,0.790825,12,0.00749815,161.905,4.59052,0.613987,0.971975,11.6667,0.0148515,150.248,4.83654,0.715145,1.10398,11.4286,0.00366047,135.066,4.97163,0.817994,1.61417,11.25,
1.00526,243.776,3.53091,0.211051,0.360162,15,0.0760121,194.758,4.43507,0.309563,0.389955,13.3333,0.0212174,200.818,3.9616,0.411178,0.606863,12.5,0.00974499,187.926,4.03969,0.519797,0.761766,12,0.0023904,177.823,4.10907,0.614107,0.90039,11.6667,0.0314403,145.15,4.74758,0.715872,1.42599,11.4286,0.00498779,135.061,5.05023,0.818572,1.53524,11.25,
1.25327,232.55,3.69756,0.207938,0.394648,15,0.0138084,213.801,3.95769,0.309483,0.410073,13.3333,0.00832884,207.212,3.84128,0.410618,0.574077,12.5,0.0255871,178.879,4.23791,0.512879,0.839567,12,0.0154918,164.486,4.28836,0.618061,1.17313,11.6667,0.00467659,146.523,4.68419,0.727004,1.4137,11.4286,0.0147188,137.24,4.8812,0.816772,1.58855,11.25,
0.807894,244.271,3.50394,0.208172,0.381712,15,0.00968901,220.094,3.84487,0.309362,0.389268,13.3333,0.0304679,197.117,4.05065,0.410887,0.611592,12.5,0.00750968,193.347,3.84688,0.512279,0.812902,12,0.0245117,160.996,4.4638,0.61381,1.13372,11.6667,0.0054853,151.941,4.73065,0.731611,1.11926,11.4286,0.0274743,136.668,4.80516,0.819383,1.69245,11.25,
0.101088,247.171,3.5394,0.207968,0.298415,15,0.0224286,215.967,3.87752,0.309668,0.443144,13.3333,0.0191372,197.439,4.00601,0.411003,0.647827,12.5,0.00592684,191.675,3.95422,0.512722,0.750219,12,2.25183,149.506,4.54854,0.61683,1.52333,11.6667,0.0172559,146.131,4.70443,0.720812,1.41795,11.4286,0.00400737,130.946,4.95247,0.819077,1.86521,11.25,
1.06139,250.21,3.41609,0.208119,0.37244,15,0.474021,208.616,3.96756,0.310083,0.515843,13.3333,0.0135121,199.93,4.01143,0.41108,0.579244,12.5,0.010116,190.816,3.81872,0.51269,0.909232,12,0.019453,165.348,4.27477,0.616222,1.15687,11.6667,0.0126371,163.799,4.25851,0.717332,1.12921,11.4286,0.00262744,136.276,4.98089,0.818811,1.53834,11.25,
1.10835,247.613,3.46374,0.208004,0.366812,15,0.251498,215.523,3.82443,0.309747,0.505706,13.3333,0.014913,193.865,4.17427,0.411041,0.572913,12.5,0.00903597,189.302,4.08528,0.512466,0.684817,12,0.00702611,161.081,4.73398,0.613815,0.860252,11.6667,0.00442393,147.237,4.80727,0.715697,1.26882,11.4286,0.00511153,126.022,5.53713,0.818392,1.57958,11.25,
0.186539,247.532,3.55195,0.207809,0.280121,15,0.266058,197.247,4.24753,0.310075,0.512183,13.3333,0.0387922,196.45,3.99677,0.411027,0.682551,12.5,0.0149675,177.929,4.29065,0.512758,0.816812,12,2.41369,153.512,4.78981,0.61464,1.10968,11.6667,0.0294589,145.269,4.80518,0.715572,1.36301,11.4286,0.00267858,140.231,5.17119,0.817222,1.14267,11.25,
0.487425,237.395,3.74378,0.207823,0.260789,15,0.128942,186.545,4.63625,0.309658,0.414715,13.3333,0.0404843,183.708,4.44918,0.410722,0.583529,12.5,0.00230529,188.608,4.03414,0.51282,0.755038,12,0.00901703,158.84,4.68591,0.613922,0.995808,11.6667,0.00575364,157.09,4.51685,0.715713,1.13321,11.4286,0.00354682,132.973,4.9937,0.819094,1.70751,11.25,
1.7165,257.972,3.27505,0.208523,0.392813,15,0.36743,210.641,3.96303,0.309546,0.47483,13.3333,0.0272614,201.205,3.93822,0.41085,0.620994,12.5,0.00685705,186.616,4.05284,0.5123,0.79346,12,0.00882149,165.152,4.50009,0.613185,0.941762,11.6667,0.0137025,146.584,4.66003,0.716059,1.44591,11.4286,0.00259004,145.239,4.70886,0.817654,1.35867,11.25,
1.04789,237.875,3.63526,0.207835,0.360783,15,0.0648139,214.957,3.87761,0.309518,0.464957,13.3333,0.068925,195.886,4.00219,0.41066,0.692163,12.5,0.00660544,178.16,4.39547,0.512521,0.70493,12,0.0119179,163.093,4.4411,0.614337,1.07605,11.6667,0.00496764,144.916,5.06303,0.720185,1.11731,11.4286,0.006684,130.303,5.16836,0.82192,1.68416,11.25,
1.2421,245.319,3.47744,0.208018,0.390865,15,0.0492658,206.766,4.10668,0.309631,0.420077,13.3333,0.0161049,204.545,3.86191,0.410888,0.616099,12.5,0.0167032,184.403,4.05822,0.5125,0.852185,12,0.00359004,177.938,4.10984,0.614387,0.895705,11.6667,0.0994371,148.071,4.52319,0.717228,1.5131,11.4286,0.00550194,131.113,5.23921,0.818743,1.56906,11.25,
1.25727,247.686,3.45307,0.207958,0.37634,15,0.0300194,203.272,4.11118,0.318732,0.489595,13.3333,0.0102581,197.208,4.05421,0.419865,0.5967,12.5,0.0104821,180.801,4.21672,0.515961,0.798264,12,0.0036171,170.635,4.15132,0.619337,1.08982,11.6667,0.00980291,150.098,4.40546,0.718358,1.53851,11.4286,0.00350933,141.76,4.7684,0.825352,1.46045,11.25,
1.07257,239.472,3.58913,0.208389,0.378337,15,0.00625484,215.381,3.92942,0.311712,0.401812,13.3333,0.033744,189.614,4.22581,0.417804,0.630263,12.5,0.078604,186.323,3.94706,0.520622,0.89933,12,0.00616835,172.131,4.19029,0.618241,1.00101,11.6667,0.00649191,154.956,4.4525,0.719215,1.28174,11.4286,0.00573105,140.679,4.62727,0.817196,1.66393,11.25,
0.986979,241.005,3.58916,0.207997,0.352137,15,0.0231421,213.816,3.94751,0.309479,0.419937,13.3333,0.0463184,201.245,3.9548,0.41353,0.600743,12.5,0.178316,173.76,4.2278,0.512097,1.01516,12,0.00691146,164.567,4.49658,0.613862,0.966113,11.6667,0.00578244,147.907,4.53578,0.730657,1.49458,11.4286,0.0161816,139.11,4.85689,0.818225,1.51341,11.25,
1.15376,250.75,3.43312,0.208148,0.346763,15,0.109674,235.714,3.45777,0.309517,0.475139,13.3333,0.010732,196.884,4.0741,0.410879,0.594167,12.5,0.00657918,179.204,4.25726,0.513102,0.809885,12,0.00529386,173.035,4.2202,0.613762,0.945222,11.6667,0.027861,152.119,4.53131,0.718532,1.32398,11.4286,0.00228313,147.86,4.59785,0.817392,1.34791,11.25,
1.22663,251.671,3.39522,0.207994,0.370232,15,0.137981,222.2,3.73438,0.309408,0.456673,13.3333,0.0296288,196.535,4.13192,0.411274,0.544961,12.5,0.00645488,194.91,3.83855,0.514996,0.777041,12,0.00551063,165.966,4.38963,0.614209,1.0215,11.6667,0.00425814,158.299,4.45341,0.718497,1.14527,11.4286,0.00265074,134.585,5.04872,0.826188,1.55534,11.25,
1.2057,239.951,3.53721,0.23117,0.399139,15,0.164163,194.383,4.32824,0.319434,0.496813,13.3333,0.0338985,180.546,4.48079,0.410943,0.647023,12.5,0.00680405,185.162,4.18298,0.512929,0.704767,12,0.00663654,158.057,4.68963,0.61708,1.02011,11.6667,0.00796004,152.259,4.74571,0.723315,1.09872,11.4286,0.00544854,141.06,4.53725,0.836299,1.71565,11.25,
1.24303,246.749,3.44437,0.210219,0.398112,15,0.169521,211.451,3.9269,0.313893,0.488424,13.3333,0.021305,190.631,4.2772,0.416367,0.552162,12.5,0.00563898,179.395,4.27713,0.52391,0.773252,12,0.00588885,162.497,4.44017,0.659773,1.05401,11.6667,0.00639229,155.716,4.56827,0.715874,1.13778,11.4286,0.00413537,137.484,4.90129,0.819122,1.55317,11.25,
0.713715,239.336,3.59923,0.217559,0.361443,15,0.14733,203.471,4.13575,0.309198,0.469752,13.3333,0.0308665,199.906,3.99664,0.410608,0.595106,12.5,0.00315076,202.608,3.71351,0.512209,0.709921,12,0.00528463,172.746,4.12221,0.614102,1.05254,11.6667,0.00787047,155.193,4.58871,0.715151,1.13973,11.4286,0.00329453,141.351,4.75371,0.81734,1.50356,11.25,
0.886412,224.939,3.87711,0.208063,0.36049,15,0.291431,205.239,4.1155,0.30932,0.447543,13.3333,0.0150508,190.102,4.23279,0.411181,0.616362,12.5,0.0125158,179.924,4.31979,0.51236,0.725748,12,0.0181362,167.393,4.33278,0.614518,1.02668,11.6667,0.0160668,165.616,3.95083,0.717317,1.36991,11.4286,0.00379965,141.452,4.76289,0.81887,1.48779,11.25,
1.47279,257.843,3.32753,0.208216,0.342574,15,0.199211,202.335,4.16823,0.310508,0.463555,13.3333,0.0199382,190.888,4.30466,0.410906,0.523117,12.5,0.018149,183.579,4.09709,0.515856,0.834315,12,0.00258734,179.653,4.03474,0.617181,0.914372,11.6667,0.00744113,159.56,4.52193,0.721235,1.02407,11.4286,0.00398841,136.435,4.97526,0.826823,1.52741,11.25,
1.41017,240.572,3.5811,0.20787,0.367786,15,0.0269848,208.795,4.03631,0.309708,0.44337,13.3333,0.0320091,193.896,4.11841,0.416531,0.622448,12.5,0.0110677,182.711,4.21874,0.512637,0.741758,12,0.0077013,168.752,4.35364,0.616388,0.955813,11.6667,0.00723481,142.971,4.88449,0.754347,1.3556,11.4286,0.0041693,132.095,4.87808,0.884409,1.80784,11.25,
1.25941,229.255,3.68383,0.232791,0.445343,15,0.974086,196.871,3.96429,0.330129,0.785042,13.3333,0.00759721,201.761,3.95203,0.433668,0.570655,12.5,0.0396687,182.069,4.15683,0.51386,0.821739,12,0.00265483,177.504,4.06386,0.617317,0.95249,11.6667,0.0140694,143.861,4.92082,0.7183,1.31203,11.4286,0.0142117,130.335,5.17248,0.821904,1.67816,11.25,
0.212754,219.94,3.98295,0.208624,0.355126,15,0.265746,188.59,4.47263,0.310757,0.519124,13.3333,0.0185474,180.276,4.55076,0.411561,0.584715,12.5,0.00592166,185.441,4.09755,0.512083,0.782936,12,0.0108018,163.158,4.57352,0.61471,0.940798,11.6667,0.0266053,149.268,4.56131,0.717856,1.42018,11.4286,0.0238909,132.948,4.88197,0.819509,1.82028,11.25,
0.851058,243.618,3.53905,0.208187,0.357549,15,0.640316,214.749,3.74761,0.309419,0.599578,13.3333,0.0234919,200.11,3.94963,0.410914,0.636709,12.5,0.00563887,193.534,3.98298,0.51303,0.671033,12,0.00576819,174.189,4.19714,0.614697,0.929067,11.6667,0.004978,159.206,4.39144,0.715752,1.17399,11.4286,0.00594976,135.714,4.7834,0.81806,1.76699,11.25,
1.31054,246.101,3.49481,0.20791,0.360646,15,0.32251,212.505,3.89051,0.309958,0.505317,13.3333,0.427644,199.428,3.86083,0.411964,0.741537,12.5,0.0305421,185.231,3.99543,0.515022,0.888222,12,0.0038274,172.469,4.14067,0.614686,1.04278,11.6667,0.0178965,159.379,4.30552,0.714997,1.25385,11.4286,0.00532676,137.215,4.71098,0.824283,1.75255,11.25,
1.30986,242.946,3.48684,0.208096,0.421198,15,0.447129,215.035,3.82483,0.309318,0.516249,13.3333,0.0339645,201.32,3.94342,0.410981,0.612814,12.5,0.00425205,198.528,3.68191,0.512582,0.842577,12,0.00713956,168.712,4.25774,0.614839,1.05467,11.6667,0.0236723,157.81,4.27011,0.716532,1.3501,11.4286,0.00277484,147.821,4.5216,0.817507,1.42584,11.25,
1.59516,243.91,3.54066,0.208155,0.351057,15,0.249655,208.53,3.84642,0.337583,0.611469,13.3333,0.0290721,200.734,3.92919,0.418293,0.63425,12.5,0.0386678,176.765,4.22408,0.517238,0.915902,12,0.0042741,174.622,4.01294,0.614977,1.09872,11.6667,0.0234409,149.712,4.36239,0.720007,1.59709,11.4286,0.0030199,148.753,4.63622,0.817802,1.26852,11.25,
1.38284,263.427,3.25491,0.208339,0.332877,15,0.362907,216.84,3.81056,0.310028,0.49111,13.3333,0.0088424,213.997,3.69126,0.411264,0.570433,12.5,0.00263229,199.73,3.68646,0.513078,0.807222,12,0.00260369,172.669,4.19723,0.614447,0.979746,11.6667,0.00900084,161.338,4.24933,0.722989,1.22585,11.4286,0.00564091,132.114,4.97379,0.836018,1.7594,11.25,
3.03721,247.696,3.46813,0.210978,0.358099,15,0.573284,199.12,4.05957,0.313717,0.648803,13.3333,0.0116619,192.003,4.25118,0.416723,0.540346,12.5,0.00757345,185.028,4.09976,0.519093,0.785742,12,0.00448871,182.607,3.91515,0.617245,0.943847,11.6667,0.0094192,150.418,4.70673,0.715912,1.22549,11.4286,0.00226437,145.599,4.6938,0.817249,1.35714,11.25,
1.04923,217.477,4.03489,0.208393,0.35491,15,0.235683,192.391,4.36329,0.309736,0.524734,13.3333,0.0297121,182.232,4.43823,0.410872,0.638392,12.5,0.00668298,180.733,4.27866,0.515141,0.739213,12,0.00477456,169.121,4.34671,0.614601,0.951623,11.6667,0.0143845,149.501,4.90362,0.715118,1.07019,11.4286,0.00698053,127.304,5.33415,0.825175,1.69587,11.25,
5.05181,239.237,3.57962,0.20793,0.392397,15,0.0799675,192.286,4.39085,0.309612,0.500114,13.3333,0.0297767,180.056,4.53508,0.41195,0.606783,12.5,0.00480862,191.765,3.9644,0.513447,0.736873,12,0.0124187,173.309,4.20045,0.614203,0.955384,11.6667,0.00513816,148.454,4.74042,0.716107,1.27957,11.4286,0.0196712,136.637,4.98824,0.816302,1.51414,11.25,
1.3882,263.192,3.235,0.208468,0.356032,15,0.470236,214.642,3.74424,0.311952,0.602726,13.3333,0.320101,182.459,4.33687,0.411844,0.731968,12.5,0.00334928,195.484,3.85315,0.514616,0.747741,12,0.00429676,167.37,4.45074,0.615315,0.908728,11.6667,0.00554067,151.234,4.46087,0.721428,1.42996,11.4286,0.00954634,137.054,4.81219,0.820421,1.66378,11.25,
1.31393,263.247,3.22791,0.208445,0.362363,15,0.308432,195.64,4.25046,0.309813,0.551164,13.3333,0.0342449,200.017,3.97097,0.411828,0.616774,12.5,0.00686856,192.662,3.87747,0.512883,0.800082,12,0.0024658,180.324,3.95045,0.614341,0.980794,11.6667,0.00365996,160.844,4.30961,0.717183,1.19041,11.4286,0.0269414,141.184,4.4989,0.818907,1.76514,11.25,
1.55095,261.731,3.25788,0.208566,0.354269,15,0.234376,228.062,3.56023,0.310452,0.514097,13.3333,0.0105697,207.617,3.81991,0.412355,0.58429,12.5,0.00136238,211.218,3.44757,0.512872,0.773993,12,0.00469551,182.245,3.90522,0.616182,0.965709,11.6667,0.0295624,150.557,4.50049,0.717672,1.42382,11.4286,0.0179207,135.159,4.81317,0.823652,1.76188,11.25,
1.48237,265.69,3.1944,0.209052,0.360332,15,1.02932,211.308,3.76703,0.3139,0.651494,13.3333,0.0183624,188.333,4.26763,0.426809,0.615315,12.5,0.00402651,182.212,4.05966,0.555528,0.872924,12,2.96073,145.408,4.54828,0.646479,1.68245,11.6667,0.00477681,158.353,4.40163,0.715712,1.19765,11.4286,0.0199569,143.608,4.39649,0.818885,1.74802,11.25,
1.42352,259.294,3.32214,0.208271,0.326217,15,0.48141,203.197,4.05106,0.310802,0.559462,13.3333,0.0136086,193.506,4.17179,0.411749,0.584265,12.5,0.0181243,183.892,4.17199,0.51771,0.748273,12,0.00978849,174.029,4.2655,0.614255,0.866422,11.6667,0.0165213,162.966,4.04358,0.725881,1.36681,11.4286,0.00363871,131.652,5.03716,0.858434,1.7002,11.25,
1.4991,260.956,3.26969,0.208238,0.354137,15,0.327708,178.936,4.7379,0.310612,0.540089,13.3333,0.220714,181.277,4.41417,0.420183,0.68207,12.5,0.0296375,174.19,4.31318,0.512864,0.914808,12,0.00721839,156.712,4.67442,0.615465,1.09127,11.6667,0.0164664,150.076,4.797,0.717567,1.14873,11.4286,0.0118708,141.195,4.57645,0.819587,1.68635,11.25,
1.52532,238.735,3.61921,0.208353,0.361178,15,0.82421,207.012,4.00238,0.310024,0.518237,13.3333,0.270835,184.348,4.28477,0.41165,0.728096,12.5,0.00376919,190.998,3.93621,0.513116,0.786339,12,0.0166319,155.108,4.87053,0.617852,0.958729,11.6667,0.0156719,156.36,4.14351,0.717748,1.53423,11.4286,0.0217862,140.809,4.5956,0.817977,1.68825,11.25,
1.54454,251.266,3.39504,0.208496,0.376317,15,0.609503,216.657,3.70349,0.310094,0.602011,13.3333,0.123287,189.921,4.13506,0.413311,0.716984,12.5,0.0112604,186.825,3.88745,0.517371,0.947783,12,0.0146907,169.028,4.18524,0.614401,1.11654,11.6667,0.0256381,154.532,4.3974,0.717808,1.35596,11.4286,0.0134206,142.247,4.56589,0.817998,1.64614,11.25,
5.04127,239.663,3.55354,0.20898,0.410004,15,0.361134,217.429,3.72355,0.309752,0.565895,13.3333,0.0108671,205.212,3.88476,0.410518,0.577739,12.5,0.007676,184.552,4.14424,0.512606,0.761685,12,0.0141132,170.391,4.25878,0.614998,0.995088,11.6667,0.0110418,152.586,4.50606,0.724207,1.32341,11.4286,0.00890935,129.943,5.28858,0.818737,1.58834,11.25,
0.843362,240.638,3.60346,0.207973,0.344189,15,0.389677,208.45,3.89084,0.312092,0.594377,13.3333,0.152392,184.643,4.30775,0.410863,0.697245,12.5,0.00443128,192.327,3.89844,0.515433,0.785594,12,0.00547077,170.357,4.24805,0.617324,1.00466,11.6667,0.0160868,151.173,4.55342,0.716588,1.34491,11.4286,0.00680135,145.477,4.5879,0.817001,1.46902,11.25,
1.55349,264.248,3.21942,0.208112,0.356792,15,1.031,210.424,3.71121,0.309689,0.731421,13.3333,0.0157748,202.562,3.95273,0.411461,0.572575,12.5,0.00872872,191.64,3.87123,0.512879,0.834011,12,0.00421537,165.886,4.39702,0.615366,1.01586,11.6667,0.0172313,154.647,4.36976,0.717072,1.37951,11.4286,0.00714651,143.866,4.66605,0.818345,1.4665,11.25,
1.67935,256.983,3.32796,0.208608,0.35474,15,0.239713,210.26,3.90151,0.309972,0.544528,13.3333,0.0194767,196.454,4.09172,0.41151,0.587014,12.5,0.00472816,201.982,3.64232,0.513142,0.795477,12,0.00494312,176.826,4.11642,0.615037,0.923838,11.6667,0.0156077,156.656,4.35281,0.717082,1.31354,11.4286,0.00372905,152.269,4.27126,0.819227,1.47685,11.25,
1.54844,260.671,3.25261,0.208425,0.375227,15,0.274968,205.384,4.04054,0.310486,0.517902,13.3333,0.0778558,199.293,3.92852,0.411305,0.677922,12.5,0.00416621,207.328,3.50705,0.513621,0.802593,12,0.00492618,169.667,4.3796,0.61601,0.898277,11.6667,0.0134813,147.086,4.64726,0.717261,1.43421,11.4286,0.00268125,146.483,4.69759,0.817735,1.31142,11.25,
1.35795,246.674,3.51849,0.208315,0.327125,15,0.434967,219.892,3.65452,0.310391,0.582772,13.3333,0.0711155,203.49,3.82038,0.411699,0.682164,12.5,0.00735969,201.27,3.69737,0.513163,0.757919,12,0.00278828,177.765,3.92943,0.614272,1.08171,11.6667,0.00548319,159.747,4.28009,0.71628,1.26354,11.4286,0.00654226,145.406,4.28381,0.819181,1.77429,11.25,
3.72658,248.866,3.44989,0.208312,0.360034,15,0.591316,207.958,3.90611,0.310282,0.59226,13.3333,0.0286417,205.279,3.83901,0.41098,0.621431,12.5,0.00941524,187.74,4.03228,0.51341,0.780818,12,0.00804983,165.916,4.40679,0.614942,1.0054,11.6667,0.00702195,147.489,4.74599,0.716652,1.31754,11.4286,0.0033428,146.521,4.62071,0.818525,1.38574,11.25,
1.681,250.483,3.43227,0.2082,0.351812,15,0.460758,217.027,3.79147,0.309934,0.506322,13.3333,0.0414606,195.149,4.03554,0.4113,0.677458,12.5,0.0497222,174.096,4.32892,0.512666,0.902365,12,0.00652102,170.136,4.19181,0.615102,1.07075,11.6667,0.00659409,150.446,4.56671,0.716538,1.36366,11.4286,0.00595312,135.199,4.85975,0.818213,1.71855,11.25,
2.33388,252.171,3.41725,0.20838,0.339931,15,0.123645,215.132,3.82671,0.309687,0.511914,13.3333,0.0591759,200.192,3.88179,0.411741,0.701668,12.5,0.0100572,187.334,3.97173,0.51263,0.853696,12,0.00529102,178.966,3.92584,0.615492,1.0463,11.6667,0.00319663,157.674,4.36894,0.716591,1.25668,11.4286,0.00676263,137.556,4.80516,0.818737,1.64585,11.25,
1.17576,255.492,3.32861,0.208158,0.377252,15,0.266812,211.056,3.92586,0.31116,0.501072,13.3333,0.0322132,188.426,4.2988,0.411667,0.596671,12.5,0.00315447,200.987,3.66146,0.513242,0.800744,12,0.00247985,179.78,3.94254,0.623169,0.99664,11.6667,0.00391427,162.826,4.32576,0.718577,1.0972,11.4286,0.00487984,142.211,4.66045,0.818911,1.55243,11.25,
1.27972,250.175,3.41004,0.208892,0.378266,15,0.190411,213.667,3.91349,0.313677,0.453019,13.3333,0.0199024,209.872,3.75309,0.411647,0.600073,12.5,0.00284059,205.795,3.4757,0.513079,0.870417,12,0.0289837,162.454,4.43752,0.617606,1.10048,11.6667,0.01469,152.746,4.32472,0.716828,1.50527,11.4286,0.00950914,139.309,4.65951,0.817654,1.70113,11.25,
0.919762,237.541,3.66157,0.208201,0.340018,15,0.418547,189.687,4.35545,0.310171,0.606227,13.3333,0.0411642,180.522,4.4762,0.411186,0.652121,12.5,0.00602388,184.33,4.07741,0.512258,0.83539,12,0.00890042,162.172,4.44914,0.615399,1.10176,11.6667,0.0169586,152.304,4.49809,0.716268,1.35145,11.4286,0.0235266,139.618,4.40445,0.82413,1.93382,11.25,
1.21054,259.586,3.31104,0.208062,0.333177,15,0.262139,204.798,4.05034,0.309577,0.522951,13.3333,0.0368454,199.733,4.01871,0.411043,0.576931,12.5,0.0192355,184.75,4.16604,0.512494,0.734197,12,0.0149263,166.645,4.33217,0.615003,1.05362,11.6667,0.00656377,164.091,4.08761,0.716669,1.28988,11.4286,0.0107765,133.979,5.0077,0.820025,1.63615,11.25,
1.18249,252.521,3.36525,0.208259,0.386558,15,1.2691,216.154,3.61287,0.309802,0.703668,13.3333,0.0170568,202.551,3.83683,0.413126,0.687066,12.5,0.00539065,195.217,3.84091,0.515477,0.766112,12,0.00944878,171.305,4.24804,0.623968,0.965529,11.6667,0.00524662,157.363,4.48202,0.716549,1.15614,11.4286,0.0280976,142.813,4.18501,0.819812,1.99736,11.25,
1.00124,250.793,3.40271,0.209058,0.375582,15,0.28449,205.149,4.04842,0.310311,0.515768,13.3333,0.0522858,194.327,4.06391,0.413318,0.668744,12.5,0.0391717,173.024,4.4538,0.513757,0.811987,12,0.0156174,170.65,4.10426,0.617498,1.1382,11.6667,0.0142703,150.04,4.72406,0.71722,1.22363,11.4286,0.00473715,135.529,4.92363,0.820447,1.63443,11.25,
1.72009,249.307,3.44624,0.208682,0.356202,15,0.862326,215.641,3.6881,0.310312,0.63892,13.3333,0.341011,173.904,4.52628,0.41205,0.811959,12.5,0.00831338,180.589,4.27175,0.513912,0.751784,12,0.00832175,162.431,4.38796,0.615694,1.1528,11.6667,0.00515606,147.139,4.82024,0.718222,1.25783,11.4286,0.00555187,144.156,4.44496,0.827232,1.66473,11.25,
1.04393,257.651,3.31132,0.208673,0.361231,15,0.416336,215.672,3.77669,0.310052,0.549928,13.3333,0.0159384,215.46,3.57677,0.411766,0.652701,12.5,0.0073779,189.839,3.9156,0.513263,0.838749,12,0.0279077,170.543,4.06518,0.615124,1.18332,11.6667,0.0277261,155.539,4.4014,0.716934,1.31093,11.4286,0.0166958,138.23,4.49761,0.818886,1.91783,11.25,
3.51093,255.166,3.35423,0.208492,0.356298,15,1.12792,227.559,3.4927,0.313159,0.588606,13.3333,0.025563,219.528,3.49628,0.411784,0.647156,12.5,0.00961177,179.715,4.24938,0.513389,0.801599,12,0.0113732,168.083,4.16306,0.614983,1.17141,11.6667,0.0198361,158.977,4.21011,0.716363,1.36373,11.4286,0.0107404,137.103,4.68888,0.818361,1.78654,11.25,
1.10961,250.26,3.38682,0.208251,0.400775,15,0.351313,201.136,4.11078,0.311442,0.549539,13.3333,0.205885,199.202,3.90272,0.411516,0.705793,12.5,0.0087996,195.305,3.90015,0.527672,0.692384,12,0.145397,179.128,3.86556,0.623541,1.09351,11.6667,0.0181426,148.288,4.50946,0.717317,1.51686,11.4286,0.0126157,131.904,5.04733,0.819512,1.71445,11.25,
2.14917,243.987,3.54305,0.208661,0.346867,15,0.217393,217.424,3.78631,0.310697,0.502301,13.3333,0.012985,214.624,3.65229,0.412008,0.595015,12.5,0.0459292,185.879,3.99595,0.514067,0.869829,12,0.00560152,178.219,3.87192,0.615899,1.12327,11.6667,0.024874,167.221,3.90954,0.716455,1.35413,11.4286,0.00719581,148.127,4.21413,0.820727,1.71611,11.25,
6.06918,237.658,3.60046,0.208132,0.399134,15,0.60158,211.399,3.80853,0.309682,0.612168,13.3333,0.00678849,210.528,3.72024,0.411443,0.618287,12.5,0.0181218,185.057,3.95604,0.512772,0.934934,12,0.0213105,176.199,4.05745,0.616049,1.00191,11.6667,0.0130424,148.466,4.51535,0.716662,1.50353,11.4286,0.00650113,149.264,4.15119,0.817482,1.73088,11.25,
7.94776,235.266,3.63243,0.209175,0.408898,15,0.575999,207.165,3.881,0.316575,0.629491,13.3333,0.0299613,189.724,4.22892,0.413105,0.628799,12.5,0.0231019,180.336,4.26236,0.51336,0.769501,12,0.0349721,166.972,4.12377,0.614712,1.25055,11.6667,0.00620792,153.536,4.55877,0.71925,1.23511,11.4286,0.00617096,145.571,4.4613,0.818559,1.58965,11.25,
4.93404,251.666,3.36002,0.208054,0.405455,15,0.931213,213.551,3.69485,0.309662,0.678217,13.3333,0.0399168,201.87,3.89588,0.411258,0.646536,12.5,0.0140386,185.834,4.09287,0.512597,0.775691,12,0.0070753,172.136,4.22051,0.614327,0.974538,11.6667,0.0127348,152.779,4.29044,0.717384,1.53757,11.4286,0.00877468,132.34,4.84935,0.819652,1.88728,11.25,
0.795428,240.725,3.57209,0.208103,0.373925,15,0.281901,207.936,3.97189,0.310008,0.527272,13.3333,0.043257,209.743,3.67408,0.410889,0.682762,12.5,0.0100488,180.981,4.23047,0.513071,0.781904,12,0.0130007,155.935,4.80239,0.614842,0.995673,11.6667,0.0295986,154.895,4.35001,0.717205,1.38879,11.4286,0.00747531,153.368,4.08252,0.820859,1.61691,11.25,
