25.1258,-42.4519,24.4619,15.4431,1.26278,2.19617,-0.0105615,
25.1093,-42.4487,24.4507,15.4424,1.22236,2.29068,-0.0173086,
25.0938,-42.4482,24.4375,15.4426,1.1862,2.31684,-0.0185286,
25.0789,-42.4483,24.425,15.4429,1.16147,2.32518,-0.0192156,
25.0648,-42.4483,24.4129,15.4435,1.14145,2.32544,-0.0195766,
25.0513,-42.4481,24.4013,15.4443,1.12426,2.32269,-0.0198165,
25.0384,-42.4477,24.3902,15.4453,1.10923,2.31902,-0.0200002,
25.026,-42.4471,24.3793,15.4464,1.096,2.3152,-0.0201502,
25.0141,-42.4463,24.3688,15.4475,1.08434,2.3115,-0.0202763,
25.0025,-42.4454,24.3586,15.4488,1.07405,2.30804,-0.0203835,
24.9913,-42.4443,24.3487,15.4501,1.06497,2.30483,-0.0204751,
24.9804,-42.4431,24.339,15.4514,1.05696,2.30188,-0.0205535,
24.9698,-42.4418,24.3294,15.4528,1.04989,2.29918,-0.0206205,
24.9595,-42.4404,24.3201,15.4543,1.04366,2.2967,-0.0206777,
24.9493,-42.4389,24.311,15.4558,1.03817,2.29444,-0.0207265,
24.9393,-42.4373,24.302,15.4573,1.03334,2.29238,-0.020768,
24.9295,-42.4357,24.2931,15.4588,1.02908,2.29049,-0.0208031,
24.9198,-42.4341,24.2844,15.4604,1.02533,2.28878,-0.0208326,
24.9103,-42.4324,24.2758,15.462,1.02204,2.28722,-0.0208573,
24.9008,-42.4307,24.2673,15.4636,1.01915,2.2858,-0.0208777,
24.8915,-42.429,24.2589,15.4652,1.01661,2.28451,-0.0208945,
24.8822,-42.4272,24.2506,15.4668,1.01439,2.28334,-0.020908,
24.8731,-42.4254,24.2424,15.4684,1.01244,2.28227,-0.0209187,
24.864,-42.4237,24.2342,15.4701,1.01074,2.28129,-0.0209269,
24.8549,-42.4219,24.2261,15.4717,1.00925,2.28041,-0.0209329,
24.8459,-42.4201,24.2181,15.4734,1.00796,2.27961,-0.020937,
24.837,-42.4183,24.2101,15.4751,1.00684,2.27888,-0.0209395,
24.8281,-42.4165,24.2023,15.4767,1.00586,2.27821,-0.0209405,
24.8192,-42.4147,24.1944,15.4784,1.00502,2.2776,-0.0209401,
24.8104,-42.4129,24.1866,15.4801,1.0043,2.27705,-0.0209387,
24.8016,-42.4111,24.1789,15.4818,1.00368,2.27655,-0.0209362,
24.7928,-42.4093,24.1712,15.4835,1.00315,2.27609,-0.0209328,
24.7841,-42.4075,24.1635,15.4852,1.00271,2.27567,-0.0209287,
24.7753,-42.4057,24.1559,15.4868,1.00234,2.27529,-0.0209239,
24.7666,-42.4039,24.1483,15.4885,1.00203,2.27495,-0.0209185,
24.7579,-42.4021,24.1408,15.4902,1.00178,2.27463,-0.0209125,
24.7492,-42.4004,24.1333,15.4919,1.00157,2.27434,-0.0209061,
24.7405,-42.3986,24.1258,15.4936,1.00142,2.27407,-0.0208992,
24.7319,-42.3969,24.1183,15.4953,1.0013,2.27383,-0.020892,
24.7232,-42.3951,24.1109,15.497,1.00121,2.2736,-0.0208844,
24.7146,-42.3934,24.1035,15.4986,1.00116,2.2734,-0.0208766,
24.706,-42.3917,24.0962,15.5003,1.00113,2.27321,-0.0208685,
24.6973,-42.39,24.0888,15.502,1.00113,2.27304,-0.0208601,
24.6887,-42.3883,24.0815,15.5037,1.00115,2.27287,-0.0208516,
24.6801,-42.3866,24.0743,15.5054,1.00118,2.27273,-0.0208428,
24.6715,-42.3849,24.067,15.5071,1.00124,2.27259,-0.0208339,
24.6629,-42.3832,24.0598,15.5087,1.00131,2.27246,-0.0208248,
24.6543,-42.3815,24.0526,15.5104,1.00139,2.27234,-0.0208156,
24.6457,-42.3799,24.0454,15.5121,1.00148,2.27223,-0.0208063,
24.6372,-42.3782,24.0382,15.5138,1.00158,2.27213,-0.0207969,
24.6286,-42.3766,24.0311,15.5154,1.00169,2.27203,-0.0207874,
24.62,-42.3749,24.0239,15.5171,1.00181,2.27194,-0.0207777,
24.6114,-42.3733,24.0168,15.5188,1.00194,2.27185,-0.020768,
24.6029,-42.3717,24.0097,15.5204,1.00207,2.27177,-0.0207582,
24.5943,-42.37,24.0027,15.5221,1.00221,2.27169,-0.0207483,
24.5857,-42.3684,23.9956,15.5238,1.00235,2.27162,-0.0207384,
24.5772,-42.3668,23.9886,15.5254,1.0025,2.27154,-0.0207283,
24.5686,-42.3652,23.9816,15.5271,1.00265,2.27148,-0.0207183,
24.5601,-42.3636,23.9746,15.5287,1.0028,2.27141,-0.0207081,
24.5516,-42.362,23.9676,15.5304,1.00296,2.27135,-0.0206979,
24.543,-42.3604,23.9606,15.5321,1.00312,2.27129,-0.0206877,
24.5345,-42.3589,23.9537,15.5337,1.00328,2.27123,-0.0206774,
24.5259,-42.3573,23.9467,15.5354,1.00344,2.27117,-0.0206671,
24.5174,-42.3557,23.9398,15.537,1.0036,2.27111,-0.0206567,
24.5089,-42.3542,23.9329,15.5387,1.00377,2.27105,-0.0206462,
24.5004,-42.3526,23.926,15.5403,1.00393,2.271,-0.0206357,
24.4918,-42.351,23.9191,15.542,1.0041,2.27094,-0.0206252,
24.4833,-42.3495,23.9123,15.5436,1.00427,2.27089,-0.0206146,
24.4748,-42.3479,23.9054,15.5452,1.00443,2.27084,-0.020604,
24.4663,-42.3464,23.8986,15.5469,1.0046,2.27078,-0.0205933,
24.4578,-42.3449,23.8918,15.5485,1.00477,2.27073,-0.0205826,
24.4493,-42.3433,23.885,15.5502,1.00494,2.27068,-0.0205719,
24.4408,-42.3418,23.8782,15.5518,1.00511,2.27063,-0.0205611,
24.4323,-42.3403,23.8714,15.5534,1.00528,2.27057,-0.0205503,
24.4238,-42.3388,23.8646,15.5551,1.00545,2.27052,-0.0205394,
24.4153,-42.3372,23.8579,15.5567,1.00562,2.27047,-0.0205285,
24.4068,-42.3357,23.8511,15.5583,1.00579,2.27041,-0.0205176,
24.3983,-42.3342,23.8444,15.56,1.00596,2.27036,-0.0205066,
24.3898,-42.3327,23.8377,15.5616,1.00613,2.27031,-0.0204956,
24.3813,-42.3312,23.831,15.5632,1.00629,2.27025,-0.0204846,
24.3729,-42.3297,23.8243,15.5649,1.00646,2.2702,-0.0204735,
24.3644,-42.3282,23.8176,15.5665,1.00663,2.27014,-0.0204623,
24.3559,-42.3267,23.8109,15.5681,1.0068,2.27009,-0.0204512,
24.3474,-42.3252,23.8043,15.5697,1.00697,2.27003,-0.02044,
24.339,-42.3237,23.7976,15.5714,1.00714,2.26998,-0.0204287,
24.3305,-42.3222,23.791,15.573,1.0073,2.26992,-0.0204175,
24.322,-42.3207,23.7843,15.5746,1.00747,2.26986,-0.0204061,
24.3136,-42.3192,23.7777,15.5762,1.00764,2.26981,-0.0203948,
24.3051,-42.3177,23.7711,15.5778,1.00781,2.26975,-0.0203834,
24.2967,-42.3162,23.7645,15.5794,1.00797,2.26969,-0.020372,
24.2882,-42.3147,23.7579,15.5811,1.00814,2.26963,-0.0203605,
24.2798,-42.3133,23.7513,15.5827,1.0083,2.26957,-0.020349,
24.2714,-42.3118,23.7448,15.5843,1.00847,2.26951,-0.0203375,
24.2629,-42.3103,23.7382,15.5859,1.00863,2.26945,-0.0203259,
24.2545,-42.3088,23.7316,15.5875,1.0088,2.26939,-0.0203143,
24.246,-42.3073,23.7251,15.5891,1.00896,2.26932,-0.0203027,
24.2376,-42.3059,23.7186,15.5907,1.00913,2.26926,-0.020291,
24.2292,-42.3044,23.7121,15.5923,1.00929,2.2692,-0.0202793,
24.2208,-42.3029,23.7055,15.5939,1.00945,2.26913,-0.0202676,
24.2123,-42.3014,23.699,15.5955,1.00962,2.26907,-0.0202558,
24.2039,-42.3,23.6925,15.5971,1.00978,2.269,-0.020244,
24.1955,-42.2985,23.6861,15.5987,1.00994,2.26894,-0.0202321,
24.1871,-42.297,23.6796,15.6003,1.0101,2.26887,-0.0202202,
24.1787,-42.2955,23.6731,15.6019,1.01026,2.2688,-0.0202083,
24.1703,-42.2941,23.6666,15.6035,1.01043,2.26874,-0.0201963,
24.1619,-42.2926,23.6602,15.6051,1.01059,2.26867,-0.0201843,
24.1535,-42.2911,23.6538,15.6067,1.01075,2.2686,-0.0201723,
24.1451,-42.2897,23.6473,15.6083,1.01091,2.26853,-0.0201602,
24.1367,-42.2882,23.6409,15.6099,1.01107,2.26846,-0.0201481,
24.1283,-42.2867,23.6345,15.6115,1.01122,2.26839,-0.020136,
24.12,-42.2852,23.6281,15.6131,1.01138,2.26832,-0.0201238,
24.1116,-42.2838,23.6217,15.6147,1.01154,2.26825,-0.0201116,
24.1032,-42.2823,23.6153,15.6163,1.0117,2.26817,-0.0200994,
24.0948,-42.2808,23.6089,15.6178,1.01186,2.2681,-0.0200871,
24.0865,-42.2794,23.6025,15.6194,1.01201,2.26803,-0.0200748,
24.0781,-42.2779,23.5961,15.621,1.01217,2.26795,-0.0200625,
24.0697,-42.2764,23.5898,15.6226,1.01233,2.26788,-0.0200501,
24.0614,-42.275,23.5834,15.6242,1.01248,2.2678,-0.0200377,
24.053,-42.2735,23.5771,15.6258,1.01264,2.26773,-0.0200252,
24.0446,-42.272,23.5708,15.6273,1.0128,2.26765,-0.0200127,
24.0363,-42.2706,23.5644,15.6289,1.01295,2.26757,-0.0200002,
24.028,-42.2691,23.5581,15.6305,1.01311,2.2675,-0.0199877,
24.0196,-42.2676,23.5518,15.6321,1.01326,2.26742,-0.0199751,
24.0113,-42.2662,23.5455,15.6336,1.01341,2.26734,-0.0199625,
24.0029,-42.2647,23.5392,15.6352,1.01357,2.26726,-0.0199498,
23.9946,-42.2632,23.5329,15.6368,1.01372,2.26718,-0.0199371,
23.9863,-42.2617,23.5266,15.6384,1.01388,2.2671,-0.0199244,
23.9779,-42.2603,23.5203,15.6399,1.01403,2.26702,-0.0199116,
23.9696,-42.2588,23.5141,15.6415,1.01418,2.26694,-0.0198989,
23.9613,-42.2573,23.5078,15.6431,1.01433,2.26685,-0.019886,
23.953,-42.2559,23.5016,15.6446,1.01448,2.26677,-0.0198732,
23.9447,-42.2544,23.4953,15.6462,1.01464,2.26669,-0.0198603,
23.9364,-42.2529,23.4891,15.6478,1.01479,2.2666,-0.0198474,
23.928,-42.2514,23.4828,15.6493,1.01494,2.26652,-0.0198344,
23.9197,-42.25,23.4766,15.6509,1.01509,2.26643,-0.0198214,
23.9114,-42.2485,23.4704,15.6525,1.01524,2.26635,-0.0198084,
23.9031,-42.247,23.4642,15.654,1.01539,2.26626,-0.0197953,
23.8948,-42.2455,23.458,15.6556,1.01554,2.26617,-0.0197822,
23.8866,-42.2441,23.4518,15.6571,1.01569,2.26609,-0.0197691,
23.8783,-42.2426,23.4456,15.6587,1.01584,2.266,-0.019756,
23.87,-42.2411,23.4394,15.6603,1.01598,2.26591,-0.0197428,
23.8617,-42.2396,23.4332,15.6618,1.01613,2.26582,-0.0197296,
23.8534,-42.2382,23.4271,15.6634,1.01628,2.26573,-0.0197163,
23.8452,-42.2367,23.4209,15.6649,1.01643,2.26564,-0.019703,
23.8369,-42.2352,23.4148,15.6665,1.01657,2.26555,-0.0196897,
23.8286,-42.2337,23.4086,15.668,1.01672,2.26546,-0.0196763,
23.8203,-42.2322,23.4025,15.6696,1.01687,2.26537,-0.0196629,
23.8121,-42.2307,23.3963,15.6711,1.01701,2.26528,-0.0196495,
23.8038,-42.2293,23.3902,15.6727,1.01716,2.26519,-0.019636,
23.7956,-42.2278,23.3841,15.6742,1.01731,2.26509,-0.0196226,
23.7873,-42.2263,23.378,15.6758,1.01745,2.265,-0.019609,
23.7791,-42.2248,23.3719,15.6773,1.0176,2.26491,-0.0195955,
23.7708,-42.2233,23.3658,15.6789,1.01774,2.26481,-0.0195819,
23.7626,-42.2218,23.3597,15.6804,1.01788,2.26472,-0.0195683,
23.7544,-42.2203,23.3536,15.6819,1.01803,2.26462,-0.0195546,
23.7461,-42.2189,23.3475,15.6835,1.01817,2.26453,-0.019541,
23.7379,-42.2174,23.3414,15.685,1.01832,2.26443,-0.0195272,
23.7297,-42.2159,23.3354,15.6866,1.01846,2.26433,-0.0195135,
23.7214,-42.2144,23.3293,15.6881,1.0186,2.26424,-0.0194997,
23.7132,-42.2129,23.3233,15.6896,1.01874,2.26414,-0.0194859,
23.705,-42.2114,23.3172,15.6912,1.01889,2.26404,-0.019472,
23.6968,-42.2099,23.3112,15.6927,1.01903,2.26394,-0.0194582,
23.6886,-42.2084,23.3051,15.6942,1.01917,2.26384,-0.0194443,
23.6804,-42.2069,23.2991,15.6958,1.01931,2.26374,-0.0194303,
23.6722,-42.2054,23.2931,15.6973,1.01945,2.26364,-0.0194163,
23.664,-42.2039,23.2871,15.6988,1.01959,2.26354,-0.0194023,
23.6558,-42.2024,23.2811,15.7004,1.01973,2.26344,-0.0193883,
23.6476,-42.2009,23.2751,15.7019,1.01987,2.26334,-0.0193742,
23.6394,-42.1994,23.2691,15.7034,1.02001,2.26323,-0.0193601,
23.6312,-42.1979,23.2631,15.7049,1.02015,2.26313,-0.019346,
23.623,-42.1964,23.2571,15.7065,1.02029,2.26303,-0.0193318,
23.6148,-42.1949,23.2511,15.708,1.02043,2.26292,-0.0193176,
23.6067,-42.1934,23.2452,15.7095,1.02057,2.26282,-0.0193034,
23.5985,-42.1918,23.2392,15.711,1.02071,2.26271,-0.0192891,
23.5903,-42.1903,23.2333,15.7125,1.02085,2.26261,-0.0192748,
23.5822,-42.1888,23.2273,15.7141,1.02098,2.2625,-0.0192605,
23.574,-42.1873,23.2214,15.7156,1.02112,2.2624,-0.0192462,
23.5658,-42.1858,23.2154,15.7171,1.02126,2.26229,-0.0192318,
23.5577,-42.1843,23.2095,15.7186,1.0214,2.26218,-0.0192173,
23.5495,-42.1828,23.2036,15.7201,1.02153,2.26208,-0.0192029,
23.5414,-42.1812,23.1977,15.7216,1.02167,2.26197,-0.0191884,
23.5332,-42.1797,23.1918,15.7232,1.0218,2.26186,-0.0191739,
23.5251,-42.1782,23.1859,15.7247,1.02194,2.26175,-0.0191594,
23.5169,-42.1767,23.18,15.7262,1.02208,2.26164,-0.0191448,
23.5088,-42.1752,23.1741,15.7277,1.02221,2.26153,-0.0191302,
23.5007,-42.1736,23.1682,15.7292,1.02235,2.26142,-0.0191155,
23.4925,-42.1721,23.1623,15.7307,1.02248,2.26131,-0.0191009,
23.4844,-42.1706,23.1564,15.7322,1.02261,2.2612,-0.0190862,
23.4763,-42.1691,23.1506,15.7337,1.02275,2.26109,-0.0190714,
23.4682,-42.1675,23.1447,15.7352,1.02288,2.26097,-0.0190567,
23.46,-42.166,23.1389,15.7367,1.02301,2.26086,-0.0190419,
23.4519,-42.1645,23.133,15.7382,1.02315,2.26075,-0.019027,
23.4438,-42.1629,23.1272,15.7397,1.02328,2.26064,-0.0190122,
23.4357,-42.1614,23.1213,15.7412,1.02341,2.26052,-0.0189973,
23.4276,-42.1599,23.1155,15.7427,1.02355,2.26041,-0.0189824,
23.4195,-42.1583,23.1097,15.7442,1.02368,2.26029,-0.0189674,
23.4114,-42.1568,23.1039,15.7457,1.02381,2.26018,-0.0189524,
23.4033,-42.1553,23.0981,15.7472,1.02394,2.26006,-0.0189374,
23.3952,-42.1537,23.0923,15.7487,1.02407,2.25994,-0.0189224,
23.3871,-42.1522,23.0865,15.7502,1.0242,2.25983,-0.0189073,
23.3791,-42.1506,23.0807,15.7517,1.02433,2.25971,-0.0188922,
23.371,-42.1491,23.0749,15.7532,1.02446,2.25959,-0.0188771,
23.3629,-42.1475,23.0691,15.7547,1.02459,2.25947,-0.0188619,
23.3548,-42.146,23.0633,15.7562,1.02472,2.25936,-0.0188467,
23.3468,-42.1444,23.0576,15.7577,1.02485,2.25924,-0.0188315,
23.3387,-42.1429,23.0518,15.7592,1.02498,2.25912,-0.0188162,
23.3306,-42.1413,23.0461,15.7606,1.02511,2.259,-0.0188009,
23.3226,-42.1398,23.0403,15.7621,1.02524,2.25888,-0.0187856,
23.3145,-42.1382,23.0346,15.7636,1.02537,2.25876,-0.0187703,
23.3065,-42.1367,23.0288,15.7651,1.02549,2.25864,-0.0187549,
23.2984,-42.1351,23.0231,15.7666,1.02562,2.25851,-0.0187395,
23.2904,-42.1336,23.0174,15.7681,1.02575,2.25839,-0.0187241,
23.2823,-42.132,23.0117,15.7695,1.02588,2.25827,-0.0187086,
23.2743,-42.1304,23.006,15.771,1.026,2.25815,-0.0186931,
23.2662,-42.1289,23.0002,15.7725,1.02613,2.25802,-0.0186775,
23.2582,-42.1273,22.9945,15.774,1.02626,2.2579,-0.018662,
23.2502,-42.1257,22.9889,15.7755,1.02638,2.25777,-0.0186464,
23.2422,-42.1242,22.9832,15.7769,1.02651,2.25765,-0.0186308,
23.2341,-42.1226,22.9775,15.7784,1.02663,2.25752,-0.0186151,
23.2261,-42.121,22.9718,15.7799,1.02676,2.2574,-0.0185994,
23.2181,-42.1195,22.9661,15.7813,1.02688,2.25727,-0.0185837,
23.2101,-42.1179,22.9605,15.7828,1.02701,2.25715,-0.018568,
23.2021,-42.1163,22.9548,15.7843,1.02713,2.25702,-0.0185522,
23.1941,-42.1147,22.9492,15.7858,1.02726,2.25689,-0.0185364,
23.1861,-42.1132,22.9435,15.7872,1.02738,2.25677,-0.0185206,
23.1781,-42.1116,22.9379,15.7887,1.02751,2.25664,-0.0185047,
23.1701,-42.11,22.9323,15.7902,1.02763,2.25651,-0.0184888,
23.1621,-42.1084,22.9266,15.7916,1.02775,2.25638,-0.0184729,
23.1541,-42.1068,22.921,15.7931,1.02787,2.25625,-0.018457,
23.1461,-42.1053,22.9154,15.7945,1.028,2.25612,-0.018441,
23.1381,-42.1037,22.9098,15.796,1.02812,2.25599,-0.018425,
23.1301,-42.1021,22.9042,15.7975,1.02824,2.25586,-0.0184089,
23.1221,-42.1005,22.8986,15.7989,1.02836,2.25573,-0.0183929,
23.1142,-42.0989,22.893,15.8004,1.02848,2.2556,-0.0183768,
23.1062,-42.0973,22.8874,15.8018,1.02861,2.25546,-0.0183606,
23.0982,-42.0957,22.8819,15.8033,1.02873,2.25533,-0.0183445,
23.0903,-42.0941,22.8763,15.8047,1.02885,2.2552,-0.0183283,
23.0823,-42.0925,22.8707,15.8062,1.02897,2.25507,-0.0183121,
23.0743,-42.0909,22.8652,15.8077,1.02909,2.25493,-0.0182958,
23.0664,-42.0893,22.8596,15.8091,1.02921,2.2548,-0.0182796,
23.0584,-42.0877,22.8541,15.8106,1.02933,2.25466,-0.0182633,
23.0505,-42.0861,22.8485,15.812,1.02945,2.25453,-0.0182469,
23.0426,-42.0845,22.843,15.8135,1.02957,2.25439,-0.0182306,
23.0346,-42.0829,22.8374,15.8149,1.02968,2.25426,-0.0182142,
23.0267,-42.0813,22.8319,15.8163,1.0298,2.25412,-0.0181977,
23.0187,-42.0797,22.8264,15.8178,1.02992,2.25399,-0.0181813,
23.0108,-42.0781,22.8209,15.8192,1.03004,2.25385,-0.0181648,
23.0029,-42.0765,22.8154,15.8207,1.03016,2.25371,-0.0181483,
22.995,-42.0749,22.8099,15.8221,1.03027,2.25357,-0.0181318,
22.987,-42.0733,22.8044,15.8236,1.03039,2.25344,-0.0181152,
22.9791,-42.0717,22.7989,15.825,1.03051,2.2533,-0.0180986,
22.9712,-42.07,22.7934,15.8264,1.03063,2.25316,-0.018082,
22.9633,-42.0684,22.7879,15.8279,1.03074,2.25302,-0.0180653,
22.9554,-42.0668,22.7825,15.8293,1.03086,2.25288,-0.0180487,
22.9475,-42.0652,22.777,15.8307,1.03097,2.25274,-0.0180319,
22.9396,-42.0635,22.7716,15.8322,1.03109,2.2526,-0.0180152,
22.9317,-42.0619,22.7661,15.8336,1.0312,2.25246,-0.0179984,
22.9238,-42.0603,22.7607,15.835,1.03132,2.25232,-0.0179816,
22.9159,-42.0587,22.7552,15.8365,1.03143,2.25217,-0.0179648,
22.908,-42.057,22.7498,15.8379,1.03155,2.25203,-0.017948,
22.9001,-42.0554,22.7444,15.8393,1.03166,2.25189,-0.0179311,
22.8922,-42.0538,22.7389,15.8408,1.03178,2.25175,-0.0179142,
22.8843,-42.0521,22.7335,15.8422,1.03189,2.2516,-0.0178972,
22.8765,-42.0505,22.7281,15.8436,1.03201,2.25146,-0.0178802,
22.8686,-42.0489,22.7227,15.845,1.03212,2.25131,-0.0178633,
22.8607,-42.0472,22.7173,15.8465,1.03223,2.25117,-0.0178462,
22.8529,-42.0456,22.7119,15.8479,1.03234,2.25102,-0.0178292,
22.845,-42.0439,22.7065,15.8493,1.03246,2.25088,-0.0178121,
22.8371,-42.0423,22.7011,15.8507,1.03257,2.25073,-0.017795,
22.8293,-42.0407,22.6958,15.8521,1.03268,2.25059,-0.0177778,
22.8214,-42.039,22.6904,15.8536,1.03279,2.25044,-0.0177607,
22.8136,-42.0374,22.685,15.855,1.0329,2.25029,-0.0177435,
22.8057,-42.0357,22.6797,15.8564,1.03302,2.25015,-0.0177263,
22.7979,-42.0341,22.6743,15.8578,1.03313,2.25,-0.017709,
22.79,-42.0324,22.669,15.8592,1.03324,2.24985,-0.0176917,
22.7822,-42.0308,22.6636,15.8606,1.03335,2.2497,-0.0176744,
22.7744,-42.0291,22.6583,15.862,1.03346,2.24955,-0.0176571,
22.7665,-42.0274,22.653,15.8635,1.03357,2.2494,-0.0176397,
22.7587,-42.0258,22.6476,15.8649,1.03368,2.24925,-0.0176223,
22.7509,-42.0241,22.6423,15.8663,1.03379,2.2491,-0.0176049,
22.7431,-42.0225,22.637,15.8677,1.0339,2.24895,-0.0175874,
22.7353,-42.0208,22.6317,15.8691,1.03401,2.2488,-0.01757,
22.7274,-42.0191,22.6264,15.8705,1.03412,2.24865,-0.0175525,
22.7196,-42.0175,22.6211,15.8719,1.03422,2.2485,-0.0175349,
22.7118,-42.0158,22.6158,15.8733,1.03433,2.24835,-0.0175174,
22.704,-42.0141,22.6105,15.8747,1.03444,2.24819,-0.0174998,
22.6962,-42.0124,22.6053,15.8761,1.03455,2.24804,-0.0174822,
22.6884,-42.0108,22.6,15.8775,1.03466,2.24789,-0.0174645,
22.6806,-42.0091,22.5947,15.8789,1.03476,2.24773,-0.0174468,
22.6728,-42.0074,22.5895,15.8803,1.03487,2.24758,-0.0174291,
22.665,-42.0057,22.5842,15.8817,1.03498,2.24743,-0.0174114,
22.6573,-42.0041,22.579,15.8831,1.03508,2.24727,-0.0173937,
22.6495,-42.0024,22.5737,15.8845,1.03519,2.24712,-0.0173759,
22.6417,-42.0007,22.5685,15.8859,1.0353,2.24696,-0.0173581,
22.6339,-41.999,22.5633,15.8873,1.0354,2.2468,-0.0173402,
22.6261,-41.9973,22.558,15.8887,1.03551,2.24665,-0.0173224,
22.6184,-41.9956,22.5528,15.89,1.03561,2.24649,-0.0173045,
22.6106,-41.9939,22.5476,15.8914,1.03572,2.24633,-0.0172865,
22.6029,-41.9922,22.5424,15.8928,1.03582,2.24618,-0.0172686,
22.5951,-41.9905,22.5372,15.8942,1.03593,2.24602,-0.0172506,
22.5873,-41.9888,22.532,15.8956,1.03603,2.24586,-0.0172326,
22.5796,-41.9872,22.5268,15.897,1.03614,2.2457,-0.0172146,
22.5718,-41.9855,22.5216,15.8984,1.03624,2.24554,-0.0171965,
22.5641,-41.9838,22.5164,15.8997,1.03634,2.24538,-0.0171784,
22.5563,-41.982,22.5113,15.9011,1.03645,2.24522,-0.0171603,
22.5486,-41.9803,22.5061,15.9025,1.03655,2.24506,-0.0171422,
22.5409,-41.9786,22.5009,15.9039,1.03665,2.2449,-0.017124,
22.5331,-41.9769,22.4958,15.9053,1.03676,2.24474,-0.0171058,
22.5254,-41.9752,22.4906,15.9066,1.03686,2.24458,-0.0170876,
22.5177,-41.9735,22.4855,15.908,1.03696,2.24442,-0.0170694,
22.5099,-41.9718,22.4803,15.9094,1.03706,2.24426,-0.0170511,
22.5022,-41.9701,22.4752,15.9108,1.03716,2.24409,-0.0170328,
22.4945,-41.9684,22.4701,15.9121,1.03727,2.24393,-0.0170145,
22.4868,-41.9667,22.465,15.9135,1.03737,2.24377,-0.0169961,
22.4791,-41.9649,22.4598,15.9149,1.03747,2.2436,-0.0169777,
22.4714,-41.9632,22.4547,15.9162,1.03757,2.24344,-0.0169593,
22.4637,-41.9615,22.4496,15.9176,1.03767,2.24328,-0.0169409,
22.456,-41.9598,22.4445,15.919,1.03777,2.24311,-0.0169224,
22.4483,-41.958,22.4394,15.9203,1.03787,2.24295,-0.0169039,
22.4406,-41.9563,22.4343,15.9217,1.03797,2.24278,-0.0168854,
22.4329,-41.9546,22.4293,15.9231,1.03807,2.24262,-0.0168669,
22.4252,-41.9528,22.4242,15.9244,1.03817,2.24245,-0.0168483,
22.4175,-41.9511,22.4191,15.9258,1.03827,2.24228,-0.0168297,
22.4098,-41.9494,22.4141,15.9271,1.03837,2.24212,-0.0168111,
22.4021,-41.9476,22.409,15.9285,1.03846,2.24195,-0.0167924,
22.3945,-41.9459,22.4039,15.9299,1.03856,2.24178,-0.0167737,
22.3868,-41.9442,22.3989,15.9312,1.03866,2.24161,-0.016755,
22.3791,-41.9424,22.3938,15.9326,1.03876,2.24144,-0.0167363,
22.3715,-41.9407,22.3888,15.9339,1.03886,2.24128,-0.0167176,
22.3638,-41.9389,22.3838,15.9353,1.03895,2.24111,-0.0166988,
22.3561,-41.9372,22.3788,15.9366,1.03905,2.24094,-0.01668,
22.3485,-41.9354,22.3737,15.938,1.03915,2.24077,-0.0166611,
22.3408,-41.9337,22.3687,15.9393,1.03925,2.2406,-0.0166423,
22.3332,-41.9319,22.3637,15.9407,1.03934,2.24043,-0.0166234,
22.3255,-41.9302,22.3587,15.942,1.03944,2.24026,-0.0166045,
22.3179,-41.9284,22.3537,15.9434,1.03953,2.24008,-0.0165855,
22.3102,-41.9267,22.3487,15.9447,1.03963,2.23991,-0.0165665,
22.3026,-41.9249,22.3437,15.9461,1.03973,2.23974,-0.0165476,
22.295,-41.9232,22.3388,15.9474,1.03982,2.23957,-0.0165285,
22.2873,-41.9214,22.3338,15.9488,1.03992,2.2394,-0.0165095,
22.2797,-41.9196,22.3288,15.9501,1.04001,2.23922,-0.0164904,
22.2721,-41.9179,22.3238,15.9514,1.04011,2.23905,-0.0164713,
22.2644,-41.9161,22.3189,15.9528,1.0402,2.23888,-0.0164522,
22.2568,-41.9143,22.3139,15.9541,1.0403,2.2387,-0.016433,
22.2492,-41.9126,22.309,15.9554,1.04039,2.23853,-0.0164139,
22.2416,-41.9108,22.304,15.9568,1.04048,2.23835,-0.0163947,
22.234,-41.909,22.2991,15.9581,1.04058,2.23818,-0.0163754,
22.2264,-41.9072,22.2942,15.9594,1.04067,2.238,-0.0163562,
22.2188,-41.9055,22.2893,15.9608,1.04076,2.23783,-0.0163369,
22.2112,-41.9037,22.2843,15.9621,1.04086,2.23765,-0.0163176,
22.2036,-41.9019,22.2794,15.9634,1.04095,2.23747,-0.0162983,
22.196,-41.9001,22.2745,15.9648,1.04104,2.2373,-0.0162789,
22.1884,-41.8983,22.2696,15.9661,1.04113,2.23712,-0.0162595,
22.1808,-41.8965,22.2647,15.9674,1.04123,2.23694,-0.0162401,
22.1732,-41.8947,22.2598,15.9688,1.04132,2.23676,-0.0162207,
22.1656,-41.893,22.2549,15.9701,1.04141,2.23659,-0.0162012,
22.1581,-41.8912,22.2501,15.9714,1.0415,2.23641,-0.0161818,
22.1505,-41.8894,22.2452,15.9727,1.04159,2.23623,-0.0161622,
22.1429,-41.8876,22.2403,15.974,1.04168,2.23605,-0.0161427,
22.1353,-41.8858,22.2354,15.9754,1.04177,2.23587,-0.0161231,
22.1278,-41.884,22.2306,15.9767,1.04186,2.23569,-0.0161036,
22.1202,-41.8822,22.2257,15.978,1.04196,2.23551,-0.0160839,
22.1127,-41.8804,22.2209,15.9793,1.04205,2.23533,-0.0160643,
22.1051,-41.8786,22.216,15.9806,1.04214,2.23515,-0.0160446,
22.0975,-41.8768,22.2112,15.9819,1.04222,2.23497,-0.0160249,
22.09,-41.875,22.2064,15.9833,1.04231,2.23478,-0.0160052,
22.0824,-41.8731,22.2016,15.9846,1.0424,2.2346,-0.0159855,
22.0749,-41.8713,22.1967,15.9859,1.04249,2.23442,-0.0159657,
22.0674,-41.8695,22.1919,15.9872,1.04258,2.23424,-0.015946,
22.0598,-41.8677,22.1871,15.9885,1.04267,2.23405,-0.0159261,
22.0523,-41.8659,22.1823,15.9898,1.04276,2.23387,-0.0159063,
22.0448,-41.8641,22.1775,15.9911,1.04285,2.23369,-0.0158864,
22.0372,-41.8622,22.1727,15.9924,1.04293,2.2335,-0.0158665,
22.0297,-41.8604,22.1679,15.9937,1.04302,2.23332,-0.0158466,
22.0222,-41.8586,22.1631,15.995,1.04311,2.23313,-0.0158267,
22.0147,-41.8568,22.1584,15.9963,1.0432,2.23295,-0.0158067,
22.0071,-41.8549,22.1536,15.9976,1.04328,2.23276,-0.0157867,
21.9996,-41.8531,22.1488,15.9989,1.04337,2.23258,-0.0157667,
21.9921,-41.8513,22.1441,16.0002,1.04346,2.23239,-0.0157467,
21.9846,-41.8494,22.1393,16.0015,1.04354,2.2322,-0.0157266,
21.9771,-41.8476,22.1346,16.0028,1.04363,2.23202,-0.0157065,
21.9696,-41.8458,22.1298,16.0041,1.04372,2.23183,-0.0156864,
21.9621,-41.8439,22.1251,16.0054,1.0438,2.23164,-0.0156663,
21.9546,-41.8421,22.1204,16.0067,1.04389,2.23145,-0.0156461,
21.9471,-41.8402,22.1156,16.008,1.04397,2.23127,-0.0156259,
21.9396,-41.8384,22.1109,16.0093,1.04406,2.23108,-0.0156057,
21.9322,-41.8366,22.1062,16.0106,1.04414,2.23089,-0.0155855,
21.9247,-41.8347,22.1015,16.0119,1.04423,2.2307,-0.0155652,
21.9172,-41.8329,22.0968,16.0132,1.04431,2.23051,-0.0155449,
21.9097,-41.831,22.0921,16.0144,1.0444,2.23032,-0.0155246,
21.9023,-41.8292,22.0874,16.0157,1.04448,2.23013,-0.0155043,
21.8948,-41.8273,22.0827,16.017,1.04456,2.22994,-0.0154839,
21.8873,-41.8254,22.078,16.0183,1.04465,2.22975,-0.0154635,
21.8799,-41.8236,22.0733,16.0196,1.04473,2.22956,-0.0154431,
21.8724,-41.8217,22.0687,16.0209,1.04482,2.22936,-0.0154227,
21.8649,-41.8199,22.064,16.0221,1.0449,2.22917,-0.0154022,
21.8575,-41.818,22.0593,16.0234,1.04498,2.22898,-0.0153817,
21.85,-41.8161,22.0547,16.0247,1.04506,2.22879,-0.0153612,
21.8426,-41.8143,22.05,16.026,1.04515,2.2286,-0.0153407,
21.8351,-41.8124,22.0454,16.0272,1.04523,2.2284,-0.0153201,
21.8277,-41.8105,22.0407,16.0285,1.04531,2.22821,-0.0152996,
21.8203,-41.8086,22.0361,16.0298,1.04539,2.22801,-0.015279,
21.8128,-41.8068,22.0315,16.0311,1.04547,2.22782,-0.0152583,
21.8054,-41.8049,22.0269,16.0323,1.04556,2.22763,-0.0152377,
21.798,-41.803,22.0222,16.0336,1.04564,2.22743,-0.015217,
21.7905,-41.8011,22.0176,16.0349,1.04572,2.22724,-0.0151963,
21.7831,-41.7992,22.013,16.0361,1.0458,2.22704,-0.0151756,
21.7757,-41.7973,22.0084,16.0374,1.04588,2.22684,-0.0151548,
21.7683,-41.7955,22.0038,16.0387,1.04596,2.22665,-0.0151341,
21.7609,-41.7936,21.9992,16.0399,1.04604,2.22645,-0.0151133,
21.7535,-41.7917,21.9946,16.0412,1.04612,2.22626,-0.0150924,
21.746,-41.7898,21.9901,16.0425,1.0462,2.22606,-0.0150716,
21.7386,-41.7879,21.9855,16.0437,1.04628,2.22586,-0.0150507,
21.7312,-41.786,21.9809,16.045,1.04636,2.22566,-0.0150298,
21.7238,-41.7841,21.9763,16.0462,1.04644,2.22547,-0.0150089,
21.7164,-41.7822,21.9718,16.0475,1.04652,2.22527,-0.014988,
21.7091,-41.7803,21.9672,16.0488,1.0466,2.22507,-0.014967,
21.7017,-41.7784,21.9627,16.05,1.04668,2.22487,-0.014946,
21.6943,-41.7765,21.9581,16.0513,1.04675,2.22467,-0.014925,
21.6869,-41.7746,21.9536,16.0525,1.04683,2.22447,-0.014904,
21.6795,-41.7727,21.9491,16.0538,1.04691,2.22427,-0.0148829,
21.6721,-41.7707,21.9445,16.055,1.04699,2.22407,-0.0148619,
21.6648,-41.7688,21.94,16.0563,1.04707,2.22387,-0.0148408,
21.6574,-41.7669,21.9355,16.0575,1.04714,2.22367,-0.0148196,
21.65,-41.765,21.931,16.0588,1.04722,2.22347,-0.0147985,
21.6427,-41.7631,21.9265,16.06,1.0473,2.22327,-0.0147773,
21.6353,-41.7612,21.922,16.0613,1.04737,2.22306,-0.0147561,
21.6279,-41.7592,21.9175,16.0625,1.04745,2.22286,-0.0147349,
21.6206,-41.7573,21.913,16.0637,1.04753,2.22266,-0.0147136,
21.6132,-41.7554,21.9085,16.065,1.0476,2.22246,-0.0146924,
21.6059,-41.7535,21.904,16.0662,1.04768,2.22225,-0.0146711,
21.5985,-41.7515,21.8995,16.0675,1.04776,2.22205,-0.0146498,
21.5912,-41.7496,21.8951,16.0687,1.04783,2.22185,-0.0146284,
21.5838,-41.7477,21.8906,16.0699,1.04791,2.22164,-0.0146071,
21.5765,-41.7457,21.8862,16.0712,1.04798,2.22144,-0.0145857,
21.5692,-41.7438,21.8817,16.0724,1.04806,2.22123,-0.0145643,
21.5618,-41.7418,21.8773,16.0736,1.04813,2.22103,-0.0145429,
21.5545,-41.7399,21.8728,16.0749,1.04821,2.22082,-0.0145214,
21.5472,-41.7379,21.8684,16.0761,1.04828,2.22062,-0.0144999,
21.5399,-41.736,21.8639,16.0773,1.04836,2.22041,-0.0144784,
21.5326,-41.7341,21.8595,16.0786,1.04843,2.22021,-0.0144569,
21.5252,-41.7321,21.8551,16.0798,1.0485,2.22,-0.0144354,
21.5179,-41.7301,21.8507,16.081,1.04858,2.21979,-0.0144138,
21.5106,-41.7282,21.8463,16.0822,1.04865,2.21959,-0.0143922,
21.5033,-41.7262,21.8419,16.0835,1.04873,2.21938,-0.0143706,
21.496,-41.7243,21.8374,16.0847,1.0488,2.21917,-0.014349,
21.4887,-41.7223,21.8331,16.0859,1.04887,2.21896,-0.0143273,
21.4814,-41.7204,21.8287,16.0871,1.04895,2.21875,-0.0143056,
21.4741,-41.7184,21.8243,16.0884,1.04902,2.21855,-0.0142839,
21.4668,-41.7164,21.8199,16.0896,1.04909,2.21834,-0.0142622,
21.4595,-41.7145,21.8155,16.0908,1.04916,2.21813,-0.0142405,
21.4522,-41.7125,21.8111,16.092,1.04923,2.21792,-0.0142187,
21.445,-41.7105,21.8068,16.0932,1.04931,2.21771,-0.0141969,
21.4377,-41.7085,21.8024,16.0944,1.04938,2.2175,-0.0141751,
21.4304,-41.7066,21.7981,16.0957,1.04945,2.21729,-0.0141532,
21.4231,-41.7046,21.7937,16.0969,1.04952,2.21708,-0.0141314,
21.4159,-41.7026,21.7894,16.0981,1.04959,2.21687,-0.0141095,
21.4086,-41.7006,21.785,16.0993,1.04966,2.21665,-0.0140876,
21.4013,-41.6986,21.7807,16.1005,1.04974,2.21644,-0.0140657,
21.3941,-41.6967,21.7764,16.1017,1.04981,2.21623,-0.0140437,
21.3868,-41.6947,21.772,16.1029,1.04988,2.21602,-0.0140217,
21.3796,-41.6927,21.7677,16.1041,1.04995,2.21581,-0.0139998,
21.3723,-41.6907,21.7634,16.1053,1.05002,2.21559,-0.0139777,
21.3651,-41.6887,21.7591,16.1065,1.05009,2.21538,-0.0139557,
21.3578,-41.6867,21.7548,16.1077,1.05016,2.21517,-0.0139336,
21.3506,-41.6847,21.7505,16.1089,1.05023,2.21495,-0.0139116,
21.3433,-41.6827,21.7462,16.1101,1.0503,2.21474,-0.0138895,
21.3361,-41.6807,21.7419,16.1113,1.05037,2.21452,-0.0138673,
21.3288,-41.6787,21.7376,16.1125,1.05043,2.21431,-0.0138452,
21.3216,-41.6767,21.7334,16.1137,1.0505,2.21409,-0.013823,
21.3144,-41.6747,21.7291,16.1149,1.05057,2.21388,-0.0138008,
21.3072,-41.6727,21.7248,16.1161,1.05064,2.21366,-0.0137786,
21.2999,-41.6707,21.7206,16.1173,1.05071,2.21345,-0.0137564,
21.2927,-41.6686,21.7163,16.1185,1.05078,2.21323,-0.0137341,
21.2855,-41.6666,21.7121,16.1197,1.05085,2.21302,-0.0137118,
21.2783,-41.6646,21.7078,16.1209,1.05091,2.2128,-0.0136895,
21.2711,-41.6626,21.7036,16.1221,1.05098,2.21258,-0.0136672,
21.2639,-41.6606,21.6993,16.1233,1.05105,2.21236,-0.0136449,
21.2567,-41.6585,21.6951,16.1244,1.05112,2.21215,-0.0136225,
21.2495,-41.6565,21.6909,16.1256,1.05118,2.21193,-0.0136001,
21.2423,-41.6545,21.6866,16.1268,1.05125,2.21171,-0.0135777,
21.2351,-41.6525,21.6824,16.128,1.05132,2.21149,-0.0135553,
21.2279,-41.6504,21.6782,16.1292,1.05138,2.21127,-0.0135328,
21.2207,-41.6484,21.674,16.1304,1.05145,2.21106,-0.0135104,
21.2135,-41.6464,21.6698,16.1315,1.05152,2.21084,-0.0134879,
21.2063,-41.6443,21.6656,16.1327,1.05158,2.21062,-0.0134654,
21.1991,-41.6423,21.6614,16.1339,1.05165,2.2104,-0.0134428,
21.192,-41.6402,21.6572,16.1351,1.05171,2.21018,-0.0134203,
21.1848,-41.6382,21.6531,16.1363,1.05178,2.20996,-0.0133977,
21.1776,-41.6362,21.6489,16.1374,1.05185,2.20974,-0.0133751,
21.1705,-41.6341,21.6447,16.1386,1.05191,2.20951,-0.0133525,
21.1633,-41.6321,21.6405,16.1398,1.05198,2.20929,-0.0133298,
21.1561,-41.63,21.6364,16.1409,1.05204,2.20907,-0.0133072,
21.149,-41.6279,21.6322,16.1421,1.05211,2.20885,-0.0132845,
21.1418,-41.6259,21.6281,16.1433,1.05217,2.20863,-0.0132618,
21.1347,-41.6238,21.6239,16.1444,1.05223,2.20841,-0.013239,
21.1275,-41.6218,21.6198,16.1456,1.0523,2.20818,-0.0132163,
21.1204,-41.6197,21.6157,16.1468,1.05236,2.20796,-0.0131935,
21.1132,-41.6176,21.6115,16.1479,1.05243,2.20774,-0.0131708,
21.1061,-41.6156,21.6074,16.1491,1.05249,2.20751,-0.0131479,
21.0989,-41.6135,21.6033,16.1503,1.05255,2.20729,-0.0131251,
21.0918,-41.6114,21.5992,16.1514,1.05262,2.20707,-0.0131023,
21.0847,-41.6094,21.5951,16.1526,1.05268,2.20684,-0.0130794,
21.0775,-41.6073,21.591,16.1537,1.05274,2.20662,-0.0130565,
21.0704,-41.6052,21.5869,16.1549,1.05281,2.20639,-0.0130336,
21.0633,-41.6031,21.5828,16.1561,1.05287,2.20617,-0.0130107,
21.0562,-41.6011,21.5787,16.1572,1.05293,2.20594,-0.0129877,
21.049,-41.599,21.5746,16.1584,1.053,2.20571,-0.0129647,
21.0419,-41.5969,21.5705,16.1595,1.05306,2.20549,-0.0129417,
21.0348,-41.5948,21.5664,16.1607,1.05312,2.20526,-0.0129187,
21.0277,-41.5927,21.5624,16.1618,1.05318,2.20504,-0.0128957,
21.0206,-41.5906,21.5583,16.163,1.05324,2.20481,-0.0128726,
21.0135,-41.5885,21.5542,16.1641,1.05331,2.20458,-0.0128496,
21.0064,-41.5864,21.5502,16.1653,1.05337,2.20435,-0.0128265,
20.9993,-41.5843,21.5461,16.1664,1.05343,2.20413,-0.0128033,
20.9922,-41.5822,21.5421,16.1676,1.05349,2.2039,-0.0127802,
20.9851,-41.5801,21.538,16.1687,1.05355,2.20367,-0.012757,
20.978,-41.578,21.534,16.1698,1.05361,2.20344,-0.0127339,
20.9709,-41.5759,21.53,16.171,1.05367,2.20321,-0.0127107,
20.9639,-41.5738,21.5259,16.1721,1.05373,2.20298,-0.0126875,
20.9568,-41.5717,21.5219,16.1733,1.05379,2.20276,-0.0126642,
20.9497,-41.5696,21.5179,16.1744,1.05385,2.20253,-0.012641,
20.9426,-41.5675,21.5139,16.1755,1.05391,2.2023,-0.0126177,
20.9356,-41.5654,21.5099,16.1767,1.05397,2.20207,-0.0125944,
20.9285,-41.5633,21.5059,16.1778,1.05403,2.20184,-0.0125711,
20.9214,-41.5611,21.5019,16.1789,1.05409,2.2016,-0.0125477,
20.9144,-41.559,21.4979,16.1801,1.05415,2.20137,-0.0125244,
20.9073,-41.5569,21.4939,16.1812,1.05421,2.20114,-0.012501,
20.9002,-41.5548,21.4899,16.1823,1.05427,2.20091,-0.0124776,
20.8932,-41.5526,21.486,16.1835,1.05433,2.20068,-0.0124542,
20.8861,-41.5505,21.482,16.1846,1.05439,2.20045,-0.0124308,
20.8791,-41.5484,21.478,16.1857,1.05445,2.20021,-0.0124073,
20.8721,-41.5462,21.4741,16.1869,1.05451,2.19998,-0.0123838,
20.865,-41.5441,21.4701,16.188,1.05456,2.19975,-0.0123603,
20.858,-41.542,21.4662,16.1891,1.05462,2.19952,-0.0123368,
20.8509,-41.5398,21.4622,16.1902,1.05468,2.19928,-0.0123133,
20.8439,-41.5377,21.4583,16.1913,1.05474,2.19905,-0.0122898,
20.8369,-41.5355,21.4543,16.1925,1.0548,2.19882,-0.0122662,
20.8298,-41.5334,21.4504,16.1936,1.05485,2.19858,-0.0122426,
20.8228,-41.5312,21.4465,16.1947,1.05491,2.19835,-0.012219,
20.8158,-41.5291,21.4425,16.1958,1.05497,2.19811,-0.0121954,
20.8088,-41.5269,21.4386,16.1969,1.05503,2.19788,-0.0121717,
20.8018,-41.5248,21.4347,16.1981,1.05508,2.19764,-0.012148,
20.7948,-41.5226,21.4308,16.1992,1.05514,2.19741,-0.0121244,
20.7877,-41.5205,21.4269,16.2003,1.0552,2.19717,-0.0121007,
20.7807,-41.5183,21.423,16.2014,1.05525,2.19694,-0.0120769,
20.7737,-41.5161,21.4191,16.2025,1.05531,2.1967,-0.0120532,
20.7667,-41.514,21.4152,16.2036,1.05537,2.19646,-0.0120294,
20.7597,-41.5118,21.4113,16.2047,1.05542,2.19623,-0.0120057,
20.7527,-41.5096,21.4075,16.2058,1.05548,2.19599,-0.0119819,
20.7458,-41.5075,21.4036,16.2069,1.05553,2.19575,-0.011958,
20.7388,-41.5053,21.3997,16.208,1.05559,2.19551,-0.0119342,
20.7318,-41.5031,21.3958,16.2091,1.05565,2.19528,-0.0119103,
20.7248,-41.5009,21.392,16.2102,1.0557,2.19504,-0.0118865,
20.7178,-41.4988,21.3881,16.2113,1.05576,2.1948,-0.0118626,
20.7108,-41.4966,21.3843,16.2124,1.05581,2.19456,-0.0118387,
20.7039,-41.4944,21.3804,16.2135,1.05587,2.19432,-0.0118148,
20.6969,-41.4922,21.3766,16.2146,1.05592,2.19408,-0.0117908,
20.6899,-41.49,21.3728,16.2157,1.05598,2.19384,-0.0117668,
20.683,-41.4878,21.3689,16.2168,1.05603,2.19361,-0.0117429,
20.676,-41.4856,21.3651,16.2179,1.05609,2.19337,-0.0117189,
20.669,-41.4834,21.3613,16.219,1.05614,2.19313,-0.0116948,
20.6621,-41.4812,21.3575,16.2201,1.05619,2.19289,-0.0116708,
20.6551,-41.479,21.3537,16.2212,1.05625,2.19264,-0.0116467,
20.6482,-41.4768,21.3498,16.2223,1.0563,2.1924,-0.0116227,
20.6412,-41.4746,21.346,16.2234,1.05636,2.19216,-0.0115986,
20.6343,-41.4724,21.3422,16.2245,1.05641,2.19192,-0.0115745,
20.6273,-41.4702,21.3385,16.2256,1.05646,2.19168,-0.0115503,
20.6204,-41.468,21.3347,16.2267,1.05652,2.19144,-0.0115262,
20.6135,-41.4658,21.3309,16.2277,1.05657,2.1912,-0.011502,
20.6065,-41.4636,21.3271,16.2288,1.05662,2.19095,-0.0114778,
20.5996,-41.4613,21.3233,16.2299,1.05668,2.19071,-0.0114536,
20.5927,-41.4591,21.3196,16.231,1.05673,2.19047,-0.0114294,
20.5857,-41.4569,21.3158,16.2321,1.05678,2.19023,-0.0114052,
20.5788,-41.4547,21.312,16.2331,1.05683,2.18998,-0.0113809,
20.5719,-41.4525,21.3083,16.2342,1.05689,2.18974,-0.0113567,
20.565,-41.4502,21.3045,16.2353,1.05694,2.18949,-0.0113324,
20.5581,-41.448,21.3008,16.2364,1.05699,2.18925,-0.0113081,
20.5512,-41.4458,21.297,16.2374,1.05704,2.18901,-0.0112838,
20.5443,-41.4435,21.2933,16.2385,1.05709,2.18876,-0.0112594,
20.5373,-41.4413,21.2896,16.2396,1.05715,2.18852,-0.0112351,
20.5304,-41.4391,21.2859,16.2407,1.0572,2.18827,-0.0112107,
20.5235,-41.4368,21.2821,16.2417,1.05725,2.18803,-0.0111863,
20.5167,-41.4346,21.2784,16.2428,1.0573,2.18778,-0.0111619,
20.5098,-41.4323,21.2747,16.2439,1.05735,2.18754,-0.0111375,
20.5029,-41.4301,21.271,16.2449,1.0574,2.18729,-0.011113,
20.496,-41.4278,21.2673,16.246,1.05745,2.18704,-0.0110885,
20.4891,-41.4256,21.2636,16.2471,1.0575,2.1868,-0.0110641,
20.4822,-41.4233,21.2599,16.2481,1.05755,2.18655,-0.0110396,
20.4753,-41.4211,21.2562,16.2492,1.05761,2.1863,-0.0110151,
20.4685,-41.4188,21.2525,16.2503,1.05766,2.18606,-0.0109905,
20.4616,-41.4165,21.2489,16.2513,1.05771,2.18581,-0.010966,
20.4547,-41.4143,21.2452,16.2524,1.05776,2.18556,-0.0109414,
20.4478,-41.412,21.2415,16.2534,1.05781,2.18531,-0.0109169,
20.441,-41.4098,21.2378,16.2545,1.05786,2.18506,-0.0108923,
20.4341,-41.4075,21.2342,16.2556,1.05791,2.18482,-0.0108677,
20.4273,-41.4052,21.2305,16.2566,1.05796,2.18457,-0.010843,
20.4204,-41.4029,21.2269,16.2577,1.058,2.18432,-0.0108184,
20.4136,-41.4007,21.2232,16.2587,1.05805,2.18407,-0.0107937,
20.4067,-41.3984,21.2196,16.2598,1.0581,2.18382,-0.010769,
20.3999,-41.3961,21.2159,16.2608,1.05815,2.18357,-0.0107443,
20.393,-41.3938,21.2123,16.2619,1.0582,2.18332,-0.0107196,
20.3862,-41.3915,21.2087,16.2629,1.05825,2.18307,-0.0106949,
20.3793,-41.3892,21.2051,16.264,1.0583,2.18282,-0.0106702,
20.3725,-41.387,21.2014,16.265,1.05835,2.18257,-0.0106454,
20.3657,-41.3847,21.1978,16.2661,1.0584,2.18232,-0.0106206,
20.3588,-41.3824,21.1942,16.2671,1.05844,2.18207,-0.0105958,
20.352,-41.3801,21.1906,16.2681,1.05849,2.18182,-0.010571,
20.3452,-41.3778,21.187,16.2692,1.05854,2.18157,-0.0105462,
20.3384,-41.3755,21.1834,16.2702,1.05859,2.18131,-0.0105214,
20.3315,-41.3732,21.1798,16.2713,1.05864,2.18106,-0.0104965,
20.3247,-41.3709,21.1762,16.2723,1.05869,2.18081,-0.0104717,
20.3179,-41.3686,21.1727,16.2733,1.05873,2.18056,-0.0104468,
20.3111,-41.3663,21.1691,16.2744,1.05878,2.1803,-0.0104219,
20.3043,-41.3639,21.1655,16.2754,1.05883,2.18005,-0.0103969,
20.2975,-41.3616,21.1619,16.2764,1.05888,2.1798,-0.010372,
20.2907,-41.3593,21.1584,16.2775,1.05892,2.17955,-0.0103471,
20.2839,-41.357,21.1548,16.2785,1.05897,2.17929,-0.0103221,
20.2771,-41.3547,21.1513,16.2795,1.05902,2.17904,-0.0102971,
20.2703,-41.3524,21.1477,16.2806,1.05906,2.17878,-0.0102721,
20.2635,-41.35,21.1442,16.2816,1.05911,2.17853,-0.0102471,
20.2567,-41.3477,21.1406,16.2826,1.05916,2.17828,-0.0102221,
20.2499,-41.3454,21.1371,16.2837,1.0592,2.17802,-0.0101971,
20.2431,-41.343,21.1336,16.2847,1.05925,2.17777,-0.010172,
20.2364,-41.3407,21.13,16.2857,1.0593,2.17751,-0.0101469,
20.2296,-41.3384,21.1265,16.2867,1.05934,2.17726,-0.0101218,
20.2228,-41.336,21.123,16.2877,1.05939,2.177,-0.0100967,
20.216,-41.3337,21.1195,16.2888,1.05943,2.17674,-0.0100716,
20.2093,-41.3313,21.116,16.2898,1.05948,2.17649,-0.0100465,
20.2025,-41.329,21.1125,16.2908,1.05953,2.17623,-0.0100214,
20.1958,-41.3267,21.109,16.2918,1.05957,2.17597,-0.0099962,
20.189,-41.3243,21.1055,16.2928,1.05962,2.17572,-0.00997103,
20.1822,-41.322,21.102,16.2939,1.05966,2.17546,-0.00994585,
20.1755,-41.3196,21.0985,16.2949,1.05971,2.1752,-0.00992065,
20.1687,-41.3172,21.095,16.2959,1.05975,2.17495,-0.00989543,
20.162,-41.3149,21.0915,16.2969,1.0598,2.17469,-0.0098702,
20.1552,-41.3125,21.0881,16.2979,1.05984,2.17443,-0.00984495,
20.1485,-41.3102,21.0846,16.2989,1.05989,2.17417,-0.00981968,
20.1418,-41.3078,21.0811,16.2999,1.05993,2.17391,-0.00979442,
20.135,-41.3054,21.0777,16.3009,1.05998,2.17366,-0.00976913,
20.1283,-41.3031,21.0742,16.3019,1.06002,2.1734,-0.00974383,
20.1215,-41.3007,21.0708,16.3029,1.06006,2.17314,-0.00971851,
20.1148,-41.2983,21.0673,16.304,1.06011,2.17288,-0.00969319,
20.1081,-41.2959,21.0639,16.305,1.06015,2.17262,-0.00966784,
20.1014,-41.2936,21.0604,16.306,1.0602,2.17236,-0.00964248,
20.0947,-41.2912,21.057,16.307,1.06024,2.1721,-0.00961712,
20.0879,-41.2888,21.0536,16.308,1.06028,2.17184,-0.00959172,
20.0812,-41.2864,21.0501,16.309,1.06033,2.17158,-0.00956633,
20.0745,-41.284,21.0467,16.31,1.06037,2.17132,-0.00954092,
20.0678,-41.2816,21.0433,16.311,1.06042,2.17106,-0.00951549,
20.0611,-41.2792,21.0399,16.3119,1.06046,2.1708,-0.00949005,
20.0544,-41.2768,21.0365,16.3129,1.0605,2.17054,-0.00946461,
20.0477,-41.2744,21.0331,16.3139,1.06055,2.17028,-0.00943913,
20.041,-41.272,21.0297,16.3149,1.06059,2.17001,-0.00941367,
20.0343,-41.2696,21.0263,16.3159,1.06063,2.16975,-0.00938817,
20.0276,-41.2672,21.0229,16.3169,1.06067,2.16949,-0.00936267,
20.0209,-41.2648,21.0195,16.3179,1.06072,2.16923,-0.00933716,
20.0142,-41.2624,21.0162,16.3189,1.06076,2.16897,-0.00931162,
20.0075,-41.26,21.0128,16.3199,1.0608,2.1687,-0.00928608,
20.0009,-41.2576,21.0094,16.3209,1.06084,2.16844,-0.00926052,
19.9942,-41.2552,21.006,16.3219,1.06089,2.16818,-0.00923495,
19.9875,-41.2528,21.0027,16.3228,1.06093,2.16791,-0.00920937,
19.9808,-41.2503,20.9993,16.3238,1.06097,2.16765,-0.00918378,
19.9742,-41.2479,20.996,16.3248,1.06101,2.16739,-0.00915818,
19.9675,-41.2455,20.9926,16.3258,1.06106,2.16712,-0.00913256,
19.9608,-41.2431,20.9893,16.3268,1.0611,2.16686,-0.00910693,
19.9542,-41.2406,20.9859,16.3277,1.06114,2.1666,-0.00908128,
19.9475,-41.2382,20.9826,16.3287,1.06118,2.16633,-0.00905563,
19.9409,-41.2358,20.9793,16.3297,1.06122,2.16607,-0.00902996,
19.9342,-41.2333,20.9759,16.3307,1.06126,2.1658,-0.00900428,
19.9276,-41.2309,20.9726,16.3316,1.06131,2.16554,-0.0089786,
19.9209,-41.2285,20.9693,16.3326,1.06135,2.16527,-0.00895289,
19.9143,-41.226,20.966,16.3336,1.06139,2.16501,-0.00892717,
19.9076,-41.2236,20.9627,16.3346,1.06143,2.16474,-0.00890145,
19.901,-41.2211,20.9594,16.3355,1.06147,2.16447,-0.00887571,
19.8943,-41.2187,20.9561,16.3365,1.06151,2.16421,-0.00884997,
19.8877,-41.2162,20.9528,16.3375,1.06155,2.16394,-0.0088242,
19.8811,-41.2138,20.9495,16.3384,1.06159,2.16368,-0.00879842,
19.8745,-41.2113,20.9462,16.3394,1.06163,2.16341,-0.00877264,
19.8678,-41.2089,20.9429,16.3404,1.06167,2.16314,-0.00874685,
19.8612,-41.2064,20.9396,16.3413,1.06171,2.16287,-0.00872105,
19.8546,-41.2039,20.9364,16.3423,1.06175,2.16261,-0.00869522,
19.848,-41.2015,20.9331,16.3433,1.06179,2.16234,-0.00866939,
19.8414,-41.199,20.9298,16.3442,1.06183,2.16207,-0.00864355,
19.8347,-41.1965,20.9266,16.3452,1.06187,2.1618,-0.0086177,
19.8281,-41.194,20.9233,16.3461,1.06191,2.16154,-0.00859184,
19.8215,-41.1916,20.9201,16.3471,1.06195,2.16127,-0.00856597,
19.8149,-41.1891,20.9168,16.348,1.06199,2.161,-0.00854008,
19.8083,-41.1866,20.9136,16.349,1.06203,2.16073,-0.0085142,
19.8017,-41.1841,20.9103,16.35,1.06207,2.16046,-0.00848829,
19.7951,-41.1816,20.9071,16.3509,1.06211,2.16019,-0.00846237,
19.7885,-41.1792,20.9039,16.3519,1.06215,2.15992,-0.00843644,
19.782,-41.1767,20.9006,16.3528,1.06219,2.15965,-0.00841052,
19.7754,-41.1742,20.8974,16.3538,1.06223,2.15938,-0.00838457,
19.7688,-41.1717,20.8942,16.3547,1.06227,2.15911,-0.00835862,
19.7622,-41.1692,20.891,16.3557,1.06231,2.15884,-0.00833266,
19.7556,-41.1667,20.8878,16.3566,1.06235,2.15857,-0.00830668,
19.749,-41.1642,20.8846,16.3576,1.06239,2.1583,-0.00828069,
19.7425,-41.1617,20.8814,16.3585,1.06243,2.15803,-0.0082547,
19.7359,-41.1592,20.8782,16.3594,1.06247,2.15776,-0.0082287,
19.7293,-41.1567,20.875,16.3604,1.0625,2.15749,-0.00820268,
19.7228,-41.1542,20.8718,16.3613,1.06254,2.15722,-0.00817666,
19.7162,-41.1516,20.8686,16.3623,1.06258,2.15695,-0.00815062,
19.7096,-41.1491,20.8654,16.3632,1.06262,2.15668,-0.00812457,
19.7031,-41.1466,20.8622,16.3641,1.06266,2.1564,-0.00809853,
19.6965,-41.1441,20.8591,16.3651,1.0627,2.15613,-0.00807247,
19.69,-41.1416,20.8559,16.366,1.06273,2.15586,-0.0080464,
19.6834,-41.139,20.8527,16.367,1.06277,2.15559,-0.00802033,
19.6769,-41.1365,20.8496,16.3679,1.06281,2.15531,-0.00799424,
19.6703,-41.134,20.8464,16.3688,1.06285,2.15504,-0.00796814,
19.6638,-41.1314,20.8433,16.3698,1.06289,2.15477,-0.00794204,
19.6573,-41.1289,20.8401,16.3707,1.06292,2.15449,-0.00791592,
19.6507,-41.1264,20.837,16.3716,1.06296,2.15422,-0.0078898,
19.6442,-41.1238,20.8338,16.3725,1.063,2.15395,-0.00786367,
19.6377,-41.1213,20.8307,16.3735,1.06304,2.15367,-0.00783753,
19.6312,-41.1187,20.8276,16.3744,1.06307,2.1534,-0.00781139,
19.6246,-41.1162,20.8245,16.3753,1.06311,2.15313,-0.00778524,
19.6181,-41.1136,20.8213,16.3762,1.06315,2.15285,-0.00775908,
19.6116,-41.1111,20.8182,16.3772,1.06319,2.15258,-0.0077329,
19.6051,-41.1085,20.8151,16.3781,1.06322,2.1523,-0.00770673,
19.5986,-41.106,20.812,16.379,1.06326,2.15203,-0.00768054,
19.592,-41.1034,20.8089,16.3799,1.0633,2.15175,-0.00765435,
19.5855,-41.1009,20.8058,16.3809,1.06333,2.15148,-0.00762816,
19.579,-41.0983,20.8027,16.3818,1.06337,2.1512,-0.00760194,
19.5725,-41.0957,20.7996,16.3827,1.06341,2.15093,-0.00757572,
19.566,-41.0932,20.7965,16.3836,1.06345,2.15065,-0.00754951,
19.5595,-41.0906,20.7934,16.3845,1.06348,2.15037,-0.00752327,
19.553,-41.088,20.7904,16.3854,1.06352,2.1501,-0.00749704,
19.5466,-41.0854,20.7873,16.3864,1.06355,2.14982,-0.00747079,
19.5401,-41.0829,20.7842,16.3873,1.06359,2.14955,-0.00744455,
19.5336,-41.0803,20.7811,16.3882,1.06363,2.14927,-0.00741828,
19.5271,-41.0777,20.7781,16.3891,1.06366,2.14899,-0.00739203,
19.5206,-41.0751,20.775,16.39,1.0637,2.14871,-0.00736576,
19.5141,-41.0725,20.772,16.3909,1.06374,2.14844,-0.00733948,
19.5077,-41.0699,20.7689,16.3918,1.06377,2.14816,-0.0073132,
19.5012,-41.0674,20.7659,16.3927,1.06381,2.14788,-0.00728691,
19.4947,-41.0648,20.7628,16.3936,1.06384,2.1476,-0.00726062,
19.4883,-41.0622,20.7598,16.3945,1.06388,2.14733,-0.00723432,
19.4818,-41.0596,20.7567,16.3954,1.06392,2.14705,-0.00720802,
19.4753,-41.057,20.7537,16.3963,1.06395,2.14677,-0.0071817,
19.4689,-41.0544,20.7507,16.3972,1.06399,2.14649,-0.00715539,
19.4624,-41.0517,20.7477,16.3981,1.06402,2.14621,-0.00712906,
19.456,-41.0491,20.7447,16.399,1.06406,2.14593,-0.00710274,
19.4495,-41.0465,20.7416,16.3999,1.06409,2.14565,-0.0070764,
19.4431,-41.0439,20.7386,16.4008,1.06413,2.14538,-0.00705006,
19.4366,-41.0413,20.7356,16.4017,1.06416,2.1451,-0.00702373,
19.4302,-41.0387,20.7326,16.4026,1.0642,2.14482,-0.00699737,
19.4237,-41.0361,20.7296,16.4035,1.06424,2.14454,-0.00697102,
19.4173,-41.0334,20.7266,16.4044,1.06427,2.14426,-0.00694467,
19.4109,-41.0308,20.7236,16.4053,1.06431,2.14398,-0.00691831,
19.4044,-41.0282,20.7207,16.4062,1.06434,2.1437,-0.00689194,
19.398,-41.0255,20.7177,16.4071,1.06438,2.14342,-0.00686557,
19.3916,-41.0229,20.7147,16.408,1.06441,2.14314,-0.0068392,
19.3852,-41.0203,20.7117,16.4088,1.06445,2.14286,-0.00681282,
19.3787,-41.0176,20.7088,16.4097,1.06448,2.14257,-0.00678644,
19.3723,-41.015,20.7058,16.4106,1.06451,2.14229,-0.00676005,
19.3659,-41.0123,20.7028,16.4115,1.06455,2.14201,-0.00673366,
19.3595,-41.0097,20.6999,16.4124,1.06458,2.14173,-0.00670728,
19.3531,-41.0071,20.6969,16.4133,1.06462,2.14145,-0.00668088,
19.3467,-41.0044,20.694,16.4142,1.06465,2.14117,-0.00665448,
19.3403,-41.0017,20.691,16.415,1.06469,2.14089,-0.00662807,
19.3339,-40.9991,20.6881,16.4159,1.06472,2.1406,-0.00660167,
19.3275,-40.9964,20.6851,16.4168,1.06476,2.14032,-0.00657526,
19.3211,-40.9938,20.6822,16.4177,1.06479,2.14004,-0.00654885,
19.3147,-40.9911,20.6793,16.4185,1.06482,2.13976,-0.00652244,
19.3083,-40.9884,20.6764,16.4194,1.06486,2.13947,-0.00649602,
19.3019,-40.9858,20.6734,16.4203,1.06489,2.13919,-0.0064696,
19.2955,-40.9831,20.6705,16.4212,1.06493,2.13891,-0.00644318,
19.2891,-40.9804,20.6676,16.422,1.06496,2.13862,-0.00641677,
19.2828,-40.9778,20.6647,16.4229,1.065,2.13834,-0.00639035,
19.2764,-40.9751,20.6618,16.4238,1.06503,2.13806,-0.00636392,
19.27,-40.9724,20.6589,16.4247,1.06506,2.13777,-0.00633749,
19.2636,-40.9697,20.656,16.4255,1.0651,2.13749,-0.00631106,
19.2573,-40.967,20.6531,16.4264,1.06513,2.13721,-0.00628463,
19.2509,-40.9643,20.6502,16.4273,1.06516,2.13692,-0.00625819,
19.2445,-40.9616,20.6473,16.4281,1.0652,2.13664,-0.00623177,
19.2382,-40.959,20.6444,16.429,1.06523,2.13635,-0.00620533,
19.2318,-40.9563,20.6416,16.4298,1.06526,2.13607,-0.0061789,
19.2254,-40.9536,20.6387,16.4307,1.0653,2.13578,-0.00615247,
19.2191,-40.9509,20.6358,16.4316,1.06533,2.1355,-0.00612603,
19.2127,-40.9482,20.633,16.4324,1.06536,2.13521,-0.0060996,
19.2064,-40.9454,20.6301,16.4333,1.0654,2.13493,-0.00607316,
19.2001,-40.9427,20.6272,16.4341,1.06543,2.13464,-0.00604673,
19.1937,-40.94,20.6244,16.435,1.06546,2.13436,-0.00602029,
19.1874,-40.9373,20.6215,16.4359,1.0655,2.13407,-0.00599386,
19.181,-40.9346,20.6187,16.4367,1.06553,2.13378,-0.00596743,
19.1747,-40.9319,20.6158,16.4376,1.06556,2.1335,-0.005941,
19.1684,-40.9292,20.613,16.4384,1.0656,2.13321,-0.00591456,
19.162,-40.9264,20.6102,16.4393,1.06563,2.13293,-0.00588813,
19.1557,-40.9237,20.6073,16.4401,1.06566,2.13264,-0.00586169,
19.1494,-40.921,20.6045,16.441,1.0657,2.13235,-0.00583527,
19.1431,-40.9183,20.6017,16.4418,1.06573,2.13206,-0.00580884,
19.1367,-40.9155,20.5989,16.4427,1.06576,2.13178,-0.00578242,
19.1304,-40.9128,20.596,16.4435,1.06579,2.13149,-0.005756,
19.1241,-40.91,20.5932,16.4444,1.06583,2.1312,-0.00572957,
19.1178,-40.9073,20.5904,16.4452,1.06586,2.13092,-0.00570315,
19.1115,-40.9046,20.5876,16.4461,1.06589,2.13063,-0.00567674,
19.1052,-40.9018,20.5848,16.4469,1.06593,2.13034,-0.00565032,
19.0989,-40.8991,20.582,16.4477,1.06596,2.13005,-0.00562391,
19.0926,-40.8963,20.5792,16.4486,1.06599,2.12976,-0.0055975,
19.0863,-40.8936,20.5765,16.4494,1.06602,2.12948,-0.00557109,
19.08,-40.8908,20.5737,16.4503,1.06606,2.12919,-0.0055447,
19.0737,-40.888,20.5709,16.4511,1.06609,2.1289,-0.00551829,
19.0674,-40.8853,20.5681,16.4519,1.06612,2.12861,-0.00549191,
19.0611,-40.8825,20.5653,16.4528,1.06615,2.12832,-0.00546551,
19.0548,-40.8798,20.5626,16.4536,1.06618,2.12803,-0.00543912,
19.0485,-40.877,20.5598,16.4544,1.06622,2.12774,-0.00541273,
19.0423,-40.8742,20.557,16.4553,1.06625,2.12745,-0.00538635,
19.036,-40.8714,20.5543,16.4561,1.06628,2.12716,-0.00535999,
19.0297,-40.8687,20.5515,16.4569,1.06631,2.12688,-0.00533361,
19.0234,-40.8659,20.5488,16.4578,1.06635,2.12659,-0.00530725,
19.0172,-40.8631,20.546,16.4586,1.06638,2.1263,-0.00528089,
19.0109,-40.8603,20.5433,16.4594,1.06641,2.12601,-0.00525453,
19.0046,-40.8575,20.5405,16.4603,1.06644,2.12572,-0.00522819,
18.9984,-40.8547,20.5378,16.4611,1.06647,2.12543,-0.00520185,
18.9921,-40.8519,20.5351,16.4619,1.06651,2.12514,-0.00517551,
18.9859,-40.8492,20.5324,16.4627,1.06654,2.12484,-0.00514917,
18.9796,-40.8464,20.5296,16.4636,1.06657,2.12455,-0.00512285,
18.9734,-40.8436,20.5269,16.4644,1.0666,2.12426,-0.00509653,
18.9671,-40.8408,20.5242,16.4652,1.06663,2.12397,-0.00507023,
18.9609,-40.8379,20.5215,16.466,1.06666,2.12368,-0.00504392,
18.9546,-40.8351,20.5188,16.4668,1.0667,2.12339,-0.00501762,
18.9484,-40.8323,20.5161,16.4677,1.06673,2.1231,-0.00499133,
18.9422,-40.8295,20.5134,16.4685,1.06676,2.12281,-0.00496504,
18.9359,-40.8267,20.5107,16.4693,1.06679,2.12252,-0.00493877,
18.9297,-40.8239,20.508,16.4701,1.06682,2.12222,-0.00491251,
18.9235,-40.8211,20.5053,16.4709,1.06686,2.12193,-0.00488625,
18.9172,-40.8182,20.5026,16.4717,1.06689,2.12164,-0.00486,
18.911,-40.8154,20.4999,16.4726,1.06692,2.12135,-0.00483376,
18.9048,-40.8126,20.4972,16.4734,1.06695,2.12105,-0.00480754,
18.8986,-40.8098,20.4946,16.4742,1.06698,2.12076,-0.0047813,
18.8923,-40.8069,20.4919,16.475,1.06701,2.12047,-0.00475509,
18.8861,-40.8041,20.4892,16.4758,1.06704,2.12018,-0.00472889,
18.8799,-40.8012,20.4866,16.4766,1.06708,2.11988,-0.0047027,
18.8737,-40.7984,20.4839,16.4774,1.06711,2.11959,-0.00467652,
18.8675,-40.7956,20.4812,16.4782,1.06714,2.1193,-0.00465034,
18.8613,-40.7927,20.4786,16.479,1.06717,2.119,-0.00462418,
18.8551,-40.7899,20.4759,16.4798,1.0672,2.11871,-0.00459803,
18.8489,-40.787,20.4733,16.4806,1.06723,2.11842,-0.00457189,
18.8427,-40.7842,20.4707,16.4814,1.06726,2.11812,-0.00454576,
18.8365,-40.7813,20.468,16.4822,1.0673,2.11783,-0.00451964,
18.8303,-40.7784,20.4654,16.483,1.06733,2.11754,-0.00449354,
18.8241,-40.7756,20.4628,16.4838,1.06736,2.11724,-0.00446744,
18.818,-40.7727,20.4601,16.4846,1.06739,2.11695,-0.00444137,
18.8118,-40.7699,20.4575,16.4854,1.06742,2.11665,-0.0044153,
18.8056,-40.767,20.4549,16.4862,1.06745,2.11636,-0.00438924,
18.7994,-40.7641,20.4523,16.487,1.06748,2.11607,-0.00436321,
18.7932,-40.7612,20.4497,16.4878,1.06751,2.11577,-0.00433717,
18.7871,-40.7584,20.447,16.4886,1.06755,2.11548,-0.00431116,
18.7809,-40.7555,20.4444,16.4894,1.06758,2.11518,-0.00428516,
18.7747,-40.7526,20.4418,16.4902,1.06761,2.11489,-0.00425918,
18.7686,-40.7497,20.4392,16.491,1.06764,2.11459,-0.0042332,
18.7624,-40.7468,20.4366,16.4918,1.06767,2.1143,-0.00420724,
18.7562,-40.7439,20.4341,16.4926,1.0677,2.114,-0.00418131,
18.7501,-40.741,20.4315,16.4934,1.06773,2.1137,-0.00415538,
18.7439,-40.7381,20.4289,16.4942,1.06776,2.11341,-0.00412947,
18.7378,-40.7352,20.4263,16.4949,1.06779,2.11311,-0.00410358,
18.7316,-40.7323,20.4237,16.4957,1.06783,2.11282,-0.0040777,
18.7255,-40.7294,20.4211,16.4965,1.06786,2.11252,-0.00405184,
18.7193,-40.7265,20.4186,16.4973,1.06789,2.11223,-0.00402599,
18.7132,-40.7236,20.416,16.4981,1.06792,2.11193,-0.00400016,
18.7071,-40.7207,20.4135,16.4989,1.06795,2.11163,-0.00397436,
18.7009,-40.7178,20.4109,16.4996,1.06798,2.11134,-0.00394857,
18.6948,-40.7149,20.4083,16.5004,1.06801,2.11104,-0.0039228,
18.6887,-40.712,20.4058,16.5012,1.06804,2.11074,-0.00389704,
18.6825,-40.709,20.4032,16.502,1.06807,2.11045,-0.00387131,
18.6764,-40.7061,20.4007,16.5028,1.06811,2.11015,-0.0038456,
18.6703,-40.7032,20.3982,16.5035,1.06814,2.10985,-0.00381991,
18.6642,-40.7002,20.3956,16.5043,1.06817,2.10955,-0.00379424,
18.658,-40.6973,20.3931,16.5051,1.0682,2.10926,-0.00376857,
18.6519,-40.6944,20.3906,16.5059,1.06823,2.10896,-0.00374294,
18.6458,-40.6914,20.388,16.5066,1.06826,2.10866,-0.00371732,
18.6397,-40.6885,20.3855,16.5074,1.06829,2.10836,-0.00369174,
18.6336,-40.6855,20.383,16.5082,1.06832,2.10807,-0.00366617,
18.6275,-40.6826,20.3805,16.5089,1.06835,2.10777,-0.00364062,
18.6214,-40.6796,20.378,16.5097,1.06838,2.10747,-0.00361509,
18.6153,-40.6767,20.3754,16.5105,1.06841,2.10717,-0.00358959,
18.6092,-40.6737,20.3729,16.5112,1.06845,2.10687,-0.00356412,
18.6031,-40.6708,20.3704,16.512,1.06848,2.10657,-0.00353866,
18.597,-40.6678,20.3679,16.5128,1.06851,2.10628,-0.00351323,
18.5909,-40.6649,20.3654,16.5135,1.06854,2.10598,-0.00348782,
18.5848,-40.6619,20.3629,16.5143,1.06857,2.10568,-0.00346244,
18.5787,-40.6589,20.3605,16.5151,1.0686,2.10538,-0.00343709,
18.5727,-40.6559,20.358,16.5158,1.06863,2.10508,-0.00341176,
18.5666,-40.653,20.3555,16.5166,1.06866,2.10478,-0.00338646,
18.5605,-40.65,20.353,16.5173,1.06869,2.10448,-0.00336118,
18.5544,-40.647,20.3505,16.5181,1.06872,2.10418,-0.00333593,
18.5483,-40.644,20.3481,16.5189,1.06875,2.10388,-0.00331071,
18.5423,-40.641,20.3456,16.5196,1.06878,2.10358,-0.00328551,
18.5362,-40.638,20.3431,16.5204,1.06881,2.10328,-0.00326035,
18.5301,-40.6351,20.3407,16.5211,1.06885,2.10298,-0.00323523,
18.5241,-40.6321,20.3382,16.5219,1.06888,2.10268,-0.00321012,
18.518,-40.6291,20.3358,16.5226,1.06891,2.10238,-0.00318505,
18.512,-40.626,20.3333,16.5234,1.06894,2.10208,-0.00316,
18.5059,-40.623,20.3308,16.5241,1.06897,2.10178,-0.00313499,
18.4998,-40.62,20.3284,16.5249,1.069,2.10147,-0.00311002,
18.4938,-40.617,20.326,16.5256,1.06903,2.10117,-0.00308507,
18.4877,-40.614,20.3235,16.5264,1.06906,2.10087,-0.00306015,
18.4817,-40.611,20.3211,16.5271,1.06909,2.10057,-0.00303529,
18.4756,-40.608,20.3186,16.5278,1.06912,2.10026,-0.00301044,
18.4696,-40.6049,20.3162,16.5286,1.06915,2.09996,-0.00298564,
18.4636,-40.6019,20.3138,16.5293,1.06918,2.09966,-0.00296087,
18.4575,-40.5989,20.3114,16.5301,1.06921,2.09935,-0.00293615,
18.4515,-40.5958,20.3089,16.5308,1.06924,2.09905,-0.00291146,
18.4454,-40.5928,20.3065,16.5315,1.06927,2.09874,-0.0028868,
18.4394,-40.5897,20.3041,16.5323,1.06929,2.09844,-0.00286219,
18.4334,-40.5867,20.3017,16.533,1.06932,2.09813,-0.00283763,
18.4273,-40.5836,20.2993,16.5337,1.06935,2.09782,-0.00281311,
18.4213,-40.5806,20.2969,16.5345,1.06938,2.09752,-0.00278862,
18.4153,-40.5775,20.2944,16.5352,1.06941,2.09721,-0.00276419,
18.4092,-40.5744,20.292,16.5359,1.06944,2.0969,-0.00273982,
18.4032,-40.5713,20.2896,16.5367,1.06946,2.09659,-0.00271549,
18.3972,-40.5682,20.2872,16.5374,1.06949,2.09628,-0.00269121,
18.3911,-40.5652,20.2848,16.5381,1.06952,2.09597,-0.00266698,
18.3851,-40.5621,20.2824,16.5388,1.06954,2.09566,-0.00264281,
18.3791,-40.559,20.28,16.5395,1.06957,2.09534,-0.0026187,
18.373,-40.5558,20.2776,16.5403,1.06959,2.09503,-0.00259466,
18.367,-40.5527,20.2752,16.541,1.06962,2.09471,-0.00257068,
18.361,-40.5496,20.2728,16.5417,1.06964,2.09439,-0.00254676,
18.3549,-40.5464,20.2704,16.5424,1.06966,2.09407,-0.00252294,
18.3489,-40.5433,20.268,16.5431,1.06968,2.09375,-0.00249917,
18.3428,-40.5401,20.2656,16.5438,1.0697,2.09343,-0.00247549,
18.3368,-40.537,20.2632,16.5445,1.06972,2.0931,-0.0024519,
18.3307,-40.5338,20.2608,16.5452,1.06974,2.09277,-0.00242841,
18.3247,-40.5306,20.2584,16.5459,1.06976,2.09244,-0.00240501,
18.3186,-40.5274,20.256,16.5465,1.06977,2.09211,-0.00238173,
18.3125,-40.5241,20.2535,16.5472,1.06978,2.09177,-0.00235855,
18.3065,-40.5209,20.2511,16.5479,1.06979,2.09143,-0.00233552,
18.3004,-40.5176,20.2487,16.5486,1.0698,2.09109,-0.0023126,
18.2943,-40.5144,20.2462,16.5492,1.06981,2.09074,-0.00228984,
18.2881,-40.5111,20.2438,16.5499,1.06981,2.09039,-0.00226726,
18.282,-40.5077,20.2413,16.5505,1.06982,2.09004,-0.00224484,
18.2759,-40.5044,20.2389,16.5512,1.06981,2.08968,-0.00222262,
18.2697,-40.501,20.2364,16.5518,1.06981,2.08931,-0.00220061,
18.2635,-40.4976,20.2339,16.5524,1.0698,2.08894,-0.00217885,
18.2573,-40.4941,20.2313,16.553,1.06978,2.08856,-0.00215735,
18.251,-40.4907,20.2288,16.5536,1.06976,2.08818,-0.00213614,
18.2447,-40.4871,20.2262,16.5542,1.06974,2.08779,-0.00211526,
18.2384,-40.4836,20.2236,16.5548,1.06971,2.08739,-0.00209473,
18.232,-40.48,20.221,16.5554,1.06968,2.08699,-0.00207462,
18.2256,-40.4763,20.2183,16.556,1.06963,2.08658,-0.00205495,
18.2192,-40.4726,20.2156,16.5565,1.06958,2.08615,-0.00203577,
18.2126,-40.4688,20.2129,16.5571,1.06952,2.08572,-0.00201718,
18.206,-40.465,20.2101,16.5576,1.06945,2.08528,-0.0019992,
18.1994,-40.461,20.2072,16.5581,1.06937,2.08483,-0.00198194,
18.1926,-40.457,20.2043,16.5586,1.06928,2.08437,-0.00196549,
18.1857,-40.453,20.2013,16.559,1.06918,2.0839,-0.00194993,
18.1788,-40.4488,20.1983,16.5595,1.06906,2.08341,-0.0019354,
18.1717,-40.4445,20.1951,16.5599,1.06893,2.08292,-0.001922,
18.1644,-40.4401,20.1919,16.5604,1.06878,2.08241,-0.0019099,
18.157,-40.4356,20.1885,16.5608,1.06862,2.08189,-0.00189929,
18.1494,-40.431,20.185,16.5611,1.06843,2.08136,-0.00189033,
18.1417,-40.4262,20.1814,16.5615,1.06822,2.08082,-0.00188325,
18.1336,-40.4212,20.1776,16.5619,1.06799,2.08027,-0.00187833,
18.1254,-40.4161,20.1736,16.5622,1.06773,2.07972,-0.00187583,
18.1168,-40.4108,20.1694,16.5625,1.06744,2.07915,-0.00187608,
18.1079,-40.4053,20.165,16.5628,1.06712,2.07859,-0.00187948,
18.0987,-40.3996,20.1603,16.5631,1.06676,2.07802,-0.00188642,
18.089,-40.3937,20.1554,16.5634,1.06637,2.07745,-0.00189743,
18.0788,-40.3875,20.1501,16.5637,1.06593,2.07689,-0.00191304,
18.0681,-40.381,20.1445,16.564,1.06544,2.07635,-0.00193391,
18.0569,-40.3742,20.1384,16.5643,1.06491,2.07583,-0.00196076,
18.0449,-40.3671,20.1319,16.5647,1.06432,2.07534,-0.00199443,
18.0321,-40.3597,20.1249,16.565,1.06367,2.07489,-0.00203587,
18.0185,-40.3519,20.1173,16.5655,1.06295,2.0745,-0.00208618,
18.0039,-40.3437,20.109,16.566,1.06216,2.07418,-0.00214661,
17.9881,-40.3351,20.1,16.5666,1.06129,2.07395,-0.00221859,
17.9711,-40.3261,20.0902,16.5673,1.06033,2.07384,-0.00230375,
17.9526,-40.3166,20.0794,16.5682,1.05928,2.07388,-0.00240397,
17.9325,-40.3066,20.0675,16.5693,1.05812,2.07409,-0.00252139,
17.9106,-40.2961,20.0545,16.5707,1.05686,2.07453,-0.00265846,
17.8865,-40.285,20.0401,16.5723,1.05547,2.07524,-0.00281801,
17.8601,-40.2733,20.0241,16.5744,1.05395,2.07627,-0.00300325,
17.8309,-40.2611,20.0065,16.5769,1.05228,2.0777,-0.00321787,
17.7987,-40.2482,19.9869,16.5799,1.05046,2.0796,-0.00346611,
17.763,-40.2347,19.9651,16.5836,1.04847,2.08206,-0.0037528,
17.7233,-40.2206,19.9408,16.5881,1.0463,2.08521,-0.00408349,
17.6792,-40.2059,19.9137,16.5935,1.04394,2.08916,-0.00446458,
17.6299,-40.1906,19.8834,16.6001,1.04136,2.09407,-0.00490334,
17.5747,-40.1747,19.8495,16.608,1.03855,2.10012,-0.00540816,
17.513,-40.1582,19.8115,16.6176,1.0355,2.10751,-0.00598865,
17.4437,-40.1413,19.7689,16.629,1.03219,2.11649,-0.00665581,
17.3658,-40.1241,19.7211,16.6427,1.0286,2.12735,-0.00742229,
17.2782,-40.1065,19.6673,16.659,1.02471,2.14042,-0.0083026,
17.1794,-40.0889,19.6068,16.6785,1.0205,2.15608,-0.00931338,
17.068,-40.0714,19.5387,16.7017,1.01596,2.17479,-0.0104737,
16.9421,-40.0543,19.4619,16.7291,1.01107,2.19708,-0.0118055,
16.7998,-40.0378,19.3753,16.7617,1.0058,2.22356,-0.013334,
16.6386,-40.0225,19.2775,16.8002,1.00015,2.25494,-0.0150878,
16.4561,-40.0088,19.1671,16.8457,0.994092,2.29201,-0.0170999,
16.2491,-39.9974,19.0422,16.8993,0.987607,2.33569,-0.019408,
16.0142,-39.9889,18.901,16.9624,0.980657,2.38691,-0.0220547,
15.7475,-39.9845,18.7412,17.0364,0.973142,2.44652,-0.0250893,
15.4442,-39.9854,18.56,17.1229,0.964761,2.5148,-0.0285734,
15.0991,-39.9937,18.3545,17.2232,0.954526,2.59039,-0.0326047,
14.7055,-40.013,18.1205,17.3373,0.939129,2.66736,-0.0374146,
14.2555,-40.0505,17.8522,17.4611,0.907562,2.72843,-0.0436675,
13.7407,-40.1242,17.5343,17.5788,0.82582,2.72991,-0.052415,
13.1931,-40.289,17.0622,17.6401,0.635812,2.57618,-0.0527165,
13.4166,-40.8272,15.0126,17.5519,1.08976,2.097,-0.00412619,
