Optimisation time (ms),derivs time (ms),BP time (ms),FP time (ms),% derivs,surprise,expected,new cost
5.849,1.51,1.294,1.485,10.6667,0.165175,40.5531,25.9439
11.475,1.415,1.343,7.158,10.6667,8.81798,1.58255,17.5471
11.302,1.412,1.323,7.149,10.6667,0,1.30618,23.8042
6.412,1.39,3.583,0,10.6667,0,0,23.8042
8.286,2.422,1.968,2.279,10.6667,0.268784,42.718,19.6866
11.996,1.418,1.426,7.147,10.6667,0.163566,2.63845,21.032
5.639,1.329,1.396,1.456,10.6667,0.346591,56.8225,7.45575
7.245,1.549,1.326,2.896,10.6667,0.198645,10.7928,9.16904
5.577,1.397,1.301,1.44,10.6667,0.0349902,61.6321,35.3365
7.045,1.352,1.305,2.912,10.6667,0.451583,26.2515,18.0386
6.099,1.698,1.305,1.507,10.6667,0.841248,15.8134,4.00527
11.341,1.431,1.402,7.062,10.6667,0,0.15589,3.47197
11.436,1.376,1.31,7.251,10.6667,1.76656,0.223132,2.43402
11.7,1.567,1.314,7.326,10.6667,0.0868331,0.250996,2.96155
11.61,1.498,1.336,7.308,10.6667,0,0.152247,4.30811
11.891,1.374,1.302,7.702,10.6667,0,0.456807,4.63083
12.067,1.521,1.323,7.711,10.6667,0,0.560475,5.60816
5.949,1.455,1.326,1.582,10.6667,0.00383812,18.3041,10.5436
6.061,1.583,1.376,1.515,10.6667,0.215528,24.3374,6.80794
5.87,1.384,1.322,1.561,10.6667,0.525858,10.673,1.40296
7.474,1.497,1.396,2.907,10.6667,0.672503,6.50664,2.07196
11.232,1.415,1.392,7.017,10.6667,0,0.171043,2.51838
11.45,1.47,1.346,7.195,10.6667,0,0.367283,3.00552
11.456,1.339,1.316,7.188,10.6667,0,0.407246,3.47781
5.717,1.496,1.322,1.464,10.6667,0.258275,22.296,5.01109
8.56,1.378,1.351,4.342,10.6667,0.668312,5.0047,2.61258
9.928,1.332,1.413,5.691,10.6667,0.0493894,7.96643,15.346
11.534,1.508,1.317,7.274,10.6667,0,0.355811,4.71238
9.918,1.466,1.301,5.702,10.6667,0.439203,2.48044,6.19063
11.275,1.397,1.326,7.151,10.6667,0,0.656926,6.44953
5.719,1.452,1.311,1.437,10.6667,0.105556,19.0816,8.6066
11.621,1.693,1.321,7.179,10.6667,0,3.0236,21.3261
11.421,1.465,1.389,7.096,10.6667,0.26628,3.82619,24.8357
5.945,1.433,1.452,1.514,10.6667,0.37541,75.6584,8.03222
7.355,1.585,1.312,2.905,10.6667,1.41233,5.10118,1.56644
11.569,1.595,1.305,7.178,10.6667,0.679877,2.2159,36.2118
7.204,1.505,1.352,2.882,10.6667,0.0159442,27.0263,36.2653
5.639,1.35,1.409,1.395,10.6667,0.861167,40.2508,1.63599
11.448,1.52,1.314,7.251,10.6667,0,0.189039,2.94882
7.001,1.439,1.314,2.807,10.6667,0.00689095,2.00007,2.29346
11.632,1.478,1.42,7.276,10.6667,0.808227,0.627743,4.2983
12.045,1.67,1.425,7.416,10.6667,1.40345,0.579549,7.82964
7.325,1.447,1.361,2.981,10.6667,0.129811,12.5682,16.9784
11.868,1.417,1.358,7.56,10.6667,0,0.543183,10.8641
7.361,1.433,1.342,2.995,10.6667,0.0980133,7.48738,7.23335
5.86,1.377,1.365,1.552,10.6667,0.0968453,72.7427,37.3271
11.975,1.485,1.384,7.527,10.6667,5.11335,2.3559,20.3273
11.941,1.608,1.392,7.409,10.6667,0,0.588426,12.9836
11.98,1.462,1.395,7.62,10.6667,0,1.19354,11.7542
5.782,1.312,1.401,1.496,10.6667,0.2353,153.37,51.5108
5.828,1.547,1.332,1.407,10.6667,0.0513032,110.522,45.9247
12.082,1.678,1.414,7.471,10.6667,0.984449,6.43345,39.5594
11.712,1.471,1.422,7.391,10.6667,0,3.23018,36.461
6.201,1.748,1.39,1.545,10.6667,0.134645,95.7529,29.5451
9.227,1.889,1.303,4.469,10.6667,0.115378,41.2975,52.5511
6.016,1.56,1.334,1.553,10.6667,0.20815,47.2826,46.4003
5.913,1.446,1.324,1.545,10.6667,0.853861,76.9619,12.7954
11.902,1.532,1.326,7.505,10.6667,0,0.652389,14.994
12.1,1.47,1.351,7.683,10.6667,0.295425,0.864883,12.4376
12.147,1.619,1.339,7.665,10.6667,0,0.957158,12.179
5.945,1.457,1.331,1.561,10.6667,0.0930969,14.448,11.9244
10.417,1.449,1.334,6.084,10.6667,0.0377632,3.13788,12.1859
12.32,1.641,1.412,7.649,10.6667,5.46182,2.9033,33.8841
11.817,1.419,1.404,7.507,10.6667,0,1.83702,29.4595
6.076,1.674,1.386,1.467,10.6667,0.567352,51.2187,8.49728
10.31,1.465,1.322,6.001,10.6667,1.05108,4.37195,11.5332
5.935,1.49,1.39,1.488,10.6667,0.306875,18.7131,16.9028
11.723,1.526,1.348,7.362,10.6667,0,0.832828,15.6546
12.046,1.428,1.328,7.82,10.6667,0,1.2049,16.3385
9.239,1.508,1.349,4.764,10.6667,0.543973,7.32736,16.7347
11.733,1.381,1.334,7.555,10.6667,0,1.34244,18.1149
7.396,1.457,1.347,3.045,10.6667,0.141029,10.4305,16.1524
6.138,1.749,1.32,1.553,10.6667,0.36399,16.1853,7.7459
11.734,1.51,1.348,7.357,10.6667,0,0.601252,7.86506
12.123,1.687,1.391,7.527,10.6667,0,0.810259,9.91429
12.287,1.592,1.355,7.726,10.6667,1.04221,0.707063,9.88592
11.863,1.677,1.335,7.335,10.6667,0,0.874225,10.3416
11.808,1.511,1.341,7.49,10.6667,0,0.320967,7.56938
8.976,1.442,1.373,4.608,10.6667,0.10664,1.85867,7.86239
6.134,1.688,1.323,1.531,10.6667,0.179735,6.99055,7.31023
12.126,1.734,1.422,7.469,10.6667,0,0.47247,7.42347
12.309,1.669,1.407,7.623,10.6667,2.04643,0.525939,10.6595
10.583,1.643,1.398,5.948,10.6667,1.13348,2.87368,9.71075
12.052,1.78,1.312,7.455,10.6667,0,1.45026,14.9726
6.355,1.924,1.308,1.513,10.6667,0.0656852,23.953,13.7892
12.158,1.7,1.305,7.677,10.6667,0,0.887494,12.1553
10.986,1.804,1.318,5.927,10.6667,0.510437,3.32953,11.2107
12.058,1.614,1.372,7.583,10.6667,0,0.812156,11.9019
11.792,1.443,1.379,7.479,10.6667,0,0.738212,9.38279
14.11,1.779,2.382,8.439,10.6667,0,1.16484,12.43
6.271,1.93,1.316,1.513,10.6667,0.288724,14.5334,8.43785
12.271,1.612,1.338,7.739,10.6667,0.165138,0.885722,10.384
12.26,1.787,1.33,7.58,10.6667,0,1.0683,10.9821
10.833,1.662,1.562,6.018,10.6667,0.376293,3.6491,9.86434
12.112,1.795,1.356,7.5,10.6667,0,1.03268,10.2328
7.907,1.893,1.35,3.125,10.6667,0.0363468,12.4765,10.7841
12.444,1.844,1.363,7.635,10.6667,0.26282,0.604446,7.4446
11.685,1.476,1.354,7.343,10.6667,0,1.33773,14.8116
10.552,1.846,1.351,5.77,10.6667,0.184523,6.44918,14.8922
11.73,1.667,1.337,7.21,10.6667,0,2.92226,25.2321
11.689,1.526,1.321,7.365,10.6667,0,3.70383,28.0362
6.037,1.581,1.34,1.554,10.6667,0.349709,50.7369,10.547
11.751,1.771,1.349,7.143,10.6667,0,1.40166,12.3795
6.602,2.218,1.333,1.492,10.6667,0.251515,15.1755,6.97207
6.153,1.722,1.303,1.549,10.6667,0.0728553,7.14877,6.08873
12.078,1.932,1.31,7.367,10.6667,0,0.36535,5.33911
12.35,1.85,1.358,7.572,10.6667,0.881046,0.405199,5.28435
12.076,1.71,1.364,7.469,10.6667,0,0.465732,7.29808
12.092,1.567,1.337,7.608,10.6667,0.0374074,0.627275,7.64512
11.633,1.504,1.338,7.321,10.6667,0,0.64822,8.38765
11.971,1.68,1.31,7.458,10.6667,1.05848,0.858948,8.24812
11.751,1.68,1.31,7.232,10.6667,0.125204,0.797903,9.43662
11.614,1.534,1.302,7.289,10.6667,0,0.5446,11.2244
11.846,1.475,1.367,7.433,10.6667,0.18646,1.06429,10.39
7.538,1.659,1.349,2.938,10.6667,0.157132,10.1366,9.39628
9.838,1.44,1.435,5.466,10.6667,0.19408,1.15801,8.88553
5.723,1.504,1.308,1.47,10.6667,0.678336,22.2583,7.1992
11.258,1.521,1.397,6.907,10.6667,0,0.319089,6.83241
5.704,1.387,1.299,1.518,10.6667,0.126552,11.1789,6.6219
11.454,1.418,1.356,7.16,10.6667,0.945659,0.535019,6.6689
11.502,1.59,1.407,7.053,10.6667,0,0.276448,7.49736
5.741,1.399,1.312,1.472,10.6667,0.0995149,9.00234,6.43424
10.039,1.338,1.314,5.872,10.6667,0.655774,1.7535,5.68911
11.365,1.374,1.338,7.157,10.6667,0,0.242046,5.8399
11.526,1.375,1.336,7.341,10.6667,0,0.501013,6.00596
5.976,1.626,1.341,1.496,10.6667,0.107088,6.53885,5.26836
11.487,1.447,1.402,7.155,10.6667,0.23152,0.425972,5.18539
11.74,1.605,1.429,7.216,10.6667,0.842986,0.484145,5.53874
11.527,1.418,1.332,7.353,10.6667,0,0.335347,7.9217
12.151,1.636,1.34,7.606,10.6667,0.0172839,0.606213,7.10088
11.912,1.594,1.34,7.447,10.6667,0,0.533782,7.3552
8.91,1.505,1.305,4.537,10.6667,0.175764,3.44566,7.06493
11.505,1.684,1.384,6.971,10.6667,0,0.837158,9.43942
9.515,1.714,1.459,4.705,10.6667,0.0891056,9.10607,12.4113
12.152,1.901,1.312,7.365,10.6667,2.08991,1.40584,12.2949
11.715,1.639,1.359,7.217,10.6667,0,0.358218,9.26748
12.001,1.554,1.338,7.576,10.6667,0,1.32786,12.9872
6.216,1.741,1.324,1.558,10.6667,0.0343618,31.4917,18.0625
7.36,1.456,1.312,2.994,10.6667,0.19466,14.1131,13.8057
5.977,1.449,1.328,1.696,10.6667,0.161304,28.3065,14.4843
10.009,1.431,1.357,5.764,10.6667,0.865314,2.70101,11.4236
6.058,1.754,1.302,1.501,10.6667,0.405584,108.79,28.7075
11.614,1.283,1.349,7.524,10.6667,0,1.63054,32.0007
6.073,1.69,1.363,1.487,10.6667,0.0743182,66.7976,29.5352
7.356,1.487,1.352,2.966,10.6667,0.355552,21.0501,13.5645
11.615,1.467,1.363,7.298,10.6667,0,0.398072,9.41553
6.08,1.607,1.349,1.541,10.6667,0.537275,7.61977,4.00792
11.755,1.468,1.447,7.279,10.6667,0.0986694,0.224058,3.95156
11.907,1.666,1.355,7.407,10.6667,0,0.135543,3.80111
6.073,1.629,1.347,1.516,10.6667,0.181566,2.24076,3.50498
11.774,1.585,1.331,7.357,10.6667,0,0.159683,3.36135
6.074,1.613,1.352,1.55,10.6667,0.146058,1.51651,3.0565
12.142,1.59,1.353,7.664,10.6667,0,0.110022,2.96098
6.088,1.58,1.351,1.525,10.6667,0.0560508,1.87082,3.05213
11.832,1.502,1.348,7.523,10.6667,0,0.164108,2.90892
6.147,1.776,1.324,1.467,10.6667,0.20022,2.10299,2.60069
11.939,1.694,1.475,7.233,10.6667,0.814594,0.127243,2.64918
11.731,1.585,1.441,7.214,10.6667,0,0.0470985,2.08068
10.681,1.81,1.353,5.957,10.6667,0.511847,0.461678,2.01509
5.892,1.41,1.335,1.539,10.6667,0.431232,157.588,20.3322
7.459,1.516,1.426,2.912,10.6667,0.694838,22.1541,11.397
6.035,1.657,1.315,1.555,10.6667,0.59165,22.5632,14.2187
10.33,1.464,1.336,5.964,10.6667,1.55576,2.87296,6.36046
6.117,1.677,1.425,1.428,10.6667,0.387308,59.1629,20.168
5.635,1.41,1.306,1.486,10.6667,1.28946,7.84629,4.81688
11.732,1.502,1.401,7.356,10.6667,0,0.518338,8.03274
5.808,1.501,1.303,1.484,10.6667,0.331432,16.5364,5.31299
8.635,1.305,1.326,4.524,10.6667,0.176179,9.06514,10.6639
5.894,1.533,1.32,1.465,10.6667,0.412163,15.7951,13.6619
5.596,1.305,1.333,1.448,10.6667,0.527188,18.6334,9.11834
5.753,1.43,1.337,1.525,10.6667,0.168134,4.38539,5.36573
7.41,1.482,1.325,3.035,10.6667,0.803693,4.29921,4.01494
11.628,1.493,1.333,7.313,10.6667,0,0.631926,12.189
6.149,1.722,1.333,1.509,10.6667,0.300969,19.154,4.65554
5.782,1.387,1.419,1.483,10.6667,0.0559815,7.00845,4.7998
11.579,1.534,1.301,7.241,10.6667,1.44264,0.275883,6.16996
9.036,1.659,1.386,4.518,10.6667,0.41764,2.47366,7.22202
8.811,1.532,1.305,4.387,10.6667,2.17417,2.16933,3.06705
5.984,1.613,1.349,1.483,10.6667,1.6931,3.01022,0.960911
11.723,1.549,1.306,7.447,10.6667,0,0.0235483,0.920537
7.302,1.429,1.344,3.007,10.6667,0.26154,1.88562,1.7557
11.86,1.412,1.369,7.55,10.6667,0.849447,0.179764,1.88306
11.884,1.463,1.377,7.472,10.6667,0.0429422,0.102563,2.84448
12.123,1.505,1.394,7.793,10.6667,0,0.102319,2.50765
8.828,1.349,1.392,4.579,10.6667,0.366999,2.38962,2.91084
9.025,1.379,1.357,4.725,10.6667,0.657557,2.22908,2.23461
9.174,1.74,1.312,4.502,10.6667,0.76093,2.26211,6.35388
6.224,1.702,1.428,1.529,10.6667,0.719631,5.53381,4.1386
7.37,1.494,1.337,3,10.6667,0.108142,1.24569,4.00022
5.872,1.472,1.343,1.523,10.6667,0.49621,3.87543,4.07289
12.245,1.509,1.334,7.789,10.6667,13.2876,0.199405,5.75483
10.661,1.513,1.388,6.125,10.6667,3.3655,0.993526,6.39239
6.221,1.696,1.346,1.565,10.6667,0.938944,6.76508,9.93457
5.891,1.411,1.397,1.529,10.6667,0.70617,5.49838,7.41566
5.989,1.567,1.334,1.539,10.6667,0.357281,5.76556,9.04062
6.114,1.597,1.4,1.562,10.6667,1.84036,4.7554,2.6791
5.982,1.596,1.3,1.492,10.6667,0.201723,12.7413,13.4449
9.028,1.612,1.375,4.559,10.6667,1.76572,3.27988,7.41021
8.838,1.505,1.308,4.509,10.6667,3.53553,2.59837,7.23731
5.975,1.486,1.363,1.514,10.6667,0.647643,3.28755,5.48987
5.943,1.522,1.388,1.506,10.6667,0.14073,3.57314,5.78912
5.875,1.451,1.323,1.525,10.6667,0.744683,3.23291,3.33981
5.94,1.429,1.425,1.531,10.6667,1.13816,2.24451,3.02111
6.171,1.756,1.312,1.528,10.6667,0.802753,1.06171,1.31655
11.845,1.389,1.408,7.567,10.6667,0,0.0449958,1.28463
5.757,1.404,1.402,1.462,10.6667,0.0336321,1.86904,1.42971
7.388,1.456,1.341,3.068,10.6667,0.176923,5.05567,3.68323
7.513,1.76,1.307,2.922,10.6667,0.0753085,9.05263,12.3207
5.764,1.404,1.344,1.53,10.6667,0.470617,5.46345,9.63424
8.777,1.456,1.305,4.436,10.6667,2.35931,2.38283,5.26441
12.1,1.417,1.33,7.855,10.6667,0,0.197929,4.87257
10.55,1.449,1.336,6.158,10.6667,0.37741,1.66635,4.28575
7.812,1.763,1.335,3.136,10.6667,0.321033,4.7763,3.91982
11.855,1.388,1.335,7.578,10.6667,0,0.138467,3.96122
12.017,1.606,1.346,7.524,10.6667,0,0.341325,3.89817
6.154,1.627,1.351,1.591,10.6667,0.511875,6.50123,1.83674
9.255,1.751,1.392,4.543,10.6667,0.311734,0.835594,1.63049
12.221,1.889,1.333,7.485,10.6667,0,0.187838,2.0732
7.728,1.623,1.327,3.158,10.6667,0.0921031,2.68087,2.00569
6.025,1.599,1.324,1.536,10.6667,0.175815,16.4128,5.91057
6.018,1.62,1.305,1.494,10.6667,1.58598,5.63763,2.74752
10.192,1.43,1.307,5.962,10.6667,1.89098,0.411816,2.47744
9.221,1.505,1.348,4.713,10.6667,0.693104,0.663933,2.46518
5.946,1.478,1.353,1.492,10.6667,0.239066,13.2101,11.533
5.766,1.369,1.341,1.525,10.6667,0.672723,5.73552,8.57037
11.821,1.524,1.378,7.393,10.6667,5.275,0.307232,7.02128
10.231,1.392,1.412,5.884,10.6667,1.72232,1.40974,9.59253
6.044,1.542,1.356,1.559,10.6667,0.523599,11.3818,11.2404
12.005,1.462,1.367,7.61,10.6667,1.60684,0.48067,10.9356
12.134,1.587,1.346,7.656,10.6667,0,0.364339,10.6427
7.654,1.442,1.552,3.091,10.6667,0.132178,17.9258,14.4707
6.065,1.533,1.397,1.532,10.6667,0.492744,32.2472,8.31507
6.11,1.488,1.35,1.608,10.6667,0.484479,5.07079,5.35269
9.369,1.567,1.384,4.722,10.6667,1.21671,2.45392,4.30064
9.032,1.383,1.342,4.692,10.6667,0.741419,7.12736,11.3704
6.049,1.408,1.376,1.622,10.6667,0.566587,21.7771,10.5517
9.102,1.517,1.354,4.598,10.6667,1.71692,1.66883,5.67842
10.416,1.595,1.34,5.877,10.6667,1.93333,0.767271,5.75537
11.815,1.523,1.35,7.381,10.6667,3.05321,0.460919,9.00292
12.497,1.893,1.321,7.589,10.6667,0,0.201149,5.47378
12.969,1.64,1.365,8.28,10.6667,0.127969,0.861621,7.58048
10.975,1.537,1.381,6.42,10.6667,1.04519,2.52514,5.72143
12.287,1.415,1.365,7.895,10.6667,0,0.253859,6.4268
9.391,1.449,1.535,4.76,10.6667,0.529352,3.28145,4.05878
10.721,1.585,1.399,6.093,10.6667,0.0768272,4.87905,12.4326
6.263,1.71,1.395,1.548,10.6667,0.460778,12.2204,10.14
5.918,1.41,1.451,1.452,10.6667,0.825013,8.7059,14.7683
10.742,1.618,1.341,6.278,10.6667,3.0566,1.53203,9.98627
5.993,1.428,1.42,1.544,10.6667,0.129267,10.4581,12.4566
6.114,1.667,1.349,1.53,10.6667,0.321341,6.18474,12.2828
6.394,1.971,1.307,1.51,10.6667,0.766207,11.6362,8.47584
11.457,1.418,1.319,7.255,10.6667,0,0.304072,8.50539
12.109,1.476,1.331,7.84,10.6667,0,0.714904,8.65378
11.881,1.613,1.307,7.474,10.6667,0,0.750598,10.2272
5.888,1.551,1.316,1.475,10.6667,0.0661603,5.70653,8.14859
10.17,1.402,1.378,5.887,10.6667,0.0269068,1.38481,8.27988
12.053,1.49,1.305,7.787,10.6667,0,0.737204,8.65773
12.154,1.454,1.353,7.862,10.6667,0,0.596867,8.54552
11.861,1.599,1.332,7.371,10.6667,0.740657,0.401327,8.5793
10.405,1.604,1.31,5.965,10.6667,0.2626,2.32132,8.54715
12.208,1.657,1.348,7.76,10.6667,0,0.837762,8.93485
6.144,1.708,1.327,1.546,10.6667,0.0600748,26.9389,13.7766
12.333,1.584,1.35,7.847,10.6667,0,1.23081,12.638
9.056,1.544,1.416,4.518,10.6667,0.12036,5.83935,12.1026
6.15,1.641,1.327,1.572,10.6667,0.123947,13.2438,8.65501
12.228,1.851,1.314,7.455,10.6667,1.77223,0.550445,6.09164
6.023,1.585,1.305,1.557,10.6667,0.472973,8.95643,12.7176
11.945,1.746,1.308,7.415,10.6667,0,1.34734,14.919
6.05,1.599,1.329,1.555,10.6667,0.370322,35.1472,2.42182
11.913,1.587,1.366,7.439,10.6667,0,0.348885,3.34783
6.154,1.612,1.352,1.555,10.6667,0.259087,6.92748,2.41212
12.253,1.775,1.338,7.588,10.6667,0,0.622313,6.2146
6.022,1.473,1.336,1.599,10.6667,0.389496,10.5379,2.82246
7.79,1.668,1.441,3.024,10.6667,0.189498,0.652004,1.12602
9.284,1.771,1.412,4.497,10.6667,1.3466,0.166356,0.79299
6.091,1.653,1.319,1.526,10.6667,0.453512,24.9626,6.91789
6.002,1.533,1.316,1.562,10.6667,1.0156,6.64293,1.62176
5.945,1.576,1.317,1.493,10.6667,0.377421,2.82103,1.62466
7.393,1.465,1.327,3.023,10.6667,0.755587,1.00852,1.55644
9.03,1.69,1.317,4.493,10.6667,2.30398,6.58101,8.6948
11.716,1.615,1.398,7.206,10.6667,0,0.422412,6.39426
5.753,1.338,1.337,1.52,10.6667,0.363931,14.7417,2.42823
8.603,1.311,1.353,4.408,10.6667,0.269427,1.4255,2.79478
11.517,1.522,1.336,7.253,10.6667,0,0.379411,7.73397
11.854,1.546,1.332,7.528,10.6667,0,0.275757,3.63165
11.684,1.449,1.316,7.395,10.6667,2.43483,0.149178,3.13007
10.211,1.474,1.355,5.86,10.6667,0.763264,3.19769,5.77731
5.885,1.506,1.364,1.497,10.6667,0.490365,15.6503,0.977376
11.616,1.347,1.367,7.479,10.6667,0,0.0331626,0.878353
10.083,1.224,1.378,5.989,10.6667,1.27255,0.707185,1.20625
7.188,1.407,1.33,2.974,10.6667,0.472094,1.53927,0.773125
11.398,1.385,1.335,7.212,10.6667,0,0.0684754,1.68663
5.823,1.427,1.341,1.513,10.6667,0.408862,77.4023,2.26024
11.703,1.5,1.346,7.367,10.6667,0,0.232725,2.31806
5.837,1.38,1.33,1.543,10.6667,0.201411,3.30872,2.50015
11.941,1.567,1.354,7.484,10.6667,0.603277,0.158451,1.4105
10.266,1.507,1.375,5.849,10.6667,2.88736,0.306254,0.946968
11.651,1.42,1.335,7.421,10.6667,0,0.0546682,1.03533
8.771,1.351,1.341,4.56,10.6667,0.336079,7.96592,5.72667
10.617,1.662,1.384,5.971,10.6667,0.0605809,16.0871,36.1694
5.877,1.483,1.344,1.456,10.6667,0.653189,62.0641,3.08047
11.65,1.557,1.419,7.128,10.6667,0.423347,0.689401,12.2568
10.454,1.484,1.521,5.922,10.6667,2.91413,0.35281,2.28555
5.839,1.563,1.334,1.468,10.6667,0.575919,40.9071,3.73632
11.529,1.505,1.428,7.092,10.6667,0.998531,0.432033,8.27276
11.43,1.47,1.352,7.164,10.6667,0,0.409318,12.3301
10.283,1.6,1.341,5.791,10.6667,0.661634,3.62465,9.78552
5.658,1.366,1.347,1.43,10.6667,0.655958,21.8842,2.61939
10.242,1.372,1.352,5.989,10.6667,2.81482,0.387256,2.43248
5.831,1.36,1.345,1.591,10.6667,0.756248,87.398,26.5963
5.845,1.468,1.32,1.463,10.6667,0.898216,31.564,4.4802
8.826,1.446,1.334,4.555,10.6667,2.36039,0.320567,0.485072
6.105,1.674,1.308,1.57,10.6667,1.05613,15.8075,1.99057
7.783,1.669,1.409,3.104,10.6667,0.595922,0.810467,1.33925
5.952,1.458,1.338,1.561,10.6667,1.45888,1.72781,0.71222
9.253,1.525,1.304,4.837,10.6667,1.04828,0.60381,1.64234
11.875,1.567,1.307,7.451,10.6667,0,0.108275,2.61502
6.257,1.613,1.346,1.628,10.6667,0.585292,7.30187,0.99012
6.027,1.508,1.377,1.525,10.6667,0.389375,16.9788,2.32859
7.711,1.575,1.296,3.263,10.6667,0.83048,4.2565,3.28905
7.618,1.437,1.306,3.235,10.6667,1.23325,0.861092,1.08706
12.318,1.608,1.506,7.689,10.6667,0,0.0315421,0.869563
12.379,1.529,1.323,7.863,10.6667,1.11652,0.0981493,1.11193
10.22,1.398,1.335,5.888,10.6667,0.634277,1.22868,2.9108
6.053,1.596,1.34,1.562,10.6667,0.134899,3.15556,3.96484
7.483,1.581,1.409,2.94,10.6667,0.0278454,1.18622,2.74652
5.891,1.405,1.305,1.691,10.6667,0.892196,21.6418,0.354022
11.623,1.385,1.339,7.381,10.6667,3.77167,0.0235185,0.582734
5.788,1.381,1.418,1.472,10.6667,0.907401,3.58824,2.32346
10.269,1.42,1.319,6.033,10.6667,0.419329,1.19227,4.35165
11.548,1.392,1.384,7.293,10.6667,0,0.468344,5.76459
5.762,1.386,1.385,1.512,10.6667,0.0823589,115.84,39.2642
6.169,1.573,1.482,1.567,10.6667,0.530118,43.2867,1.55794
7.276,1.477,1.463,2.817,10.6667,0.684369,2.18316,3.25969
11.935,1.295,1.356,7.752,10.6667,1.01833,0.289423,3.25714
5.872,1.471,1.354,1.49,10.6667,0.466819,34.378,8.61121
11.509,1.565,1.326,7.194,10.6667,0,0.208447,4.16403
11.27,1.254,1.374,7.234,10.6667,0,0.78131,5.92182
5.887,1.268,1.452,1.459,10.6667,0.188864,29.9912,8.22978
5.597,1.296,1.323,1.537,10.6667,0.0751324,75.3552,25.8569
8.748,1.461,1.331,4.416,10.6667,0.0569128,15.2213,18.8146
5.799,1.389,1.398,1.466,10.6667,0.62677,14.4101,5.87484
9.082,1.4,1.381,4.693,10.6667,0.937742,5.33271,6.71239
5.997,1.573,1.325,1.548,10.6667,0.369085,18.8421,8.65521
7.527,1.681,1.343,2.952,10.6667,0.00802767,3.74869,7.83201
11.615,1.576,1.339,7.197,10.6667,2.65935,0.699017,7.52743
5.861,1.529,1.374,1.462,10.6667,0.818286,32.5311,3.61325
5.625,1.314,1.306,1.481,10.6667,0.573138,4.65947,2.8602
6.024,1.713,1.362,1.399,10.6667,0.739951,15.4003,0.887911
11.383,1.329,1.322,7.347,10.6667,0,0.0567224,1.20911
5.685,1.433,1.353,1.407,10.6667,0.679409,8.44107,0.767173
10.118,1.535,1.33,5.812,10.6667,1.72339,0.333503,0.600209
5.435,1.23,1.328,1.489,10.6667,2.47714,0.400609,0.281807
9.106,1.483,1.337,4.655,10.6667,3.47779,0.216415,0.374686
9.178,1.511,1.435,4.639,10.6667,1.41836,0.0750926,0.289501
12.389,1.557,1.482,7.809,10.6667,0,0.0176436,0.403875
12.164,1.573,1.344,7.689,10.6667,0.819554,0.0378425,0.383618
8.999,1.629,1.33,4.443,10.6667,0.455267,0.92566,1.60498
10.609,1.364,1.556,6.091,10.6667,2.35889,0.439564,2.14773
5.574,1.272,1.326,1.457,10.6667,0.737716,16.2079,3.30254
6.175,1.711,1.328,1.523,10.6667,1.18762,5.30457,0.372718
5.705,1.367,1.327,1.496,10.6667,1.37617,2.90133,0.196468
10.27,1.438,1.319,5.965,10.6667,2.66115,0.0447541,0.361537
7.326,1.559,1.302,2.937,10.6667,0.218297,5.6053,6.11327
10.29,1.386,1.4,6.015,10.6667,0.698911,2.52391,8.27006
8.714,1.428,1.32,4.421,10.6667,0.226476,1.07302,3.21073
8.732,1.538,1.305,4.353,10.6667,1.41483,7.01683,3.16834
5.822,1.578,1.365,1.399,10.6667,0.961987,27.1381,1.35538
11.042,1.389,1.319,6.906,10.6667,3.38469,0.089333,1.90654
10.975,1.544,1.306,6.75,10.6667,0,0.434137,5.77833
5.97,1.623,1.333,1.511,10.6667,0.0546472,35.8211,13.9189
9.132,1.956,1.315,4.327,10.6667,0.33126,6.37999,7.3066
6.027,1.783,1.299,1.459,10.6667,0.992275,6.89683,1.24117
8.466,1.38,1.301,4.303,10.6667,2.85546,0.369072,0.488865
11.505,1.462,1.312,7.242,10.6667,10.1033,0.0457258,0.434468
11.867,1.624,1.325,7.488,10.6667,0,0.0288429,0.555341
8.632,1.459,1.301,4.352,10.6667,0.632712,0.414603,0.636293
5.694,1.389,1.311,1.498,10.6667,0.238151,2.84226,1.84401
9.11,1.697,1.358,4.476,10.6667,1.62624,0.490344,0.6816
12.102,1.66,1.38,7.496,10.6667,3.04832,0.0894924,1.11948
5.736,1.374,1.355,1.468,10.6667,0.497345,110.39,9.91117
5.732,1.459,1.313,1.465,10.6667,0.762321,14.0599,5.03815
6.113,1.863,1.376,1.444,10.6667,0.594423,20.1088,2.05093
8.589,1.424,1.323,4.358,10.6667,2.00363,0.261594,0.709927
6.04,1.621,1.302,1.521,10.6667,0.399916,101.026,21.2919
5.671,1.406,1.342,1.42,10.6667,0.701002,21.7613,6.67618
11.117,1.206,1.312,7.234,10.6667,0,1.1418,11.8871
5.666,1.385,1.336,1.477,10.6667,0.29495,15.3818,2.03353
10.552,1.794,1.325,5.925,10.6667,0.272154,2.62352,4.96254
11.787,1.673,1.323,7.335,10.6667,0,0.35381,4.51644
11.807,1.579,1.323,7.381,10.6667,0.0723262,0.401627,3.13553
8.793,1.488,1.342,4.42,10.6667,0.428035,5.62403,5.25575
8.563,1.344,1.315,4.394,10.6667,0.082567,4.03,8.55031
11.884,1.542,1.361,7.565,10.6667,0,0.147156,2.43158
5.72,1.457,1.308,1.485,10.6667,0.390105,75.8405,1.95898
9.874,1.367,1.384,5.661,10.6667,1.25032,0.480507,1.52315
11.643,1.585,1.308,7.301,10.6667,2.95027,0.359498,4.75476
11.859,1.696,1.337,7.125,10.6667,0.286515,0.240489,5.76083
6.003,1.68,1.304,1.562,10.6667,0.390853,5.83877,4.55321
5.828,1.524,1.364,1.425,10.6667,1.32549,3.21599,1.06325
5.552,1.348,1.303,1.465,10.6667,0.344285,21.845,9.61824
5.806,1.446,1.33,1.497,10.6667,0.0255654,41.0077,29.8231
5.761,1.468,1.314,1.466,10.6667,0.794842,43.5017,4.90632
9.965,1.387,1.318,5.73,10.6667,1.83508,1.00149,3.69335
5.696,1.388,1.33,1.469,10.6667,0.421663,112.431,43.5771
9.952,1.288,1.34,5.811,10.6667,0.350768,8.67064,36.2289
10.199,1.417,1.357,5.923,10.6667,0.197838,9.20504,39.3328
11.828,1.47,1.327,7.544,10.6667,0,2.1513,34.6122
5.896,1.482,1.305,1.526,10.6667,0.0879022,105.304,41.5091
7.358,1.487,1.371,2.992,10.6667,0.333777,61.0927,22.6711
5.89,1.544,1.378,1.419,10.6667,0.380685,29.129,10.9933
5.755,1.432,1.299,1.521,10.6667,0.574192,8.30687,6.42569
6.18,1.531,1.418,1.663,10.6667,0.232531,77.5305,40.5114
11.834,1.544,1.309,7.479,10.6667,11.456,1.16136,17.626
5.919,1.58,1.31,1.46,10.6667,0.844837,38.7991,2.98421
8.839,1.535,1.425,4.368,10.6667,2.67415,0.635396,1.18759
8.635,1.459,1.357,4.315,10.6667,1.1983,6.99422,7.10099
8.646,1.506,1.314,4.329,10.6667,0.859811,1.63026,3.45889
5.819,1.506,1.298,1.497,10.6667,0.084181,26.4474,24.8025
6.072,1.562,1.428,1.519,10.6667,0.826071,20.7702,13.337
10.678,1.604,1.302,6.231,10.6667,2.78384,2.16509,7.95763
5.798,1.347,1.363,1.523,10.6667,0.337494,11.654,11.3946
8.695,1.434,1.314,4.413,10.6667,0.107107,4.64412,12.3733
8.667,1.3,1.3,4.552,10.6667,0.559943,3.89847,11.3323
8.97,1.484,1.436,4.46,10.6667,1.34184,4.87851,10.0941
8.701,1.326,1.349,4.554,10.6667,0.91984,4.90128,15.94
11.891,1.732,1.32,7.268,10.6667,4.66256,0.610578,11.2589
11.557,1.428,1.304,7.381,10.6667,0,0.779842,17.9656
10.36,1.556,1.309,5.957,10.6667,1.22637,5.45306,12.4231
6.247,1.724,1.375,1.512,10.6667,0.495328,35.7233,12.1328
8.948,1.755,1.305,4.338,10.6667,1.27982,1.34475,3.95169
11.989,1.631,1.328,7.494,10.6667,0,0.185152,4.72819
6.057,1.593,1.325,1.546,10.6667,0.236623,13.8142,5.69122
8.75,1.508,1.345,4.373,10.6667,0.687434,3.10231,3.14428
10.102,1.477,1.312,5.819,10.6667,1.39493,11.0425,22.3429
5.809,1.509,1.334,1.439,10.6667,0.0816237,57.0588,42.1886
5.648,1.404,1.326,1.412,10.6667,1.29516,14.0957,4.15878
8.552,1.43,1.307,4.348,10.6667,0.297181,1.31501,4.87151
11.664,1.523,1.451,7.239,10.6667,0,0.364772,8.7672
7.211,1.458,1.337,2.929,10.6667,0.229282,8.41553,7.22699
5.646,1.379,1.313,1.444,10.6667,0.386593,54.8342,7.87972
11.632,1.463,1.357,7.294,10.6667,0.326878,0.386792,8.13185
11.892,1.6,1.43,7.387,10.6667,0,0.286577,8.27531
5.911,1.508,1.431,1.454,10.6667,0.615583,11.2852,1.73647
11.583,1.616,1.318,7.152,10.6667,0.462964,0.170211,1.98971
5.877,1.535,1.341,1.427,10.6667,0.485402,3.36077,4.41834
11.567,1.343,1.324,7.503,10.6667,0,0.204114,4.21128
8.578,1.398,1.325,4.386,10.6667,0.311971,3.05958,4.75038
5.838,1.514,1.307,1.491,10.6667,0.30015,14.3252,4.31224
11.112,1.277,1.382,7.059,10.6667,0,0.33106,6.6552
11.458,1.381,1.399,7.197,10.6667,1.00822,0.427079,4.92255
5.771,1.433,1.372,1.447,10.6667,0.368448,6.70017,3.39795
5.756,1.454,1.315,1.51,10.6667,0.379684,4.76135,3.00257
11.768,1.656,1.421,7.203,10.6667,0,0.157,3.4034
10.419,1.556,1.313,6.012,10.6667,0.373347,0.713481,2.94838
10.299,1.508,1.298,5.944,10.6667,0.011854,9.312,21.1583
5.931,1.486,1.433,1.473,10.6667,0.119899,16.7108,13.0723
10.361,1.672,1.303,5.893,10.6667,3.79476,5.14677,8.18533
11.629,1.579,1.38,7.184,10.6667,0,0.363527,8.19843
6.063,1.543,1.43,1.478,10.6667,0.489932,75.7659,4.60776
7.416,1.618,1.307,2.982,10.6667,0.0199763,4.83246,5.9816
8.983,1.606,1.316,4.537,10.6667,1.14467,1.34709,3.83189
5.869,1.514,1.33,1.511,10.6667,1.06679,39.0302,12.2622
5.937,1.526,1.396,1.477,10.6667,0.768667,11.2805,4.84154
11.729,1.483,1.329,7.451,10.6667,0,0.263044,6.76651
5.917,1.515,1.331,1.54,10.6667,0.500863,6.55727,2.89356
8.903,1.536,1.414,4.383,10.6667,0.559461,1.41409,2.63597
12.034,1.639,1.322,7.567,10.6667,0,1.26223,18.2019
9.211,1.832,1.33,4.408,10.6667,0.16838,14.0794,13.5387
7.311,1.567,1.301,2.913,10.6667,0.284921,28.0126,12.8494
11.187,1.335,1.298,7.147,10.6667,0,0.989669,13.1151
10.063,1.32,1.377,5.847,10.6667,0.124384,7.94727,15.2972
5.758,1.4,1.331,1.511,10.6667,0.00270213,67.6068,33.2398
10.255,1.507,1.388,5.827,10.6667,1.88834,6.01452,29.5425
5.543,1.293,1.328,1.442,10.6667,0.71092,103.973,42.1755
5.709,1.32,1.415,1.522,10.6667,0.720326,44.8496,11.9739
11.535,1.438,1.303,7.352,10.6667,0,0.516743,10.3957
6.022,1.492,1.338,1.599,10.6667,0.225269,15.9329,8.05179
9.109,1.605,1.459,4.396,10.6667,0.0662939,7.34815,12.322
11.275,1.361,1.358,7.093,10.6667,0,1.88979,35.1723
7.315,1.362,1.451,2.954,10.6667,0.104545,44.1027,28.9642
5.842,1.372,1.322,1.552,10.6667,0.520066,43.8389,5.51551
11.777,1.702,1.305,7.257,10.6667,0,0.249039,5.84694
11.513,1.373,1.318,7.37,10.6667,0,0.487109,6.42811
8.998,1.799,1.321,4.343,10.6667,0.377697,1.74591,5.03911
8.863,1.594,1.321,4.436,10.6667,0.385175,2.64766,4.01811
11.97,1.777,1.328,7.418,10.6667,0,0.364476,4.31133
8.774,1.429,1.348,4.446,10.6667,0.264735,1.05185,2.77096
12.053,1.853,1.458,7.223,10.6667,0,0.221605,3.5586
12.348,1.554,1.331,7.871,10.6667,1.08992,0.257692,3.26788
12.302,1.992,1.394,7.311,10.6667,0,0.20893,3.16122
12.182,1.578,1.402,7.639,10.6667,0.66634,0.303187,3.72785
12.022,1.905,1.354,7.235,10.6667,0,0.250769,3.47346
12.008,1.573,1.389,7.512,10.6667,0,0.21451,3.13656
12.757,1.68,1.378,8.107,10.6667,0,0.227298,3.77467
8.098,1.885,1.331,3.23,10.6667,0.825821,3.03857,3.46465
6.385,1.797,1.33,1.545,10.6667,0.245266,9.05564,5.52391
12.247,1.825,1.413,7.423,10.6667,0.770674,0.546364,5.12951
12.191,1.628,1.421,7.532,10.6667,1.39884,1.14302,9.78581
12.356,1.673,1.418,7.721,10.6667,4.9413,0.844451,8.12613
11.844,1.649,1.364,7.308,10.6667,0,2.09121,35.3799
6.062,1.584,1.387,1.474,10.6667,0.315315,27.4802,7.52231
11.589,1.48,1.316,7.313,10.6667,2.73417,0.708608,6.18234
10.312,1.471,1.335,5.923,10.6667,1.83029,2.19071,10.2946
5.77,1.379,1.353,1.538,10.6667,0.109618,82.7828,58.9804
5.934,1.522,1.325,1.532,10.6667,0.812342,75.0556,10.5459
10.321,1.48,1.407,5.871,10.6667,0.78839,1.36454,8.28845
11.747,1.681,1.339,7.242,10.6667,0,0.765334,15.5854
5.934,1.401,1.342,1.605,10.6667,0.438903,80.6016,2.67524
10.524,1.628,1.416,5.936,10.6667,0.706583,0.551818,2.3898
7.322,1.478,1.332,2.956,10.6667,0.0477501,23.5117,33.8378
11.501,1.509,1.328,7.233,10.6667,0,2.48178,49.618
5.796,1.438,1.334,1.53,10.6667,0.449312,70.7498,7.93922
7.384,1.412,1.334,3.033,10.6667,0.558671,6.02034,4.83162
10.345,1.365,1.33,6.092,10.6667,3.29196,0.579756,2.52887
11.665,1.416,1.347,7.437,10.6667,0,0.134476,3.81802
7.292,1.393,1.392,2.981,10.6667,0.436492,2.78262,2.97168
11.717,1.516,1.438,7.314,10.6667,0,0.221568,3.35917
6.204,1.651,1.499,1.465,10.6667,0.187089,2.59884,2.84629
7.344,1.524,1.336,2.938,10.6667,0.0484428,1.79558,2.68017
11.709,1.486,1.337,7.382,10.6667,0.77897,0.090579,2.90338
10.122,1.374,1.346,5.877,10.6667,0.618416,1.04005,5.31067
12.01,1.711,1.337,7.434,10.6667,0,0.638926,9.48846
5.848,1.394,1.35,1.543,10.6667,0.47977,14.9002,4.04039
8.788,1.538,1.345,4.404,10.6667,0.0990862,14.114,17.1898
12.128,1.909,1.337,7.375,10.6667,0,1.36799,26.5347
5.781,1.449,1.327,1.432,10.6667,0.18186,51.6069,20.0243
5.823,1.41,1.391,1.519,10.6667,0.330897,22.6508,5.8063
10.585,1.897,1.318,5.842,10.6667,1.16923,2.4032,14.8699
6.152,1.783,1.343,1.472,10.6667,0.0155884,10.7207,15.6146
11.489,1.28,1.339,7.389,10.6667,0,0.973604,14.9099
7.509,1.634,1.359,2.96,10.6667,0.0343034,24.5658,17.1489
11.597,1.388,1.331,7.395,10.6667,0,1.87563,17.1831
10.373,1.513,1.35,5.977,10.6667,0.240226,13.4445,24.8501
9.036,1.678,1.345,4.451,10.6667,0.124947,19.9491,26.5029
11.912,1.479,1.371,7.548,10.6667,0,4.97591,60.8834
8.916,1.424,1.414,4.491,10.6667,0.596897,42.6316,31.201
10.814,1.57,1.346,6.237,10.6667,0.429202,9.78345,19.6838
6.164,1.659,1.379,1.479,10.6667,0.033742,22.7275,26.1601
11.531,1.448,1.344,7.259,10.6667,0,1.65548,21.5298
5.988,1.5,1.398,1.5,10.6667,0.144369,28.4867,13.0241
11.567,1.353,1.45,7.325,10.6667,0,1.05474,13.7739
11.998,1.517,1.366,7.53,10.6667,0.636815,1.13364,11.0864
12.054,1.477,1.433,7.626,10.6667,0,0.828185,10.9294
12.01,1.561,1.386,7.512,10.6667,0,1.63954,13.882
9.147,1.57,1.411,4.549,10.6667,0.469536,6.3914,9.82769
5.881,1.421,1.435,1.489,10.6667,0.558807,11.566,2.73087
11.48,1.451,1.341,7.143,10.6667,1.93308,0.186605,2.73125
10.344,1.661,1.32,5.907,10.6667,0.30274,0.765975,4.23829
5.798,1.447,1.39,1.413,10.6667,0.661306,16.0269,10.1471
8.692,1.462,1.426,4.337,10.6667,0.970218,3.34213,6.63808
11.656,1.374,1.344,7.425,10.6667,0,0.663782,11.9327
11.628,1.348,1.365,7.429,10.6667,0,1.19806,13.5257
11.546,1.22,1.372,7.43,10.6667,2.57907,1.09367,11.0328
5.793,1.401,1.365,1.512,10.6667,0.120409,27.9311,15.7581
10.417,1.344,1.371,6.164,10.6667,0.849169,7.34648,10.9964
12.145,1.484,1.367,7.723,10.6667,2.5902,0.472638,8.54264
11.883,1.489,1.357,7.51,10.6667,0,0.163551,4.17034
10.645,1.447,1.416,6.229,10.6667,0.0862703,2.88174,7.21618
8.883,1.4,1.369,4.601,10.6667,0.0836763,12.3041,17.067
8.982,1.566,1.36,4.438,10.6667,0.254063,5.86805,17.2185
12.046,1.282,1.365,7.928,10.6667,0,1.02246,17.754
7.542,1.53,1.362,3.052,10.6667,0.412284,30.989,11.555
8.866,1.401,1.362,4.573,10.6667,0.354522,3.15122,6.08595
12.385,1.603,1.355,7.856,10.6667,3.1079,0.656612,11.3814
9.048,1.444,1.437,4.557,10.6667,1.12935,6.52254,11.1124
10.616,1.453,1.376,6.226,10.6667,2.22909,3.97434,16.7787
12.304,1.55,1.412,7.728,10.6667,0.0087487,1.22527,19.9588
11.88,1.466,1.405,7.322,10.6667,0.211911,0.908614,22.8302
7.813,1.846,1.416,2.973,10.6667,1.25228,9.15635,7.4952
11.973,1.574,1.338,7.537,10.6667,1.86389,0.40552,6.79982
12.176,1.567,1.348,7.629,10.6667,3.26745,0.983322,15.5797
11.789,1.535,1.377,7.314,10.6667,0,2.60458,48.135
6.291,1.719,1.409,1.513,10.6667,0.521528,42.628,6.75302
8.951,1.531,1.327,4.501,10.6667,0.77728,6.61351,6.87207
7.777,1.606,1.335,3.178,10.6667,0.0981914,20.6115,48.0296
12.216,1.518,1.344,7.783,10.6667,0,3.74543,48.678
6.181,1.575,1.357,1.629,10.6667,0.0460418,114.703,52.0178
6.239,1.738,1.362,1.52,10.6667,0.360645,109.529,17.7788
11.883,1.663,1.307,7.342,10.6667,0.203793,0.867422,17.9118
7.26,1.447,1.314,3.025,10.6667,0.85246,54.4257,16.569
7.499,1.533,1.307,3.116,10.6667,0.408271,6.24143,8.9954
11.749,1.581,1.308,7.357,10.6667,0,0.425846,9.27561
9.149,1.605,1.304,4.682,10.6667,0.542776,47.4726,28.2427
6.017,1.541,1.315,1.591,10.6667,0.408811,61.1527,11.7916
8.596,1.362,1.349,4.352,10.6667,1.26627,1.999,5.54562
7.151,1.434,1.315,2.935,10.6667,0.312763,38.3108,28.56
5.586,1.238,1.372,1.503,10.6667,0.527138,23.7891,21.4574
6.05,1.608,1.322,1.588,10.6667,0.136565,18.5022,19.9178
7.651,1.666,1.357,3.01,10.6667,0.956321,7.62205,12.5821
12.178,1.574,1.415,7.701,10.6667,0,1.01988,16.1385
5.974,1.465,1.402,1.545,10.6667,0.153761,25.6003,11.4794
6.171,1.681,1.334,1.566,10.6667,0.136286,7.66147,6.39364
11.823,1.373,1.386,7.55,10.6667,0,0.245329,5.99712
8.972,1.443,1.392,4.576,10.6667,0.0159559,2.17999,6.16718
10.621,1.582,1.477,6.038,10.6667,1.24373,1.2842,4.59798
11.666,1.413,1.445,7.355,10.6667,0,0.197644,4.99719
11.929,1.395,1.308,7.781,10.6667,0,0.222959,4.53937
11.796,1.38,1.31,7.585,10.6667,0.806641,0.325913,5.25434
11.573,1.412,1.334,7.307,10.6667,0.845075,1.55826,10.9833
10.245,1.511,1.304,5.962,10.6667,0.252974,2.03347,6.03488
10.284,1.582,1.321,5.809,10.6667,0.594721,3.47545,13.7409
12.641,1.998,1.41,7.72,10.6667,0,0.71074,12.9869
9.087,1.856,1.362,4.316,10.6667,0.306819,4.77753,6.43607
11.81,1.686,1.314,7.342,10.6667,0,0.626057,7.53625
9.059,1.457,1.333,4.698,10.6667,0.0260115,6.0358,8.87902
7.453,1.568,1.334,2.964,10.6667,0.102174,9.49334,9.10051
11.453,1.501,1.333,7.163,10.6667,0,0.165948,4.2502
7.02,1.239,1.323,2.91,10.6667,0.0721947,11.0963,7.71375
10.131,1.594,1.392,5.636,10.6667,0.201247,2.58181,7.35437
11.211,1.304,1.328,7.163,10.6667,0,0.514584,8.90003
5.638,1.38,1.338,1.45,10.6667,0.381698,108,5.27403
11.645,1.816,1.316,7.069,10.6667,0,0.410311,5.35446
6.01,1.678,1.303,1.526,10.6667,0.208463,6.92999,3.92058
5.789,1.51,1.351,1.431,10.6667,0.045948,11.0091,8.07934
11.499,1.73,1.331,7.046,10.6667,0,0.32119,8.44008
11.256,1.444,1.339,7.047,10.6667,0,0.837003,8.56708
7.035,1.308,1.332,2.892,10.6667,0.42624,17.2578,6.05809
11.535,1.528,1.383,7.18,10.6667,0,1.07214,9.18052
11.464,1.633,1.405,6.958,10.6667,1.37525,1.43632,9.59812
5.885,1.601,1.372,1.431,10.6667,0.432714,19.1576,2.87706
5.618,1.437,1.307,1.45,10.6667,0.456066,2.86058,1.76713
11.18,1.489,1.31,6.957,10.6667,0,0.0629769,1.73664
5.513,1.315,1.307,1.424,10.6667,0.422256,1.68154,1.23502
11.176,1.361,1.392,7.021,10.6667,0,0.0915828,1.42768
5.965,1.714,1.302,1.434,10.6667,0.444065,2.10512,1.1192
9.789,1.429,1.333,5.56,10.6667,1.10013,0.377918,1.23329
9.992,1.546,1.3,5.686,10.6667,0.620195,1.71039,6.79844
11.45,1.556,1.35,7.11,10.6667,4.81875,0.250669,4.29268
5.792,1.408,1.432,1.493,10.6667,0.959639,5.8595,1.04383
5.932,1.607,1.313,1.461,10.6667,1.27615,2.64396,3.83689
5.721,1.332,1.387,1.502,10.6667,1.03372,2.90396,0.77756
5.842,1.533,1.308,1.47,10.6667,0.981407,2.57997,1.80607
5.699,1.407,1.319,1.437,10.6667,1.25802,5.8087,1.58808
11.333,1.347,1.33,7.248,10.6667,0,0.0552043,1.48336
7.278,1.464,1.367,2.946,10.6667,0.0409908,1.21767,1.4385
9.092,1.66,1.432,4.471,10.6667,0.193827,0.8432,1.75881
5.991,1.56,1.366,1.461,10.6667,0.632307,2.07653,1.53355
11.413,1.384,1.359,7.224,10.6667,0,0.0498441,1.59993
7.216,1.305,1.326,2.986,10.6667,0.417409,1.68778,1.3266
6.278,1.569,1.471,1.525,10.6667,0.0375514,0.954577,0.920114
6.028,1.581,1.405,1.507,10.6667,0.137739,0.619363,0.939795
8.622,1.37,1.301,4.48,10.6667,0.805968,0.396784,1.58391
10.131,1.405,1.298,5.882,10.6667,1.38394,0.975464,5.46894
11.758,1.334,1.346,7.546,10.6667,1.27451,0.189046,4.00788
8.814,1.407,1.351,4.469,10.6667,1.24581,1.52927,3.32835
5.883,1.556,1.314,1.463,10.6667,0.456566,2.96352,3.06076
5.942,1.556,1.305,1.53,10.6667,0.919109,7.62876,3.47934
6.031,1.671,1.319,1.504,10.6667,1.95113,1.54419,0.572967
8.961,1.481,1.352,4.621,10.6667,0.770116,0.46433,1.10906
8.775,1.307,1.411,4.539,10.6667,1.06178,0.189259,0.54252
7.228,1.346,1.309,3.061,10.6667,0.570049,1.16701,1.53686
8.821,1.414,1.4,4.486,10.6667,2.87316,0.887897,1.29488
5.988,1.483,1.377,1.593,10.6667,0.979627,0.788106,0.490667
7.734,1.565,1.317,3.22,10.6667,0.423908,1.61212,2.72993
12.45,1.687,1.328,7.809,10.6667,3.84849,0.0899362,2.50541
9.662,1.608,1.393,4.945,10.6667,1.6046,0.563629,1.82728
12.393,1.536,1.352,7.946,10.6667,0,0.122021,2.20254
5.878,1.413,1.301,1.594,10.6667,0.294681,8.78944,2.15955
10.581,1.782,1.464,5.688,10.6667,0.858692,1.53772,1.79221
5.862,1.454,1.306,1.515,10.6667,2.03478,2.94334,0.683189
11.957,1.352,1.388,7.673,10.6667,2.38589,0.0613118,1.32244
5.969,1.461,1.391,1.549,10.6667,0.920306,12.0735,5.15995
5.964,1.538,1.305,1.536,10.6667,1.24949,12.3222,2.29461
10.256,1.385,1.438,5.854,10.6667,4.6421,1.82051,4.22292
7.35,1.411,1.335,3.023,10.6667,0.143197,1.71545,3.72183
9.06,1.674,1.311,4.553,10.6667,0.289855,0.949001,2.86334
7.626,1.541,1.333,3.163,10.6667,0.704908,5.80599,9.0702
6.052,1.516,1.332,1.605,10.6667,1.21654,8.26477,5.97724
11.909,1.415,1.387,7.53,10.6667,1.46349,0.148529,3.96048
7.633,1.475,1.419,3.148,10.6667,0.519887,2.5367,4.25026
12.555,1.638,1.41,7.849,10.6667,5.76067,0.217743,5.87871
12.681,1.577,1.359,8.093,10.6667,10.8316,0.460189,7.8482
6.174,1.517,1.367,1.627,10.6667,0.455094,7.34872,12.1636
12.276,1.499,1.324,7.851,10.6667,0.825275,0.236148,6.43981
5.947,1.438,1.346,1.573,10.6667,0.0100085,4.60797,8.19848
6.016,1.511,1.299,1.618,10.6667,0.0109847,4.81882,11.8947
11.023,1.552,1.432,6.378,10.6667,1.22498,1.35031,7.18161
12.346,1.672,1.305,7.705,10.6667,0,0.489705,8.88731
12.955,1.699,1.351,8.144,10.6667,0.781699,1.32485,8.93855
6.313,1.565,1.415,1.618,10.6667,0.338187,11.663,4.16894
6.341,1.774,1.305,1.569,10.6667,0.1254,3.04023,4.06564
12.353,1.4,1.357,8.048,10.6667,0,0.128371,3.84362
6.174,1.635,1.334,1.585,10.6667,0.0233647,3.81381,3.4328
9.26,1.565,1.315,4.738,10.6667,0.360415,1.2827,2.76703
10.855,1.7,1.358,6.163,10.6667,3.07106,0.444403,3.01364
12.386,1.54,1.344,7.912,10.6667,0,0.0720958,2.67238
6.192,1.554,1.433,1.577,10.6667,0.0584663,6.45057,3.78707
12.362,1.474,1.316,7.988,10.6667,0.29584,0.376505,4.10322
6.056,1.489,1.328,1.645,10.6667,0.147925,2.29803,4.6171
9.308,1.558,1.387,4.755,10.6667,1.76735,0.767781,2.87154
12.464,1.46,1.33,8.082,10.6667,0,0.083354,2.5303
6.151,1.554,1.351,1.601,10.6667,0.209466,3.31038,2.09127
12.347,1.582,1.37,7.835,10.6667,0,0.217642,2.4963
5.939,1.353,1.373,1.557,10.6667,0.213148,4.49586,2.19435
6.197,1.587,1.359,1.624,10.6667,0.353877,23.1031,3.56837
9.264,1.572,1.338,4.726,10.6667,1.14867,0.998856,2.79933
6.107,1.505,1.364,1.585,10.6667,0.431137,2.99656,3.10098
5.952,1.387,1.412,1.567,10.6667,0.627785,3.87365,5.29695
7.53,1.531,1.329,3.06,10.6667,0.358978,3.84975,4.94452
5.965,1.377,1.333,1.652,10.6667,0.117567,16.4312,14.6553
6.179,1.452,1.449,1.6,10.6667,0.792709,8.97059,7.38703
5.793,1.339,1.329,1.546,10.6667,0.842908,37.0166,12.9402
7.676,1.37,1.5,3.14,10.6667,0.585746,4.39409,10.1015
6.186,1.553,1.394,1.598,10.6667,0.255101,2.87292,5.5589
10.792,1.569,1.331,6.266,10.6667,0.73707,0.797551,4.89725
6.115,1.533,1.359,1.51,10.6667,1.04635,3.38529,3.0533
11.187,1.749,1.304,6.534,10.6667,0.705543,0.309914,2.57816
9.69,1.609,1.876,4.594,10.6667,1.289,5.82714,4.54045
7.736,1.587,1.445,3.043,10.6667,0.138651,1.62103,4.36436
10.574,1.47,1.334,6.146,10.6667,1.55465,0.424853,3.94323
9.178,1.484,1.334,4.686,10.6667,0.755352,5.95543,16.3416
6.231,1.56,1.313,1.656,10.6667,0.391172,13.708,13.5233
6.081,1.524,1.359,1.596,10.6667,1.00037,8.37278,12.046
12.151,1.439,1.328,7.818,10.6667,0,0.425763,11.9524
10.997,1.445,1.348,6.539,10.6667,1.19591,4.69405,9.40288
12.443,1.415,1.338,8.025,10.6667,1.13986,1.65334,15.412
6.082,1.519,1.365,1.579,10.6667,0.963752,10.5888,7.93092
8.304,1.483,5.299,0,10.6667,0,0,7.93092
6.136,1.602,1.363,1.536,10.6667,0.304217,4.50748,6.59953
7.722,1.728,1.357,3.06,10.6667,0.0263818,1.71061,5.7442
5.953,1.492,1.333,1.519,10.6667,0.521415,44.3927,5.93268
6.339,1.799,1.336,1.606,10.6667,0.349139,25.9185,9.42216
6.293,1.76,1.404,1.494,10.6667,0.240673,20.3037,13.9997
6.077,1.594,1.332,1.59,10.6667,0.696712,37.6961,14.2406
10.535,1.416,1.422,6.079,10.6667,0.364416,1.36827,10.9407
6.455,1.813,1.349,1.667,10.6667,0.688377,14.9736,10.3192
7.736,1.495,1.333,3.24,10.6667,0.356073,3.60993,9.04951
9.076,1.403,1.342,4.718,10.6667,1.1892,4.7368,15.0067
6.191,1.65,1.35,1.614,10.6667,1.11639,6.94622,6.74797
12.119,1.432,1.393,7.776,10.6667,0,0.233262,7.31753
11.059,1.525,1.378,6.56,10.6667,0.300418,3.36686,9.63317
10.853,1.569,1.311,6.342,10.6667,0.565479,1.95039,6.54019
9.199,1.683,1.328,4.534,10.6667,0.57817,2.45611,6.42263
6.049,1.569,1.368,1.552,10.6667,0.509307,18.6712,9.90132
5.997,1.643,1.306,1.496,10.6667,0.21127,6.11576,10.9032
8.754,1.397,1.361,4.463,10.6667,1.25504,4.52833,6.27448
12.421,1.476,1.379,8.107,10.6667,0,1.04531,23.9574
6.573,1.67,1.39,1.574,10.6667,0.407845,56.3552,8.77142
10.468,1.552,1.333,5.953,10.6667,1.00841,3.62656,8.08081
7.407,1.463,1.309,3.107,10.6667,0.157841,3.03381,7.43806
5.809,1.455,1.322,1.508,10.6667,0.216379,35.4077,28.1774
5.815,1.393,1.326,1.557,10.6667,0.680323,61.8353,28.1799
9.154,1.734,1.315,4.529,10.6667,2.02313,6.48636,15.3913
6.092,1.585,1.335,1.577,10.6667,1.02229,36.0757,5.44353
10.29,1.388,1.372,6.004,10.6667,1.04012,0.894207,6.92634
5.865,1.362,1.336,1.545,10.6667,0.462224,15.7079,15.747
5.947,1.496,1.396,1.508,10.6667,0.381825,25.4119,16.5509
7.494,1.53,1.345,3.107,10.6667,1.06959,5.39359,12.1517
8.989,1.413,1.335,4.627,10.6667,2.38447,21.7303,25.9773
6.067,1.548,1.349,1.534,10.6667,0.797209,12.0818,12.4062
5.74,1.265,1.359,1.57,10.6667,0.786329,10.59,7.91837
9.248,1.601,1.336,4.679,10.6667,0.997997,1.21467,6.56037
9.178,1.55,1.414,4.583,10.6667,2.93837,4.91954,8.41801
12.211,1.505,1.342,7.811,10.6667,3.22907,0.311825,8.37798
11.838,1.536,1.343,7.437,10.6667,0,0.239219,8.30055
6.144,1.49,1.342,1.711,10.6667,0.112753,13.7066,8.99908
12.499,1.677,1.434,7.705,10.6667,0,0.655231,9.23931
11.3,1.756,1.395,6.395,10.6667,0.452614,2.10512,7.52941
12.821,1.83,1.399,7.835,10.6667,0.858068,0.553941,7.14503
10.513,1.462,1.411,6.005,10.6667,1.91665,1.3143,6.99448
12.557,1.615,1.363,7.962,10.6667,4.96809,0.256715,5.92346
7.508,1.479,1.331,3.121,10.6667,1.24399,6.47451,3.35669
9.096,1.527,1.335,4.584,10.6667,1.45454,2.77421,5.60038
12.019,1.452,1.44,7.507,10.6667,4.96244,0.206829,5.15322
6.166,1.573,1.408,1.531,10.6667,0.635637,30.5094,10.1573
6.141,1.682,1.347,1.554,10.6667,1.14279,4.09576,4.73505
11.954,1.472,1.378,7.566,10.6667,0,0.405698,8.87799
5.935,1.343,1.414,1.548,10.6667,0.140364,16.4145,7.7799
12.183,1.484,1.334,7.769,10.6667,0.691437,0.487707,6.31988
11.937,1.462,1.339,7.545,10.6667,0,0.338087,8.95938
6.318,1.623,1.334,1.703,10.6667,0.221921,9.54416,6.18397
9.372,1.804,1.323,4.596,10.6667,0.591037,3.18017,5.69977
6.091,1.604,1.333,1.6,10.6667,0.884363,23.2917,8.48889
7.575,1.508,1.411,3.043,10.6667,0.828524,3.13041,5.12774
9.691,1.902,1.399,4.711,10.6667,1.29342,0.989889,4.03172
5.93,1.421,1.34,1.589,10.6667,0.663654,43.0227,12.6476
9.21,1.576,1.332,4.652,10.6667,3.75669,2.15311,4.12923
12.232,1.566,1.357,7.685,10.6667,2.18631,0.15969,5.45299
9.05,1.615,1.331,4.522,10.6667,0.284588,12.3624,31.3929
9.041,1.566,1.316,4.566,10.6667,0.33539,16.4897,34.024
6.018,1.494,1.355,1.569,10.6667,0.728417,32.8009,7.01214
10.707,1.737,1.328,6.038,10.6667,3.64606,1.43401,5.44975
12.552,1.51,1.449,8.077,10.6667,0,0.224691,6.1181
11.8,1.437,1.366,7.525,10.6667,0,0.588454,6.83125
12.232,1.514,1.423,7.674,10.6667,2.11316,0.453778,5.52226
10.373,1.481,1.393,5.896,10.6667,1.85958,2.38229,3.89126
10.475,1.409,1.351,6.13,10.6667,1.51428,1.30838,2.90193
6.271,1.818,1.34,1.52,10.6667,0.58106,69.1734,13.8663
7.312,1.475,1.33,2.962,10.6667,1.80627,5.57094,5.19852
11.761,1.331,1.347,7.589,10.6667,0,0.272326,4.14544
11.443,1.197,1.362,7.381,10.6667,0,0.409776,3.25024
11.529,1.185,1.335,7.45,10.6667,0.713463,0.247162,2.2611
12.033,1.593,1.333,7.535,10.6667,1.47614,0.137793,1.40864
11.734,1.508,1.342,7.422,10.6667,0,0.734363,5.37392
11.781,1.481,1.337,7.458,10.6667,0,0.808059,5.69192
11.559,1.471,1.33,7.242,10.6667,0,0.373447,2.99505
11.519,1.477,1.361,7.249,10.6667,0,0.528946,4.38749
5.87,1.542,1.372,1.457,10.6667,0.0987418,5.59391,4.44863
5.895,1.61,1.31,1.504,10.6667,0.0127277,8.11258,4.9701
7.157,1.425,1.417,2.857,10.6667,0.156272,11.8556,5.29662
7.322,1.597,1.316,2.913,10.6667,0.0339988,49.6227,27.4297
6.163,1.773,1.305,1.582,10.6667,0.406831,99.5558,5.95689
10.41,1.448,1.333,6.072,10.6667,1.94238,0.937483,4.87082
9.167,1.662,1.319,4.571,10.6667,0.198194,1.88437,3.43893
9.107,1.619,1.351,4.532,10.6667,0.437039,2.63065,4.46723
12.375,1.75,1.303,7.659,10.6667,1.72599,0.378044,4.13722
12.371,1.511,1.326,7.894,10.6667,0,0.256737,4.98633
6.449,1.717,1.305,1.716,10.6667,0.083268,7.84972,4.23567
6.06,1.484,1.323,1.575,10.6667,0.167299,12.6466,4.02118
6.405,1.772,1.331,1.654,10.6667,0.409834,9.1818,7.42052
6.287,1.66,1.329,1.612,10.6667,0.215348,7.12272,6.96569
12.229,1.633,1.435,7.586,10.6667,0,0.547713,8.02461
10.974,1.653,1.385,6.289,10.6667,0.30951,2.74874,6.94898
12.512,1.64,1.318,7.895,10.6667,0.365911,0.519255,4.77624
10.853,1.611,1.394,6.182,10.6667,0.11079,0.901934,4.85327
9.054,1.456,1.332,4.626,10.6667,0.0461321,2.1696,5.04078
6.093,1.551,1.333,1.556,10.6667,0.413596,15.2325,5.64022
11.802,1.446,1.338,7.522,10.6667,0,0.327907,5.3692
7.589,1.552,1.331,3.115,10.6667,0.3954,10.3832,2.94625
11.736,1.456,1.333,7.333,10.6667,1.16964,0.677346,4.72108
12.234,1.674,1.364,7.599,10.6667,1.58437,0.224086,3.49719
11.904,1.469,1.339,7.558,10.6667,0,0.223132,3.60139
12.038,1.567,1.327,7.585,10.6667,0,0.2684,2.72543
10.57,1.508,1.328,6.142,10.6667,0.418938,1.383,3.31398
12.238,1.705,1.33,7.572,10.6667,1.46769,0.439876,2.96481
8.896,1.481,1.373,4.447,10.6667,0.127508,3.72534,6.24994
6.001,1.553,1.36,1.509,10.6667,0.651971,8.80238,5.38189
11.581,1.381,1.329,7.399,10.6667,0,0.0831693,2.08698
10.191,1.474,1.346,5.858,10.6667,1.21702,2.03569,4.26623
8.771,1.376,1.403,4.456,10.6667,0.859433,11.2919,7.3886
6.063,1.661,1.348,1.498,10.6667,0.538019,10.9423,7.61055
8.97,1.569,1.361,4.469,10.6667,0.0937362,6.83455,18.4031
11.845,1.415,1.404,7.501,10.6667,3.08658,1.20742,11.7705
6.14,1.603,1.388,1.526,10.6667,0.441508,19.291,9.6491
11.957,1.621,1.317,7.459,10.6667,5.31378,0.375761,6.71329
5.774,1.39,1.349,1.465,10.6667,0.758664,10.4116,11.4732
11.552,1.24,1.459,7.429,10.6667,0,0.836299,12.943
7.324,1.395,1.337,3.038,10.6667,0.00116042,21.0363,14.452
5.893,1.487,1.354,1.487,10.6667,0.409021,65.5371,5.72536
11.757,1.4,1.355,7.554,10.6667,0,0.199554,4.54455
5.827,1.451,1.382,1.473,10.6667,0.433543,30.1144,3.28469
5.69,1.365,1.353,1.479,10.6667,0.254165,16.4121,5.71502
5.795,1.41,1.407,1.455,10.6667,0.770161,13.1588,4.54081
11.84,1.532,1.353,7.499,10.6667,0,0.268418,4.51892
5.68,1.312,1.331,1.522,10.6667,0.00611007,6.15077,4.81249
5.775,1.417,1.34,1.478,10.6667,0.212413,21.3704,7.8161
7.765,1.532,1.338,3.323,10.6667,0.407343,6.06887,8.75996
9.121,1.446,1.364,4.442,10.6667,0.397333,9.14183,14.6589
5.703,1.452,1.357,1.411,10.6667,0.32751,22.6092,12.9464
11.669,1.643,1.42,7.208,10.6667,0,1.26388,23.7259
11.404,1.502,1.392,7.079,10.6667,0,3.20846,20.812
6.164,1.794,1.345,1.473,10.6667,0.240097,77.2089,13.8301
11.36,1.339,1.335,7.208,10.6667,0.00147916,1.83713,13.1119
5.729,1.45,1.365,1.446,10.6667,0.475067,31.3198,3.09139
7.048,1.393,1.343,2.821,10.6667,0.962745,2.44188,2.23193
6.929,1.215,1.338,2.897,10.6667,2.26,3.23461,2.20062
7.383,1.726,1.369,2.821,10.6667,0.881016,4.78018,1.68709
11.411,1.492,1.391,7.095,10.6667,0,0.110132,2.18929
5.765,1.422,1.342,1.487,10.6667,0.694931,2.69755,0.545504
5.677,1.334,1.355,1.479,10.6667,0.0879117,7.0579,2.98443
8.836,1.487,1.351,4.431,10.6667,2.56282,1.18244,2.59345
5.758,1.347,1.34,1.527,10.6667,0.603436,16.7638,5.52372
11.801,1.52,1.333,7.375,10.6667,2.96086,0.206428,5.34973
6.049,1.669,1.325,1.514,10.6667,0.926505,3.08698,1.85256
11.94,1.662,1.326,7.438,10.6667,0,0.106319,1.95688
6.026,1.564,1.335,1.532,10.6667,0.233961,3.70835,1.57026
9.006,1.586,1.349,4.52,10.6667,0.407023,0.83177,1.46214
11.678,1.44,1.331,7.46,10.6667,0,0.0429357,1.40226
10.357,1.396,1.369,6.039,10.6667,1.18547,0.263974,1.05454
11.753,1.398,1.377,7.512,10.6667,0,0.106452,1.48544
6.043,1.59,1.408,1.484,10.6667,0.306945,28.5666,3.82282
7.549,1.654,1.339,3.027,10.6667,0.0698021,1.63744,1.97978
5.722,1.359,1.333,1.505,10.6667,0.582016,13.5631,7.87433
5.804,1.394,1.341,1.504,10.6667,0.938572,6.75791,2.90665
5.957,1.646,1.329,1.435,10.6667,0.612217,2.50751,2.39987
11.547,1.341,1.342,7.382,10.6667,0.356589,0.19225,2.98903
11.631,1.268,1.357,7.479,10.6667,0.418454,1.6461,21.1159
5.758,1.333,1.339,1.546,10.6667,0.275064,141.723,46.7581
11.961,1.369,1.402,7.633,10.6667,0,3.37974,57.5859
5.953,1.371,1.429,1.57,10.6667,0.138633,91.4579,35.7829
12.35,1.709,1.358,7.678,10.6667,0.213477,4.98824,40.7213
12.207,1.468,1.339,7.774,10.6667,0,2.5929,40.4515
12.476,1.421,1.418,8.061,10.6667,0,3.8464,30.6866
7.718,1.587,1.342,3.175,10.6667,0.132274,35.9638,28.4083
12.344,1.608,1.37,7.753,10.6667,0.947663,3.99545,28.5908
12.397,1.533,1.343,8.007,10.6667,0,3.02208,27.8024
12.381,1.374,1.37,8.007,10.6667,1.09008,2.99003,21.6686
6.195,1.487,1.513,1.553,10.6667,0.418884,47.807,11.7349
12.4,1.517,1.33,7.944,10.6667,3.41648,0.512338,10.3897
12.363,1.784,1.341,7.581,10.6667,0,1.8667,22.65
6.148,1.517,1.363,1.587,10.6667,0.378144,43.6371,5.31127
5.873,1.493,1.327,1.476,10.6667,0.320862,4.7374,2.83434
7.247,1.402,1.302,3.022,10.6667,1.46858,1.28757,1.07567
8.68,1.393,1.309,4.504,10.6667,1.20746,0.251114,1.0972
10.326,1.565,1.299,5.983,10.6667,2.49932,0.238346,1.68893
11.809,1.415,1.299,7.619,10.6667,0,0.365611,7.91727
5.656,1.428,1.298,1.434,10.6667,0.352709,9.24299,1.08567
5.545,1.306,1.297,1.432,10.6667,0.324821,63.317,12.2164
5.783,1.463,1.377,1.481,10.6667,0.652859,12.3393,4.02089
8.613,1.333,1.384,4.407,10.6667,1.73132,1.76029,4.96856
6.021,1.548,1.374,1.521,10.6667,0.128355,2.69753,4.19141
11.918,1.471,1.302,7.578,10.6667,1.24094,0.371935,6.87184
12.084,1.747,1.307,7.462,10.6667,0,0.515631,8.63255
5.921,1.439,1.319,1.577,10.6667,0.470458,26.0844,0.526473
9.033,1.462,1.318,4.645,10.6667,1.29306,0.390834,0.581994
7.601,1.48,1.412,3.111,10.6667,0.312908,0.378017,0.849426
9.157,1.503,1.366,4.699,10.6667,1.32824,0.46284,1.19349
7.676,1.638,1.315,3.091,10.6667,0.167902,0.578535,1.30656
6.024,1.551,1.355,1.583,10.6667,0.382974,10.7441,4.07674
5.868,1.5,1.317,1.507,10.6667,0.315636,8.18975,3.57961
7.219,1.351,1.389,2.922,10.6667,0.970427,1.97007,1.0809
5.654,1.284,1.327,1.49,10.6667,0.0350121,6.92168,5.24215
5.758,1.327,1.386,1.512,10.6667,0.386699,10.0271,3.49919
5.721,1.357,1.309,1.538,10.6667,0.172127,2.19647,5.57662
5.991,1.561,1.31,1.533,10.6667,0.164076,3.67666,2.59544
9.024,1.573,1.317,4.564,10.6667,0.35868,1.15249,2.80241
6.088,1.502,1.417,1.555,10.6667,1.25598,2.22384,1.18723
12.058,1.47,1.374,7.704,10.6667,0,0.406727,5.13053
6.154,1.475,1.333,1.708,10.6667,0.391702,23.2531,1.08461
6.408,1.73,1.35,1.591,10.6667,0.228078,1.89115,1.21457
6.168,1.592,1.327,1.623,10.6667,0.544127,4.91376,4.53037
6.33,1.855,1.317,1.528,10.6667,1.62376,1.91964,1.37004
6.046,1.574,1.32,1.562,10.6667,0.784253,0.846581,0.540074
11.963,1.587,1.309,7.576,10.6667,0,0.0302664,0.787509
6.14,1.553,1.318,1.652,10.6667,0.508523,5.3897,0.967857
9.658,1.647,1.516,4.789,10.6667,1.32197,0.628959,0.279898
9.485,1.645,1.46,4.651,10.6667,2.24456,0.684228,1.01087
9.507,1.56,1.332,4.961,10.6667,1.41747,0.329497,0.91063
9.538,1.587,1.408,4.836,10.6667,0.811296,0.329516,0.920104
6.305,1.589,1.358,1.673,10.6667,0.397044,0.515564,0.534837
11.358,1.568,1.427,6.643,10.6667,4.59264,0.0871628,0.403631
8.001,1.603,1.481,3.207,10.6667,1.73177,0.143524,0.138059
12.686,1.583,1.486,7.882,10.6667,3.18946,0.0200411,0.325663
9.537,1.564,1.496,4.77,10.6667,1.2095,0.139268,0.440257
6.088,1.542,1.358,1.559,10.6667,1.16656,0.715632,0.62143
6.258,1.506,1.504,1.585,10.6667,0.667297,1.05624,0.70362
6.276,1.582,1.357,1.712,10.6667,0.622067,0.538427,0.467441
6.171,1.543,1.412,1.561,10.6667,0.688761,3.62788,0.607756
6.423,1.498,1.357,1.657,10.6667,0.619301,0.503755,0.576828
6.202,1.471,1.36,1.732,10.6667,0.193901,0.345122,0.603534
6.194,1.481,1.378,1.617,10.6667,1.74077,1.30356,0.863423
6.034,1.482,1.346,1.582,10.6667,0.76409,7.08969,0.297888
12.109,1.443,1.391,7.712,10.6667,0,0.0149914,0.385308
9.417,1.666,1.436,4.666,10.6667,0.979113,0.423836,0.481048
6.161,1.494,1.37,1.647,10.6667,0.537894,2.954,0.491221
12.569,1.478,1.359,8.047,10.6667,0,0.0125861,0.30188
6.311,1.596,1.429,1.587,10.6667,0.405644,2.2873,0.51292
9.561,1.708,1.366,4.845,10.6667,0.527297,0.407645,0.511386
6.22,1.447,1.463,1.616,10.6667,1.16996,0.267722,0.236332
6.303,1.551,1.345,1.713,10.6667,0.73557,5.24978,0.386078
9.566,1.675,1.381,4.777,10.6667,1.46194,0.50475,1.19699
5.956,1.389,1.348,1.582,10.6667,1.46854,1.44982,0.206298
7.773,1.543,1.461,3.168,10.6667,1.05797,1.06315,0.307115
12.299,1.419,1.437,7.813,10.6667,0,0.024169,0.627777
8.053,1.645,1.423,3.341,10.6667,0.166172,1.38267,0.844589
9.413,1.568,1.424,4.79,10.6667,0.569613,0.478038,0.711297
6.22,1.582,1.358,1.636,10.6667,1.08489,1.63546,0.928561
9.294,1.523,1.474,4.675,10.6667,0.279284,0.372026,1.44181
6.268,1.452,1.363,1.808,10.6667,0.116786,3.35535,2.13813
7.702,1.404,1.362,3.294,10.6667,1.52528,0.631778,1.19449
9.69,1.612,1.385,4.984,10.6667,0.576343,0.284495,1.52976
7.696,1.577,1.326,3.164,10.6667,0.21635,1.00432,1.4695
6.118,1.408,1.377,1.745,10.6667,0.1379,5.97812,4.72585
6.062,1.503,1.34,1.584,10.6667,0.0821169,4.17839,4.46132
11.839,1.447,1.387,7.493,10.6667,0,0.3574,4.6139
6.098,1.547,1.354,1.581,10.6667,0.031679,11.5309,5.29368
7.636,1.456,1.305,3.263,10.6667,0.109428,14.0308,7.56992
6.044,1.585,1.367,1.535,10.6667,0.174424,23.7281,16.0533
7.297,1.432,1.399,2.924,10.6667,0.0833593,3.10552,5.98823
5.776,1.361,1.309,1.546,10.6667,0.621517,8.86114,0.925759
12.017,1.509,1.309,7.696,10.6667,0,0.0853554,2.08585
8.92,1.431,1.359,4.589,10.6667,0.334467,0.768946,1.16362
10.61,1.68,1.336,5.995,10.6667,0.406902,0.60878,1.55916
12.438,2.045,1.301,7.591,10.6667,0,0.0598132,0.975806
7.54,1.687,1.315,3.033,10.6667,0.233471,2.09213,1.31185
6.04,1.564,1.38,1.536,10.6667,0.192436,5.56333,1.93572
8.818,1.61,1.303,4.322,10.6667,2.28935,0.401039,0.638937
5.945,1.476,1.495,1.466,10.6667,0.463257,10.9744,4.22013
5.724,1.435,1.307,1.473,10.6667,0.513192,11.3077,1.6753
9.295,1.545,1.453,4.727,10.6667,0.624881,1.91,3.02967
10.328,1.277,1.352,6.162,10.6667,0.530226,0.517926,1.73506
8.957,1.482,1.407,4.495,10.6667,1.03485,4.47851,3.806
12.324,1.615,1.403,7.843,10.6667,0,1.31232,20.9802
5.76,1.335,1.382,1.501,10.6667,0.337116,46.9162,4.90807
10.44,1.378,1.34,6.103,10.6667,0.782028,5.5693,7.69569
7.273,1.372,1.379,2.949,10.6667,0.215681,17.1637,12.3958
5.851,1.344,1.431,1.56,10.6667,0.513342,40.4536,8.00427
6.025,1.52,1.336,1.529,10.6667,0.772316,12.8786,0.712356
5.714,1.263,1.4,1.544,10.6667,0.434893,0.722735,1.12136
7.404,1.477,1.313,3.076,10.6667,0.172774,1.59435,3.36311
11.681,1.521,1.305,7.337,10.6667,0,0.376423,6.21625
9.073,1.74,1.353,4.399,10.6667,0.045894,2.87487,3.95867
10.524,1.683,1.316,5.944,10.6667,0.108495,0.360086,1.36068
12.016,1.576,1.365,7.578,10.6667,0,0.1355,3.42181
7.198,1.289,1.407,2.971,10.6667,0.562783,1.50651,0.833325
11.642,1.493,1.326,7.235,10.6667,5.2791,0.14065,1.04579
11.636,1.489,1.426,7.246,10.6667,0,0.128906,3.21288
5.734,1.401,1.316,1.496,10.6667,0.100299,4.13166,2.94941
5.81,1.47,1.335,1.52,10.6667,0.0263124,17.6033,8.89099
7.38,1.648,1.3,2.881,10.6667,0.124425,2.90003,5.84665
5.928,1.541,1.325,1.569,10.6667,1.05861,11.5281,4.49454
9.307,1.619,1.391,4.584,10.6667,0.0975374,3.78526,7.83677
10.381,1.508,1.369,5.918,10.6667,1.88846,1.08826,5.41053
5.879,1.388,1.334,1.605,10.6667,0.664674,8.21387,3.61544
6.013,1.513,1.354,1.542,10.6667,1.50028,1.07004,0.39836
11.799,1.467,1.332,7.546,10.6667,0,0.0140556,0.417113
7.199,1.277,1.341,3.057,10.6667,0.408766,0.444007,0.426139
10.274,1.417,1.338,6.02,10.6667,0.975357,4.53685,6.4448
11.955,1.62,1.335,7.484,10.6667,0,0.631726,9.9385
5.85,1.441,1.345,1.506,10.6667,0.414334,23.486,1.18322
10.111,1.379,1.353,5.887,10.6667,0.0887643,13.1871,26.7725
10.309,1.659,1.305,5.836,10.6667,1.12462,6.03683,18.9987
7.653,1.536,1.341,2.975,10.6667,0.396116,28.3947,20.4379
11.429,1.323,1.303,7.356,10.6667,0,0.899585,15.6629
11.913,1.477,1.482,7.449,10.6667,0.0415711,2.32249,19.458
5.831,1.414,1.305,1.609,10.6667,0.204964,32.2815,14.5829
10.482,1.455,1.372,6.02,10.6667,4.09522,1.85996,6.90811
7.469,1.54,1.32,2.991,10.6667,0.0678663,4.1848,7.35889
11.276,1.353,1.329,7.136,10.6667,0,0.199068,4.04387
11.676,1.364,1.325,7.463,10.6667,0.350275,0.253019,2.96683
11.769,1.45,1.319,7.494,10.6667,1.6088,0.254456,2.81965
11.599,1.468,1.357,7.263,10.6667,3.94029,0.115347,2.634
11.437,1.261,1.416,7.341,10.6667,0,0.117997,3.0203
10.558,1.476,1.432,6.068,10.6667,0.367554,0.673949,2.49299
7.326,1.442,1.36,2.951,10.6667,0.081055,2.50906,2.58855
8.949,1.639,1.35,4.367,10.6667,2.36323,3.56406,4.49788
11.389,1.551,1.303,7.086,10.6667,0,0.437484,12.204
10.292,1.587,1.308,5.898,10.6667,0.640364,3.86442,10.4775
10.363,1.675,1.346,5.891,10.6667,0.0621124,11.2851,23.3022
11.574,1.486,1.3,7.339,10.6667,0,1.30563,21.0804
11.5,1.511,1.332,7.111,10.6667,1.2445,2.53191,17.0349
8.506,1.451,1.32,4.261,10.6667,0.294742,15.1317,16.3764
11.33,1.434,1.313,7.17,10.6667,0,0.672745,10.814
8.589,1.391,1.349,4.341,10.6667,0.130331,22.9923,20.5379
11.296,1.387,1.297,7.14,10.6667,0,4.08003,30.7341
7.403,1.731,1.335,2.803,10.6667,0.10577,51.8927,27.5897
11.605,1.613,1.313,7.224,10.6667,1.11396,3.6597,25.4037
5.796,1.44,1.353,1.554,10.6667,0.72331,32.5681,6.49145
11.778,1.458,1.321,7.443,10.6667,0,0.354031,7.43665
11.986,1.563,1.353,7.425,10.6667,0.893052,1.55333,11.1991
5.988,1.634,1.318,1.475,10.6667,0.103649,56.4225,21.3827
6.01,1.759,1.353,1.419,10.6667,0.600252,39.1369,14.4638
5.705,1.351,1.373,1.521,10.6667,0.657667,19.1827,2.52848
7.316,1.512,1.397,2.901,10.6667,0.986194,5.83035,4.73262
10.467,1.417,1.331,6.196,10.6667,2.10408,2.5367,4.87861
7.291,1.432,1.389,2.942,10.6667,0.813815,1.94792,2.73121
6.01,1.591,1.375,1.492,10.6667,0.720746,13.4963,10.5643
5.814,1.402,1.31,1.552,10.6667,0.0344592,8.33473,10.5847
5.641,1.371,1.314,1.461,10.6667,0.797931,21.4173,1.26716
5.788,1.423,1.308,1.521,10.6667,0.273474,0.640834,1.08696
7.463,1.633,1.393,2.898,10.6667,0.286459,0.471872,1.0101
6.082,1.594,1.437,1.491,10.6667,0.444804,42.1634,16.8094
7.319,1.498,1.335,2.951,10.6667,0.559157,3.67742,5.36831
5.893,1.577,1.332,1.475,10.6667,0.243911,14.5697,9.07147
10.466,1.402,1.404,6.062,10.6667,1.93456,2.37999,5.5654
5.947,1.535,1.313,1.556,10.6667,0.896467,4.70985,5.21578
5.878,1.506,1.428,1.453,10.6667,0.829495,27.1422,3.99409
5.938,1.566,1.328,1.534,10.6667,0.649598,42.7946,7.33794
7.162,1.432,1.468,2.729,10.6667,0.5382,17.9532,13.9371
5.516,1.294,1.3,1.497,10.6667,1.00783,13.2411,2.43537
7.208,1.344,1.392,2.946,10.6667,0.248195,2.44974,3.00988
11.502,1.513,1.448,7.068,10.6667,0,0.0680955,1.92137
11.957,1.396,1.353,7.638,10.6667,0.437664,0.117545,1.91106
11.93,1.58,1.369,7.455,10.6667,0,0.115137,1.91551
9.041,1.442,1.375,4.658,10.6667,0.352189,1.03592,1.96862
10.344,1.354,1.458,5.962,10.6667,1.28355,0.867682,1.54863
8.716,1.291,1.355,4.527,10.6667,2.66914,0.899596,1.55922
5.87,1.399,1.373,1.508,10.6667,1.4296,6.82689,1.46944
10.187,1.385,1.394,5.902,10.6667,0.808461,0.223554,1.35254
11.793,1.401,1.357,7.457,10.6667,1.56039,0.255785,5.10118
5.912,1.458,1.402,1.509,10.6667,0.390283,42.4846,19.2349
5.666,1.332,1.38,1.442,10.6667,1.15558,9.55332,2.01752
10.256,1.322,1.367,6.065,10.6667,2.31587,0.265079,1.70969
6.094,1.708,1.377,1.468,10.6667,0.711946,149.457,23.9912
7.179,1.271,1.353,3.014,10.6667,1.8784,8.31712,2.06638
5.84,1.371,1.362,1.551,10.6667,0.786436,0.654874,0.763188
7.554,1.524,1.404,3.071,10.6667,0.766494,3.34161,3.87458
5.706,1.342,1.406,1.442,10.6667,0.996192,18.7551,2.0399
11.52,1.515,1.301,7.28,10.6667,0,0.0950008,2.08486
5.529,1.218,1.367,1.505,10.6667,0.060489,70.5117,29.0298
5.737,1.457,1.3,1.473,10.6667,0.650064,23.3238,1.09153
11.559,1.318,1.415,7.409,10.6667,0,0.0466518,0.988095
6.045,1.552,1.405,1.522,10.6667,0.206987,11.7492,3.50131
10.543,1.613,1.376,6.034,10.6667,1.51905,4.47792,9.04301
9.028,1.555,1.378,4.516,10.6667,0.979778,5.80352,15.3597
11.779,1.461,1.363,7.501,10.6667,0,0.643933,15.5227
5.892,1.405,1.368,1.586,10.6667,0.380684,48.1309,3.05349
7.693,1.542,4.596,0,10.6667,0,0,3.05349
6.06,1.522,1.368,1.523,10.6667,0.319382,41.1999,8.9861
5.59,1.368,1.303,1.449,10.6667,0.35125,12.13,5.16005
6.162,1.719,1.42,1.523,10.6667,0.886659,6.13887,2.04126
8.748,1.505,1.334,4.416,10.6667,0.0810516,5.90789,8.85716
12.299,1.58,1.304,7.717,10.6667,0.645828,1.21156,10.6134
7.438,1.622,1.327,2.946,10.6667,1.33905,5.66497,4.26924
11.829,1.445,1.325,7.634,10.6667,0,0.496134,7.34114
10.124,1.293,1.428,5.904,10.6667,0.950142,5.18308,5.37659
5.844,1.394,1.357,1.559,10.6667,0.445837,32.6497,1.88843
10.386,1.417,1.348,6.029,10.6667,0.0560325,0.720799,4.58789
11.829,1.43,1.385,7.559,10.6667,0,1.02251,14.0182
5.836,1.401,1.359,1.495,10.6667,0.183749,40.7434,11.5258
6.018,1.52,1.358,1.637,10.6667,0.348231,29.0582,5.58252
6.389,1.759,1.394,1.56,10.6667,0.302894,8.65291,4.4793
12.069,1.44,1.325,7.753,10.6667,0,0.252148,3.88098
6.182,1.549,1.355,1.65,10.6667,0.38489,10.3387,2.05667
6.181,1.56,1.408,1.596,10.6667,0.520877,2.40864,0.725379
11.821,1.557,1.361,7.363,10.6667,0,0.141615,3.09275
7.532,1.604,1.308,3.069,10.6667,0.0749179,0.809318,0.807065
6.281,1.651,1.566,1.473,10.6667,0.530368,22.7558,3.1956
8.757,1.422,1.432,4.379,10.6667,1.60447,0.728455,1.93494
10.098,1.337,1.362,5.925,10.6667,2.64562,0.615222,1.62081
5.786,1.384,1.307,1.548,10.6667,0.615669,26.8737,5.05944
5.729,1.344,1.361,1.526,10.6667,0.777664,16.3521,1.19275
11.427,1.469,1.297,7.186,10.6667,0,0.0279071,0.823068
5.838,1.421,1.328,1.509,10.6667,0.0602617,1.66162,1.23542
8.61,1.429,1.868,3.769,10.6667,0.373458,2.38222,2.19166
8.866,1.407,1.386,4.517,10.6667,0.967447,0.392714,1.59196
8.824,1.556,1.306,4.423,10.6667,3.32975,0.595739,0.509461
11.502,1.611,1.31,7.112,10.6667,0,0.050292,1.42678
6.144,1.516,1.407,1.504,10.6667,0.501866,6.0103,0.389194
6.078,1.53,1.43,1.55,10.6667,0.375719,7.56989,1.01391
6.151,1.687,1.299,1.546,10.6667,0.383973,1.18214,0.726574
6.035,1.49,1.412,1.541,10.6667,1.03779,0.502902,0.181235
8.779,1.481,1.332,4.375,10.6667,2.07013,0.329276,0.656067
5.89,1.52,1.328,1.493,10.6667,1.35476,5.43638,1.10725
5.67,1.266,1.393,1.505,10.6667,0.528681,23.1686,4.42222
11.53,1.472,1.309,7.245,10.6667,1.65684,0.674614,6.4704
6.312,1.594,1.544,1.614,10.6667,0.619916,17.9522,2.97877
7.363,1.486,1.371,2.927,10.6667,0.345182,2.11675,3.82392
6.039,1.551,1.471,1.524,10.6667,0.729579,4.35128,2.55833
5.945,1.5,1.307,1.577,10.6667,0.317544,1.41602,1.13784
6.162,1.469,1.43,1.592,10.6667,0.691034,3.78165,0.863946
10.827,1.695,1.334,6.189,10.6667,2.1958,0.18788,0.621579
11.763,1.468,1.332,7.399,10.6667,0.289004,0.0752969,2.17964
12.184,1.609,1.345,7.697,10.6667,0,0.133854,3.30397
6.127,1.718,1.302,1.531,10.6667,0.409858,9.94915,0.989753
8.762,1.393,1.3,4.476,10.6667,1.3899,0.58956,0.50577
6.013,1.542,1.381,1.526,10.6667,0.438331,27.0139,8.83889
5.889,1.492,1.309,1.533,10.6667,0.461814,18.9522,7.45188
7.402,1.415,1.331,3.092,10.6667,1.22224,12.0726,3.70504
9.201,1.484,1.344,4.762,10.6667,1.99492,2.27424,0.949206
12.439,1.564,1.378,7.788,10.6667,1.71402,0.0315961,0.624054
9.339,1.584,1.371,4.718,10.6667,0.530483,1.13291,1.76681
7.79,1.657,1.325,3.141,10.6667,0.574117,1.02897,0.929781
10.65,1.481,1.322,6.273,10.6667,0.488449,0.259182,1.34983
5.886,1.312,1.394,1.554,10.6667,0.496447,11.9395,5.88312
5.951,1.357,1.329,1.682,10.6667,0.579436,13.8361,5.24133
6.226,1.542,1.362,1.555,10.6667,0.653561,2.05172,2.22551
9.343,1.665,1.334,4.722,10.6667,0.01193,1.47757,3.01481
6.167,1.524,1.411,1.579,10.6667,0.63482,36.2454,2.71519
9.269,1.497,1.33,4.838,10.6667,0.483434,1.97831,3.00268
6.044,1.452,1.328,1.578,10.6667,0.554669,4.42023,1.02256
6.114,1.594,1.323,1.568,10.6667,0.640223,1.2331,1.41317
12.28,1.48,1.452,7.806,10.6667,0,0.0488437,1.06794
10.704,1.474,1.434,6.226,10.6667,0.516467,1.33106,2.18653
12.577,1.562,1.339,8.125,10.6667,0,0.392443,3.16303
12.291,1.665,1.349,7.649,10.6667,0.298751,0.418819,3.16947
7.608,1.522,1.383,3.065,10.6667,0.0450956,5.51151,4.21565
10.499,1.616,1.302,6.018,10.6667,0.0667667,1.48947,5.78281
10.713,1.602,1.311,6.217,10.6667,1.40033,0.66364,2.28023
6.258,1.524,1.368,1.766,10.6667,0.344955,10.52,5.69689
5.8,1.377,1.317,1.527,10.6667,0.103636,21.7275,11.6385
5.952,1.406,1.375,1.601,10.6667,0.812234,29.7683,1.24684
10.943,1.521,1.34,6.416,10.6667,0.160556,1.55734,5.19379
9.339,1.612,1.325,4.761,10.6667,1.14556,1.78334,1.9489
12.438,1.592,1.333,7.903,10.6667,0.744603,0.17673,2.65768
10.734,1.507,1.335,6.249,10.6667,0.692884,0.269614,1.83349
9.008,1.588,1.329,4.492,10.6667,0.553198,3.03283,4.85147
11.967,1.607,1.346,7.438,10.6667,0,0.487911,7.81305
7.37,1.394,1.351,3.014,10.6667,0.396041,11.9724,2.64604
12.28,1.703,1.344,7.67,10.6667,0.840937,0.235287,1.97413
