Optimisation time (ms),num dofs,% derivs,derivs time (ms),BP time (ms),FP time (ms),surprise,expected,new cost
4.973,0,21.25,2.505,0.619,0.993,0,0,0
4.823,0,21.25,2.479,0.597,0.926,0,0,0
4.937,0,21.25,2.483,0.619,0.955,0,0,0
5.102,0,21.25,2.579,0.626,1.008,0,0,0
10.12,0,21.25,3.155,2.082,3.976,0,0,0
4.99,0,21.25,2.495,0.641,0.924,0,0,0
4.576,0,21.25,1.961,0.63,1.105,0,0,0
4.251,0,21.25,1.858,0.619,0.937,0,0,0
4.515,0,21.25,2.188,0.632,0.848,0,0,0
4.438,0,21.25,2.122,0.625,0.848,0,0,0
10.083,0,21.25,2.531,1.315,5.336,0,0,0
4.242,0,21.25,1.896,0.634,0.871,0,0,0
4.145,0,21.25,1.8,0.623,0.919,0,0,0
4.262,0,21.25,1.957,0.576,0.899,0,0,0
4.602,0,21.25,1.986,0.615,1.178,0,0,0
4.236,0,21.25,2.036,0.623,0.809,0,0,0
9.397,0,21.25,2.669,1.857,4.067,0,0,0
4.475,0,21.25,2,0.658,0.946,0,0,0
4.535,0,21.25,2.199,0.617,0.887,0,0,0
4.417,0,21.25,2.135,0.632,0.839,0,0,0
4.644,0,21.25,2.213,0.621,0.945,0,0,0
4.786,0,21.25,2.433,0.597,0.925,0,0,0
9.226,0,21.25,3.954,2.083,2.376,0,0,0
4.444,0,21.25,2.033,0.637,0.893,0,0,0
4.434,0,21.25,2.106,0.62,0.854,0,0,0
4.212,0,21.25,1.953,0.619,0.846,0,0,0
4.418,0,21.25,1.968,0.606,1.016,0,0,0
4.177,0,21.25,1.846,0.616,0.91,0,0,0
9.661,0,21.25,2.557,1.953,4.284,0,0,0
4.361,0,21.25,2.026,0.633,0.868,0,0,0
4.26,0,21.25,1.969,0.619,0.839,0,0,0
4.15,0,21.25,1.871,0.648,0.89,0,0,0
4.464,0,21.25,2.224,0.617,0.828,0,0,0
4.455,0,21.25,2.112,0.628,0.876,0,0,0
9.891,0,21.25,2.634,1.903,4.454,0,0,0
4.795,0,21.25,2.24,0.634,1.064,0,0,0
4.895,0,21.25,2.51,0.62,0.941,0,0,0
4.14,0,21.25,1.804,0.624,0.93,0,0,0
4.242,0,21.25,1.963,0.626,0.867,0,0,0
4.257,0,21.25,1.862,0.619,0.971,0,0,0
10.317,0,21.25,2.687,1.592,5.248,0,0,0
4.477,0,21.25,2.05,0.634,0.937,0,0,0
4.352,0,21.25,2.074,0.62,0.841,0,0,0
4.262,0,21.25,1.793,0.622,0.909,0,0,0
4.312,0,21.25,2.018,0.616,0.894,0,0,0
4.359,0,21.25,1.98,0.618,0.929,0,0,0
10.561,0,21.25,3.119,1.948,4.592,0,0,0
4.716,0,21.25,2.218,0.64,0.96,0,0,0
4.766,0,21.25,2.039,0.632,1.138,0,0,0
4.153,0,21.25,1.779,0.619,0.918,0,0,0
4.128,0,21.25,1.823,0.632,0.875,0,0,0
4.671,0,21.25,2.028,0.617,1.197,0,0,0
9.588,0,21.25,2.581,1.753,4.416,0,0,0
4.271,0,21.25,1.966,0.633,0.872,0,0,0
4.088,0,21.25,1.817,0.631,0.855,0,0,0
4.018,0,21.25,1.731,0.605,0.885,0,0,0
4.132,0,21.25,1.82,0.608,0.904,0,0,0
4.185,0,21.25,1.849,0.62,0.892,0,0,0
9.889,0,21.25,2.362,1.6,4.71,0,0,0
4.66,0,21.25,2.134,0.641,0.914,0,0,0
4.29,0,21.25,2.015,0.618,0.87,0,0,0
4.216,0,21.25,1.885,0.622,0.871,0,0,0
4.213,0,21.25,1.962,0.621,0.9,0,0,0
4.216,0,21.25,1.888,0.595,0.919,0,0,0
8.274,0,21.25,2.372,0.757,4.2,0,0,0
5.118,0,21.25,2.38,0.935,0.918,0,0,0
4.612,0,21.25,2.169,0.589,0.977,0,0,0
4.57,0,21.25,2.113,0.632,0.985,0,0,0
4.262,0,21.25,1.879,0.623,0.904,0,0,0
10.611,0,21.25,2.774,2.005,4.959,0,0,0
4.509,0,21.25,2.021,0.665,0.972,0,0,0
4.466,0,21.25,2.114,0.631,0.898,0,0,0
4.73,0,21.25,2.243,0.69,0.929,0,0,0
4.816,0,21.25,2.349,0.676,0.941,0,0,0
4.796,0,21.25,2.045,0.969,0.944,0,0,0
8.978,0,21.25,2.428,1.531,4.133,0,0,0
4.776,0,21.25,2.281,0.632,0.954,0,0,0
4.455,0,21.25,2.039,0.623,0.917,0,0,0
4.629,0,21.25,2.04,0.621,1.087,0,0,0
4.681,0,21.25,2.134,0.646,1.005,0,0,0
4.429,0,21.25,2.025,0.617,0.897,0,0,0
10.693,0,21.25,2.867,1.894,4.474,0,0,0
4.708,0,21.25,2.204,0.633,0.975,0,0,0
4.497,0,21.25,2.1,0.625,0.903,0,0,0
4.279,0,21.25,1.951,0.611,0.858,0,0,0
4.395,0,21.25,2.049,0.624,0.901,0,0,0
4.554,0,21.25,2.085,0.621,0.976,0,0,0
10.467,0,21.25,2.606,1.772,5.212,0,0,0
4.48,0,21.25,2.046,0.637,0.921,0,0,0
4.333,0,21.25,1.925,0.625,0.931,0,0,0
4.264,0,21.25,1.932,0.622,0.859,0,0,0
4.293,0,21.25,1.914,0.621,0.98,0,0,0
4.273,0,21.25,1.936,0.605,0.949,0,0,0
9.997,0,21.25,2.522,2.054,4.091,0,0,0
4.308,0,21.25,2.075,0.644,0.811,0,0,0
4.253,0,21.25,1.853,0.648,0.869,0,0,0
4.25,0,21.25,1.868,0.646,0.921,0,0,0
4.277,0,21.25,1.958,0.604,0.884,0,0,0
4.191,0,21.25,1.88,0.628,0.853,0,0,0
9.588,0,21.25,2.28,1.423,4.907,0,0,0
4.09,0,21.25,1.725,0.641,0.933,0,0,0
4.128,0,21.25,1.894,0.615,0.857,0,0,0
4.092,0,21.25,1.82,0.62,0.838,0,0,0
4.265,0,21.25,2.016,0.628,0.812,0,0,0
4.258,0,21.25,1.94,0.633,0.879,0,0,0
9.548,0,21.25,2.12,0.697,5.891,0,0,0
4.638,0,21.25,2.293,0.637,0.882,0,0,0
4.517,0,21.25,2.199,0.618,0.86,0,0,0
4.811,0,21.25,2.085,0.63,1.221,0,0,0
4.623,0,21.25,2.2,0.67,0.937,0,0,0
4.77,0,21.25,2.329,0.623,0.893,0,0,0
10.439,0,21.25,2.906,1.973,4.714,0,0,0
4.592,0,21.25,2.27,0.71,0.826,0,0,0
4.686,0,21.25,2.207,0.637,1.075,0,0,0
4.846,0,21.25,2.415,0.613,0.9,0,0,0
4.495,0,21.25,2.175,0.62,0.871,0,0,0
4.485,0,21.25,2.167,0.62,0.882,0,0,0
9.404,0,21.25,2.542,1.774,4.259,0,0,0
4.592,0,21.25,2.185,0.634,0.931,0,0,0
3.954,0,21.25,1.763,0.64,0.828,0,0,0
4.097,0,21.25,1.838,0.621,0.834,0,0,0
4.108,0,21.25,1.929,0.617,0.784,0,0,0
3.994,0,21.25,1.78,0.622,0.859,0,0,0
8.947,0,21.25,2.304,1.305,4.441,0,0,0
4.145,0,21.25,1.86,0.647,0.843,0,0,0
4.012,0,21.25,1.794,0.623,0.813,0,0,0
4.127,0,21.25,1.835,0.621,0.851,0,0,0
4.461,0,21.25,1.908,0.643,0.884,0,0,0
3.976,0,21.25,1.76,0.598,0.849,0,0,0
10.099,0,21.25,2.476,1.635,5.142,0,0,0
4.577,0,21.25,1.994,0.776,0.921,0,0,0
4.647,0,21.25,2.037,0.63,1.046,0,0,0
4.423,0,21.25,1.922,0.722,0.915,0,0,0
4.081,0,21.25,1.8,0.605,0.867,0,0,0
4.127,0,21.25,1.823,0.621,0.87,0,0,0
9.884,0,21.25,2.431,1.442,5.166,0,0,0
4.744,0,21.25,2.133,0.649,1.089,0,0,0
4.192,0,21.25,1.878,0.613,0.891,0,0,0
4.188,0,21.25,2.033,0.617,0.778,0,0,0
4.724,0,21.25,1.834,0.615,1.491,0,0,0
3.9,0,21.25,1.682,0.577,0.887,0,0,0
8.75,0,21.25,2.35,1.07,4.487,0,0,0
4.178,0,21.25,1.816,0.647,0.92,0,0,0
4.102,0,21.25,1.847,0.602,0.863,0,0,0
4.247,0,21.25,2.109,0.615,0.782,0,0,0
4.112,0,21.25,1.879,0.614,0.888,0,0,0
4.166,0,21.25,1.989,0.576,0.854,0,0,0
8.537,0,21.25,2.335,1.324,4.047,0,0,0
4.268,0,21.25,1.979,0.632,0.845,0,0,0
4.269,0,21.25,2.034,0.618,0.812,0,0,0
4.029,0,21.25,1.812,0.619,0.858,0,0,0
4.023,0,21.25,1.789,0.597,0.893,0,0,0
4.359,0,21.25,2.088,0.713,0.811,0,0,0
9.955,0,21.25,2.292,1.058,5.828,0,0,0
4.069,0,21.25,1.819,0.63,0.831,0,0,0
4.089,0,21.25,1.828,0.613,0.893,0,0,0
4.361,0,21.25,1.749,0.607,1.151,0,0,0
4.146,0,21.25,1.954,0.608,0.817,0,0,0
4.043,0,21.25,1.83,0.618,0.82,0,0,0
9.909,0,21.25,2.367,1.135,5.642,0,0,0
4.279,0,21.25,1.995,0.622,0.869,0,0,0
4.108,0,21.25,1.896,0.622,0.824,0,0,0
4.545,0,21.25,2.235,0.62,0.903,0,0,0
3.996,0,21.25,1.741,0.617,0.879,0,0,0
4.453,0,21.25,2.038,0.617,0.986,0,0,0
8.876,0,21.25,2.134,1.353,4.52,0,0,0
4.087,0,21.25,1.764,0.667,0.87,0,0,0
4.416,0,21.25,1.901,0.62,1.074,0,0,0
4.088,0,21.25,1.83,0.619,0.833,0,0,0
4.246,0,21.25,1.88,0.63,0.873,0,0,0
4.042,0,21.25,1.756,0.618,0.86,0,0,0
9.296,0,21.25,2.242,1.22,5.003,0,0,0
4.203,0,21.25,1.845,0.618,0.852,0,0,0
4.142,0,21.25,1.909,0.624,0.832,0,0,0
4.123,0,21.25,1.838,0.621,0.891,0,0,0
4.243,0,21.25,1.999,0.6,0.862,0,0,0
4.389,0,21.25,2.158,0.616,0.831,0,0,0
10.1,0,21.25,2.576,1.844,4.89,0,0,0
4.691,0,21.25,2.258,0.726,0.893,0,0,0
4.099,0,21.25,1.821,0.617,0.899,0,0,0
4.188,0,21.25,1.949,0.615,0.834,0,0,0
4.078,0,21.25,1.854,0.619,0.819,0,0,0
4.127,0,21.25,1.838,0.616,0.922,0,0,0
10.33,0,21.25,2.985,1.887,4.697,0,0,0
4.219,0,21.25,1.929,0.64,0.867,0,0,0
4.347,0,21.25,2.205,0.615,0.783,0,0,0
4.032,0,21.25,1.831,0.615,0.799,0,0,0
4.169,0,21.25,1.897,0.617,0.886,0,0,0
4.324,0,21.25,2.056,0.609,0.926,0,0,0
9.943,0,21.25,2.546,1.752,4.876,0,0,0
4.329,0,21.25,2.071,0.632,0.815,0,0,0
4.563,0,21.25,2.078,0.614,1.073,0,0,0
4.063,0,21.25,1.769,0.631,0.896,0,0,0
4.143,0,21.25,1.997,0.608,0.796,0,0,0
4.24,0,21.25,2.004,0.621,0.821,0,0,0
9.698,0,21.25,2.645,1.95,4.292,0,0,0
4.495,0,21.25,2.243,0.637,0.832,0,0,0
4.288,0,21.25,1.989,0.622,0.828,0,0,0
4.666,0,21.25,2.117,0.646,1.141,0,0,0
4.154,0,21.25,1.903,0.629,0.824,0,0,0
4.232,0,21.25,1.994,0.622,0.838,0,0,0
10.125,0,21.25,2.517,1.791,5.01,0,0,0
4.189,0,21.25,1.989,0.636,0.795,0,0,0
4.149,0,21.25,1.848,0.636,0.869,0,0,0
4.151,0,21.25,2.035,0.614,0.767,0,0,0
4.208,0,21.25,2.07,0.623,0.781,0,0,0
4.068,0,21.25,1.818,0.618,0.894,0,0,0
9.319,0,21.25,2.701,1.72,4.128,0,0,0
4.408,0,21.25,2.03,0.635,0.855,0,0,0
4.238,0,21.25,2.004,0.624,0.83,0,0,0
4.067,0,21.25,1.825,0.614,0.809,0,0,0
3.986,0,21.25,1.741,0.618,0.862,0,0,0
4.017,0,21.25,1.785,0.576,0.961,0,0,0
9.113,0,21.25,2.373,1.281,4.647,0,0,0
4.184,0,21.25,1.915,0.634,0.838,0,0,0
3.984,0,21.25,1.758,0.617,0.84,0,0,0
4.083,0,21.25,1.791,0.616,0.912,0,0,0
4.47,0,21.25,2.217,0.6,0.882,0,0,0
4.654,0,21.25,2.352,0.616,0.869,0,0,0
8.944,0,21.25,2.63,1.797,3.698,0,0,0
4.502,0,21.25,2.124,0.641,0.915,0,0,0
4.572,0,21.25,2.245,0.621,0.911,0,0,0
4.484,0,21.25,2.198,0.621,0.869,0,0,0
4.797,0,21.25,2.28,0.618,0.963,0,0,0
4.671,0,21.25,2.369,0.668,0.869,0,0,0
9.668,0,21.25,2.645,1.928,4.252,0,0,0
4.415,0,21.25,2.064,0.635,0.889,0,0,0
4.333,0,21.25,2.001,0.622,0.878,0,0,0
4.268,0,21.25,1.968,0.624,0.825,0,0,0
4.607,0,21.25,1.995,0.634,1.159,0,0,0
4.481,0,21.25,2.211,0.622,0.855,0,0,0
8.952,0,21.25,2.408,1.314,4.364,0,0,0
4.656,0,21.25,2.129,0.638,0.975,0,0,0
4.349,0,21.25,1.917,0.627,0.971,0,0,0
4.782,0,21.25,2.278,0.623,0.995,0,0,0
4.897,0,21.25,2.505,0.62,0.912,0,0,0
4.626,0,21.25,2.221,0.627,0.937,0,0,0
9.854,0,21.25,2.621,1.719,4.613,0,0,0
4.544,0,21.25,2.031,0.84,0.851,0,0,0
4.521,0,21.25,2.032,0.718,0.926,0,0,0
4.593,0,21.25,2.192,0.622,0.914,0,0,0
4.716,0,21.25,2.133,0.616,1.111,0,0,0
4.556,0,21.25,2.149,0.616,1.003,0,0,0
9.5,0,21.25,2.683,1.894,4.055,0,0,0
4.787,0,21.25,2.283,0.636,0.957,0,0,0
4.665,0,21.25,2.187,0.62,0.947,0,0,0
4.588,0,21.25,2.199,0.617,0.973,0,0,0
4.732,0,21.25,2.27,0.611,0.977,0,0,0
4.736,0,21.25,2.34,0.619,0.903,0,0,0
10.011,0,21.25,2.38,1.727,5.038,0,0,0
4.642,0,21.25,2.213,0.637,0.894,0,0,0
4.25,0,21.25,1.986,0.62,0.87,0,0,0
4.733,0,21.25,2.105,0.609,1.205,0,0,0
4.782,0,21.25,2.012,0.631,1.253,0,0,0
4.588,0,21.25,2.067,0.623,1.002,0,0,0
10.465,0,21.25,2.712,1.896,4.395,0,0,0
5.067,0,21.25,2.477,0.638,0.978,0,0,0
4.63,0,21.25,2.259,0.622,0.912,0,0,0
4.596,0,21.25,2.176,0.617,0.968,0,0,0
4.994,0,21.25,2.362,0.595,1.161,0,0,0
4.931,0,21.25,2.297,0.603,0.965,0,0,0
11.084,0,21.25,3.277,2.007,4.856,0,0,0
5.602,0,21.25,2.898,0.66,1.081,0,0,0
4.887,0,21.25,2.437,0.621,0.93,0,0,0
4.87,0,21.25,2.241,0.62,1.08,0,0,0
5.143,0,21.25,2.562,0.576,1.042,0,0,0
5.314,0,21.25,2.618,0.629,1.065,0,0,0
4.973,0,21.25,2.414,0.612,1.047,0,0,0
5.018,0,21.25,2.431,0.598,1.053,0,0,0
5.11,0,21.25,2.534,0.617,1.001,0,0,0
5.214,0,21.25,2.451,0.633,1.05,0,0,0
5.141,0,21.25,2.567,0.614,1.012,0,0,0
4.984,0,21.25,2.455,0.593,1.035,0,0,0
9.442,0,21.25,2.683,1.916,3.892,0,0,0
4.839,0,21.25,2.314,0.637,0.967,0,0,0
4.554,0,21.25,2.098,0.624,0.939,0,0,0
4.868,0,21.25,2.341,0.687,1,0,0,0
4.793,0,21.25,1.923,0.579,1.184,0,0,0
4.748,0,21.25,2.36,0.619,0.908,0,0,0
9.859,0,21.25,2.814,1.938,4.102,0,0,0
5.038,0,21.25,2.421,0.636,1.007,0,0,0
4.882,0,21.25,2.324,0.625,1.023,0,0,0
4.734,0,21.25,2.176,0.62,1.026,0,0,0
4.806,0,21.25,2.305,0.626,0.963,0,0,0
4.923,0,21.25,2.334,0.618,1.031,0,0,0
8.61,0,21.25,2.924,0.928,3.804,0,0,0
5.112,0,21.25,2.517,0.634,0.997,0,0,0
4.647,0,21.25,2.261,0.601,0.915,0,0,0
5.047,0,21.25,2.531,0.618,0.971,0,0,0
5.2,0,21.25,2.542,0.624,1.062,0,0,0
4.952,0,21.25,2.423,0.634,0.97,0,0,0
4.903,0,21.25,2.343,0.599,1.022,0,0,0
5.227,0,21.25,2.718,0.618,0.956,0,0,0
4.853,0,21.25,2.516,0.576,0.927,0,0,0
9.649,0,21.25,2.749,1.917,4.03,0,0,0
4.854,0,21.25,2.371,0.637,0.932,0,0,0
5.077,0,21.25,2.513,0.618,1.02,0,0,0
4.968,0,21.25,2.551,0.618,0.948,0,0,0
5.152,0,21.25,2.59,0.622,0.993,0,0,0
5.2,0,21.25,2.572,0.656,1.044,0,0,0
5.139,0,21.25,2.501,0.613,1.056,0,0,0
5.324,0,21.25,2.794,0.626,0.989,0,0,0
4.837,0,21.25,2.317,0.641,0.967,0,0,0
4.927,0,21.25,2.415,0.624,0.995,0,0,0
4.957,0,21.25,2.513,0.604,0.95,0,0,0
4.707,0,21.25,2.167,0.61,1.055,0,0,0
4.637,0,21.25,2.293,0.627,0.861,0,0,0
10.327,0,21.25,2.83,2.526,4.11,0,0,0
5.1,0,21.25,2.585,0.643,0.976,0,0,0
4.833,0,21.25,2.3,0.618,1.012,0,0,0
4.787,0,21.25,2.277,0.643,0.944,0,0,0
5.077,0,21.25,2.683,0.62,0.906,0,0,0
5.09,0,21.25,2.562,0.639,0.997,0,0,0
4.943,0,21.25,2.526,0.62,0.903,0,0,0
4.806,0,21.25,2.329,0.619,0.964,0,0,0
4.651,0,21.25,2.292,0.599,0.951,0,0,0
10.888,0,21.25,2.943,1.919,5.145,0,0,0
5.078,0,21.25,2.629,0.636,0.926,0,0,0
4.83,0,21.25,2.441,0.619,0.901,0,0,0
4.628,0,21.25,2.153,0.611,0.996,0,0,0
4.83,0,21.25,2.384,0.605,0.971,0,0,0
4.579,0,21.25,2.274,0.612,0.862,0,0,0
9.733,0,21.25,2.454,1.591,4.774,0,0,0
4.638,0,21.25,2.247,0.632,0.89,0,0,0
4.807,0,21.25,2.418,0.616,0.974,0,0,0
4.67,0,21.25,2.329,0.603,0.902,0,0,0
4.528,0,21.25,2.184,0.612,0.912,0,0,0
4.442,0,21.25,2.195,0.613,0.847,0,0,0
12.05,0,21.25,7.101,0.679,3.519,0,0,0
4.688,0,21.25,2.268,0.631,0.917,0,0,0
5.099,0,21.25,2.318,0.943,0.966,0,0,0
4.781,0,21.25,2.219,0.604,0.93,0,0,0
9.892,0,21.25,2.899,1.926,4.182,0,0,0
4.46,0,21.25,2.022,0.636,0.949,0,0,0
4.234,0,21.25,1.909,0.637,0.881,0,0,0
4.147,0,21.25,1.992,0.604,0.787,0,0,0
4.411,0,21.25,1.961,0.618,0.983,0,0,0
4.301,0,21.25,1.968,0.628,0.912,0,0,0
10.061,0,21.25,2.98,1.67,4.578,0,0,0
4.436,0,21.25,1.977,0.619,0.913,0,0,0
4.92,0,21.25,2.382,0.615,0.96,0,0,0
4.673,0,21.25,2.003,0.618,1.184,0,0,0
4.952,0,21.25,2.415,0.578,1.045,0,0,0
5,0,21.25,2.562,0.614,0.933,0,0,0
9.106,0,21.25,2.623,0.858,4.698,0,0,0
5.08,0,21.25,2.524,0.634,0.968,0,0,0
4.71,0,21.25,2.08,0.62,1.078,0,0,0
4.817,0,21.25,2.365,0.581,0.96,0,0,0
4.837,0,21.25,2.275,0.619,0.984,0,0,0
4.83,0,21.25,2.295,0.613,0.948,0,0,0
10.005,0,21.25,2.562,1.663,4.926,0,0,0
4.728,0,21.25,2.144,0.63,1.036,0,0,0
4.791,0,21.25,2.329,0.605,0.961,0,0,0
4.868,0,21.25,2.265,0.617,1.086,0,0,0
4.757,0,21.25,2.231,0.615,0.945,0,0,0
4.89,0,21.25,2.431,0.622,0.971,0,0,0
9.503,0,21.25,2.535,1.664,4.428,0,0,0
4.592,0,21.25,2.121,0.635,0.925,0,0,0
4.615,0,21.25,2.193,0.62,0.922,0,0,0
4.562,0,21.25,2.107,0.619,0.912,0,0,0
4.603,0,21.25,2.209,0.627,0.939,0,0,0
4.756,0,21.25,2.318,0.616,0.938,0,0,0
9.918,0,21.25,2.844,1.962,4.195,0,0,0
4.832,0,21.25,2.386,0.639,0.922,0,0,0
4.786,0,21.25,2.285,0.619,0.986,0,0,0
4.563,0,21.25,2.06,0.622,0.953,0,0,0
4.484,0,21.25,2.069,0.593,0.961,0,0,0
4.451,0,21.25,2.055,0.619,0.912,0,0,0
10.535,0,21.25,2.573,1.541,5.487,0,0,0
4.624,0,21.25,2.206,0.638,0.926,0,0,0
4.297,0,21.25,1.934,0.603,0.931,0,0,0
4.481,0,21.25,2.149,0.615,0.896,0,0,0
4.42,0,21.25,2.065,0.626,0.887,0,0,0
4.459,0,21.25,2.068,0.633,0.932,0,0,0
9.258,0,21.25,2.522,1.651,4.207,0,0,0
4.385,0,21.25,2.002,0.633,0.902,0,0,0
4.448,0,21.25,2.099,0.617,0.889,0,0,0
4.422,0,21.25,1.978,0.622,0.994,0,0,0
4.5,0,21.25,2.151,0.595,0.934,0,0,0
4.502,0,21.25,2.132,0.617,0.897,0,0,0
9.226,0,21.25,2.438,1.383,4.582,0,0,0
4.367,0,21.25,2.057,0.63,0.836,0,0,0
4.114,0,21.25,1.92,0.616,0.833,0,0,0
4.329,0,21.25,1.938,0.607,0.92,0,0,0
4.485,0,21.25,1.985,0.616,1.049,0,0,0
4.701,0,21.25,2.367,0.614,0.905,0,0,0
9.662,0,21.25,2.437,1.542,4.796,0,0,0
4.35,0,21.25,1.916,0.63,0.977,0,0,0
4.479,0,21.25,2.056,0.606,0.978,0,0,0
4.555,0,21.25,2.165,0.619,0.908,0,0,0
4.487,0,21.25,2.066,0.628,0.905,0,0,0
4.48,0,21.25,2.01,0.649,0.979,0,0,0
10.458,0,21.25,2.544,1.726,5.315,0,0,0
4.459,0,21.25,2.053,0.642,0.914,0,0,0
4.267,0,21.25,1.925,0.613,0.896,0,0,0
4.49,0,21.25,2.113,0.615,0.89,0,0,0
4.401,0,21.25,2.095,0.631,0.842,0,0,0
4.39,0,21.25,1.954,0.635,0.947,0,0,0
10.183,0,21.25,2.672,1.58,5.073,0,0,0
4.412,0,21.25,2.048,0.633,0.886,0,0,0
4.458,0,21.25,2.02,0.616,0.893,0,0,0
4.581,0,21.25,2.166,0.621,0.948,0,0,0
4.241,0,21.25,1.866,0.638,0.919,0,0,0
4.381,0,21.25,2.039,0.617,0.891,0,0,0
10.068,0,21.25,2.426,1.333,5.429,0,0,0
4.21,0,21.25,1.857,0.637,0.868,0,0,0
4.28,0,21.25,1.885,0.629,0.918,0,0,0
4.323,0,21.25,1.918,0.599,0.976,0,0,0
4.379,0,21.25,2.038,0.61,0.903,0,0,0
4.433,0,21.25,2.059,0.613,0.89,0,0,0
8.871,0,21.25,2.365,1.424,4.278,0,0,0
4.431,0,21.25,1.957,0.629,1.011,0,0,0
4.181,0,21.25,1.825,0.582,0.93,0,0,0
4.534,0,21.25,2.172,0.616,0.901,0,0,0
4.272,0,21.25,2.039,0.611,0.804,0,0,0
4.505,0,21.25,2.115,0.631,0.93,0,0,0
10.517,0,21.25,2.826,1.892,4.938,0,0,0
4.291,0,21.25,1.925,0.635,0.882,0,0,0
4.227,0,21.25,2.002,0.62,0.795,0,0,0
4.706,0,21.25,2.31,0.618,0.978,0,0,0
4.119,0,21.25,1.895,0.635,0.813,0,0,0
4.352,0,21.25,2.129,0.618,0.814,0,0,0
10.337,0,21.25,2.489,1.382,5.645,0,0,0
4.237,0,21.25,1.947,0.637,0.89,0,0,0
4.287,0,21.25,2.04,0.611,0.903,0,0,0
4.323,0,21.25,2.049,0.614,0.855,0,0,0
4.228,0,21.25,1.995,0.625,0.814,0,0,0
4.634,0,21.25,2.284,0.646,0.891,0,0,0
8.204,0,21.25,4.315,2.026,1.039,0,0,0
4.513,0,21.25,2.19,0.636,0.856,0,0,0
4.281,0,21.25,1.99,0.62,0.851,0,0,0
4.593,0,21.25,2.258,0.62,0.917,0,0,0
4.421,0,21.25,2.14,0.576,0.923,0,0,0
4.365,0,21.25,2.119,0.601,0.865,0,0,0
9.577,0,21.25,2.409,1.669,4.71,0,0,0
4.775,0,21.25,2.12,0.63,1.038,0,0,0
4.308,0,21.25,2.114,0.585,0.847,0,0,0
4.219,0,21.25,1.985,0.601,0.871,0,0,0
4.336,0,21.25,1.971,0.618,0.849,0,0,0
4.233,0,21.25,1.851,0.616,0.88,0,0,0
9.606,0,21.25,2.332,1.007,5.486,0,0,0
4.217,0,21.25,1.979,0.595,0.843,0,0,0
4.173,0,21.25,1.945,0.62,0.831,0,0,0
4.21,0,21.25,1.986,0.614,0.817,0,0,0
4.312,0,21.25,2.021,0.634,0.875,0,0,0
4.153,0,21.25,1.918,0.585,0.862,0,0,0
9.005,0,21.25,2.378,1.313,4.501,0,0,0
4.363,0,21.25,2.099,0.637,0.85,0,0,0
3.948,0,21.25,1.772,0.614,0.805,0,0,0
4.449,0,21.25,2.176,0.626,0.885,0,0,0
4.274,0,21.25,2.043,0.602,0.857,0,0,0
4.099,0,21.25,1.886,0.612,0.823,0,0,0
10.062,0,21.25,2.485,1.655,5.053,0,0,0
4.236,0,21.25,1.796,0.634,1.044,0,0,0
4.376,0,21.25,2,0.625,0.99,0,0,0
4.035,0,21.25,1.852,0.616,0.798,0,0,0
4.106,0,21.25,1.819,0.686,0.806,0,0,0
4.135,0,21.25,1.949,0.614,0.851,0,0,0
9.972,0,21.25,2.514,1.471,5.234,0,0,0
4.47,0,21.25,2.192,0.636,0.862,0,0,0
4.338,0,21.25,2.029,0.628,0.854,0,0,0
4.354,0,21.25,2.082,0.618,0.836,0,0,0
4.168,0,21.25,1.867,0.611,0.887,0,0,0
4.153,0,21.25,1.929,0.605,0.84,0,0,0
8.784,0,21.25,2.703,1.599,3.616,0,0,0
4.395,0,21.25,2.095,0.636,0.834,0,0,0
4.285,0,21.25,1.656,0.618,1.258,0,0,0
4.432,0,21.25,2.153,0.576,0.896,0,0,0
4.387,0,21.25,2.103,0.613,0.858,0,0,0
4.177,0,21.25,1.969,0.613,0.844,0,0,0
9.412,0,21.25,2.337,0.651,5.526,0,0,0
4.241,0,21.25,1.845,0.634,0.873,0,0,0
4.289,0,21.25,2.043,0.611,0.817,0,0,0
4.084,0,21.25,1.807,0.614,0.846,0,0,0
4.106,0,21.25,1.823,0.617,0.897,0,0,0
4.068,0,21.25,1.76,0.597,0.921,0,0,0
9.213,0,21.25,2.406,1.359,4.624,0,0,0
4.413,0,21.25,2.077,0.641,0.874,0,0,0
4.118,0,21.25,1.884,0.614,0.841,0,0,0
4.129,0,21.25,1.792,0.613,0.926,0,0,0
4.904,0,21.25,2.522,0.601,0.941,0,0,0
4.163,0,21.25,1.892,0.62,0.845,0,0,0
8.237,0,21.25,2.308,0.714,4.371,0,0,0
4.4,0,21.25,1.944,0.634,1.028,0,0,0
4.587,0,21.25,2.07,0.787,0.931,0,0,0
4.883,0,21.25,2.586,0.62,0.868,0,0,0
4.688,0,21.25,2.381,0.616,0.875,0,0,0
4.435,0,21.25,2.03,0.616,1.01,0,0,0
10.474,0,21.25,2.78,1.989,4.885,0,0,0
4.69,0,21.25,2.281,0.632,0.914,0,0,0
4.593,0,21.25,2.266,0.617,0.868,0,0,0
4.522,0,21.25,2.181,0.616,0.876,0,0,0
4.264,0,21.25,1.996,0.617,0.881,0,0,0
4.301,0,21.25,2.018,0.605,0.887,0,0,0
10.034,0,21.25,2.947,1.951,4.274,0,0,0
4.621,0,21.25,2.43,0.625,0.819,0,0,0
4.684,0,21.25,2.249,0.635,0.947,0,0,0
4.72,0,21.25,2.185,0.613,1,0,0,0
4.593,0,21.25,2.287,0.614,0.891,0,0,0
4.845,0,21.25,2.463,0.624,0.914,0,0,0
10.263,0,21.25,2.702,1.902,4.812,0,0,0
4.855,0,21.25,2.421,0.65,0.948,0,0,0
4.448,0,21.25,2.075,0.597,0.927,0,0,0
4.505,0,21.25,2.139,0.619,0.89,0,0,0
4.915,0,21.25,2.412,0.623,0.982,0,0,0
4.483,0,21.25,2.081,0.627,0.929,0,0,0
10.461,0,21.25,2.719,1.931,4.957,0,0,0
4.871,0,21.25,2.288,0.637,0.931,0,0,0
4.533,0,21.25,2.119,0.616,0.909,0,0,0
4.679,0,21.25,2.231,0.612,0.952,0,0,0
4.367,0,21.25,2.022,0.616,0.906,0,0,0
4.572,0,21.25,2.159,0.611,0.928,0,0,0
10.386,0,21.25,2.648,1.884,4.977,0,0,0
4.692,0,21.25,2.251,0.64,0.918,0,0,0
4.752,0,21.25,2.295,0.623,0.972,0,0,0
4.603,0,21.25,2.156,0.611,0.964,0,0,0
4.733,0,21.25,2.311,0.62,0.918,0,0,0
4.648,0,21.25,2.247,0.618,0.895,0,0,0
9.565,0,21.25,2.773,1.355,4.575,0,0,0
4.65,0,21.25,2.197,0.647,0.971,0,0,0
4.586,0,21.25,2.205,0.607,0.935,0,0,0
4.626,0,21.25,2.251,0.613,0.915,0,0,0
4.695,0,21.25,2.228,0.619,0.992,0,0,0
4.438,0,21.25,2.13,0.621,0.857,0,0,0
10.31,0,21.25,2.553,1.9,4.969,0,0,0
4.609,0,21.25,2.194,0.617,0.974,0,0,0
4.858,0,21.25,2.445,0.621,0.902,0,0,0
4.652,0,21.25,2.239,0.622,0.904,0,0,0
4.773,0,21.25,2.306,0.652,0.964,0,0,0
4.577,0,21.25,2.121,0.629,0.948,0,0,0
10.356,0,21.25,2.506,1.554,5.399,0,0,0
4.65,0,21.25,2.251,0.636,0.892,0,0,0
4.228,0,21.25,1.903,0.612,0.875,0,0,0
4.465,0,21.25,2.04,0.618,0.978,0,0,0
4.534,0,21.25,2.149,0.599,0.981,0,0,0
4.417,0,21.25,2.109,0.619,0.852,0,0,0
10.187,0,21.25,2.559,1.828,4.945,0,0,0
4.385,0,21.25,2.095,0.634,0.827,0,0,0
4.544,0,21.25,2.183,0.62,0.936,0,0,0
4.619,0,21.25,2.311,0.604,0.872,0,0,0
4.257,0,21.25,2.023,0.62,0.842,0,0,0
4.243,0,21.25,1.921,0.615,0.871,0,0,0
10.392,0,21.25,2.715,1.524,5.399,0,0,0
4.605,0,21.25,2.234,0.639,0.883,0,0,0
4.022,0,21.25,1.825,0.615,0.818,0,0,0
4.4,0,21.25,2.094,0.622,0.883,0,0,0
4.408,0,21.25,2.117,0.624,0.892,0,0,0
4.695,0,21.25,2.384,0.578,0.923,0,0,0
10.036,0,21.25,2.785,1.873,4.589,0,0,0
4.549,0,21.25,2.016,0.633,1.081,0,0,0
4.462,0,21.25,2.155,0.642,0.888,0,0,0
4.631,0,21.25,2.284,0.617,0.891,0,0,0
4.572,0,21.25,2.305,0.616,0.883,0,0,0
4.582,0,21.25,2.244,0.626,0.885,0,0,0
10.382,0,21.25,2.633,1.923,5,0,0,0
4.572,0,21.25,2.288,0.638,0.86,0,0,0
4.606,0,21.25,2.288,0.621,0.864,0,0,0
4.367,0,21.25,2.061,0.616,0.859,0,0,0
4.525,0,21.25,2.053,0.624,0.954,0,0,0
4.404,0,21.25,2.072,0.6,0.912,0,0,0
10.776,0,21.25,2.633,1.803,5.038,0,0,0
4.351,0,21.25,2.111,0.632,0.833,0,0,0
4.121,0,21.25,1.894,0.616,0.822,0,0,0
4.268,0,21.25,1.985,0.625,0.887,0,0,0
4.197,0,21.25,2.046,0.614,0.799,0,0,0
4.199,0,21.25,1.957,0.618,0.845,0,0,0
9.003,0,21.25,2.554,1.813,3.851,0,0,0
4.42,0,21.25,2.141,0.633,0.867,0,0,0
4.45,0,21.25,2.197,0.581,0.877,0,0,0
4.343,0,21.25,2.083,0.599,0.87,0,0,0
4.135,0,21.25,1.893,0.62,0.808,0,0,0
4.308,0,21.25,1.998,0.617,0.93,0,0,0
10.035,0,21.25,2.619,1.597,5.11,0,0,0
4.381,0,21.25,2.155,0.626,0.819,0,0,0
4.228,0,21.25,1.961,0.622,0.833,0,0,0
4.231,0,21.25,2.068,0.615,0.774,0,0,0
4.529,0,21.25,2.17,0.631,0.956,0,0,0
4.198,0,21.25,2.012,0.611,0.826,0,0,0
10.547,0,21.25,2.551,1.697,4.994,0,0,0
4.289,0,21.25,2.045,0.641,0.839,0,0,0
4.267,0,21.25,1.945,0.631,0.917,0,0,0
4.322,0,21.25,1.97,0.609,0.864,0,0,0
4.285,0,21.25,2.107,0.629,0.765,0,0,0
4.443,0,21.25,1.84,0.618,1.237,0,0,0
8.612,0,21.25,2.588,1.45,3.735,0,0,0
4.777,0,21.25,2.172,0.639,1.21,0,0,0
4.364,0,21.25,2.017,0.682,0.873,0,0,0
4.37,0,21.25,2.038,0.619,0.851,0,0,0
4.248,0,21.25,2.035,0.623,0.779,0,0,0
4.456,0,21.25,2.139,0.622,0.91,0,0,0
10.055,0,21.25,2.542,1.563,5.151,0,0,0
4.46,0,21.25,2.251,0.636,0.812,0,0,0
4.111,0,21.25,1.927,0.616,0.803,0,0,0
4.237,0,21.25,1.975,0.614,0.842,0,0,0
4.272,0,21.25,1.991,0.617,0.92,0,0,0
4.28,0,21.25,2.047,0.599,0.852,0,0,0
9.213,0,21.25,2.558,1.522,4.288,0,0,0
4.751,0,21.25,2.315,0.616,1.011,0,0,0
4.138,0,21.25,1.965,0.616,0.818,0,0,0
4.264,0,21.25,1.937,0.616,0.896,0,0,0
4.008,0,21.25,1.747,0.62,0.893,0,0,0
4.081,0,21.25,1.845,0.6,0.868,0,0,0
10.228,0,21.25,2.602,1.587,5.218,0,0,0
4.119,0,21.25,1.931,0.634,0.799,0,0,0
4.309,0,21.25,2.045,0.619,0.895,0,0,0
4.202,0,21.25,1.955,0.593,0.888,0,0,0
4.75,0,21.25,2.484,0.639,0.835,0,0,0
4.107,0,21.25,1.925,0.618,0.784,0,0,0
9.978,0,21.25,2.381,1.306,5.473,0,0,0
4.116,0,21.25,1.853,0.632,0.842,0,0,0
4.157,0,21.25,1.889,0.646,0.872,0,0,0
4.224,0,21.25,2.025,0.619,0.773,0,0,0
4.745,0,21.25,2.388,0.623,0.76,0,0,0
4.033,0,21.25,1.907,0.62,0.776,0,0,0
8.717,0,21.25,2.427,1.115,4.32,0,0,0
4.135,0,21.25,1.9,0.642,0.803,0,0,0
3.998,0,21.25,1.783,0.622,0.833,0,0,0
4.001,0,21.25,1.869,0.627,0.769,0,0,0
4.019,0,21.25,1.814,0.615,0.819,0,0,0
4.058,0,21.25,1.942,0.61,0.814,0,0,0
9.932,0,21.25,2.279,1.178,5.688,0,0,0
3.993,0,21.25,1.768,0.634,0.83,0,0,0
4.282,0,21.25,1.924,0.62,0.971,0,0,0
4.361,0,21.25,2.016,0.75,0.861,0,0,0
4.422,0,21.25,2.205,0.617,0.823,0,0,0
4.157,0,21.25,1.905,0.617,0.838,0,0,0
9.345,0,21.25,2.406,1.595,4.552,0,0,0
4.198,0,21.25,1.916,0.631,0.881,0,0,0
4.036,0,21.25,1.828,0.576,0.89,0,0,0
4.072,0,21.25,1.88,0.611,0.817,0,0,0
4.162,0,21.25,1.938,0.616,0.828,0,0,0
4.217,0,21.25,1.905,0.646,0.922,0,0,0
9.45,0,21.25,2.455,1.833,4.178,0,0,0
3.999,0,21.25,1.738,0.634,0.867,0,0,0
3.975,0,21.25,1.738,0.626,0.823,0,0,0
4.089,0,21.25,1.857,0.624,0.816,0,0,0
4.038,0,21.25,1.769,0.634,0.866,0,0,0
4.632,0,21.25,2.192,0.623,1.068,0,0,0
9.804,0,21.25,2.843,2.061,4.069,0,0,0
4.348,0,21.25,2.188,0.631,0.787,0,0,0
4.13,0,21.25,1.862,0.623,0.905,0,0,0
4.162,0,21.25,1.871,0.656,0.861,0,0,0
4.229,0,21.25,2.097,0.615,0.773,0,0,0
4.186,0,21.25,1.895,0.626,0.824,0,0,0
8.329,0,21.25,2.593,1.238,3.434,0,0,0
4.58,0,21.25,2.199,0.644,0.842,0,0,0
4.1,0,21.25,1.981,0.617,0.768,0,0,0
4.018,0,21.25,1.891,0.619,0.767,0,0,0
4.101,0,21.25,1.844,0.63,0.862,0,0,0
4.308,0,21.25,2.177,0.591,0.804,0,0,0
8.661,0,21.25,2.456,1.713,3.67,0,0,0
4.191,0,21.25,2.028,0.635,0.772,0,0,0
4.082,0,21.25,1.857,0.627,0.803,0,0,0
4.028,0,21.25,1.811,0.656,0.835,0,0,0
4.29,0,21.25,2.06,0.623,0.818,0,0,0
4.047,0,21.25,1.826,0.622,0.811,0,0,0
5.777,0,21.25,2.103,0.654,2.232,0,0,0
4.307,0,21.25,1.941,0.636,0.925,0,0,0
4.204,0,21.25,1.973,0.609,0.849,0,0,0
4.002,0,21.25,1.841,0.615,0.829,0,0,0
4.024,0,21.25,1.769,0.633,0.813,0,0,0
4.191,0,21.25,1.879,0.618,0.91,0,0,0
8.984,0,21.25,2.388,1.272,4.506,0,0,0
4.172,0,21.25,1.924,0.637,0.815,0,0,0
4.057,0,21.25,1.825,0.617,0.833,0,0,0
4.212,0,21.25,1.95,0.622,0.878,0,0,0
4.135,0,21.25,1.872,0.621,0.9,0,0,0
4.336,0,21.25,2.047,0.62,0.88,0,0,0
8.845,0,21.25,2.597,1.832,3.498,0,0,0
4.397,0,21.25,1.906,0.807,0.856,0,0,0
4.112,0,21.25,1.807,0.618,0.917,0,0,0
4.543,0,21.25,2.212,0.603,0.918,0,0,0
4.628,0,21.25,2.009,0.619,1.167,0,0,0
4.6,0,21.25,2.111,0.625,0.99,0,0,0
9.955,0,21.25,2.592,1.833,4.581,0,0,0
4.335,0,21.25,1.914,0.64,0.892,0,0,0
4.708,0,21.25,2.226,0.7,0.901,0,0,0
4.359,0,21.25,1.922,0.619,0.984,0,0,0
4.442,0,21.25,2.061,0.619,0.938,0,0,0
4.925,0,21.25,2.519,0.601,0.96,0,0,0
10.378,0,21.25,2.441,1.521,5.511,0,0,0
4.599,0,21.25,2.244,0.633,0.877,0,0,0
4.352,0,21.25,1.928,0.622,0.976,0,0,0
4.351,0,21.25,1.855,0.622,1.047,0,0,0
4.092,0,21.25,1.797,0.622,0.889,0,0,0
4.764,0,21.25,2.297,0.62,0.996,0,0,0
9.798,0,21.25,2.526,1.983,4.439,0,0,0
4.492,0,21.25,1.957,0.633,0.837,0,0,0
4.601,0,21.25,2.273,0.62,0.897,0,0,0
4.119,0,21.25,1.807,0.636,0.896,0,0,0
4.381,0,21.25,2.074,0.618,0.869,0,0,0
4.491,0,21.25,2.154,0.615,0.864,0,0,0
10.117,0,21.25,2.383,1.301,5.541,0,0,0
4.165,0,21.25,1.905,0.631,0.881,0,0,0
4.218,0,21.25,2.009,0.601,0.845,0,0,0
4.268,0,21.25,2.028,0.612,0.836,0,0,0
4.319,0,21.25,2.007,0.619,0.86,0,0,0
4.515,0,21.25,2.238,0.605,0.888,0,0,0
8.268,0,21.25,2.369,0.757,4.335,0,0,0
4.303,0,21.25,1.974,0.625,0.884,0,0,0
4.29,0,21.25,1.949,0.618,0.923,0,0,0
5.349,0,21.25,3.021,0.651,0.894,0,0,0
4.385,0,21.25,2.067,0.62,0.839,0,0,0
8.275,0,21.25,2.328,0.931,3.875,0,0,0
4.177,0,21.25,1.851,0.633,0.907,0,0,0
4.309,0,21.25,1.839,0.597,1.147,0,0,0
4.014,0,21.25,1.8,0.623,0.815,0,0,0
4.352,0,21.25,2.117,0.616,0.807,0,0,0
3.969,0,21.25,1.685,0.618,0.889,0,0,0
9.999,0,21.25,2.531,1.589,5.037,0,0,0
4.56,0,21.25,2.229,0.632,0.87,0,0,0
4.296,0,21.25,2.052,0.63,0.83,0,0,0
4.182,0,21.25,1.928,0.621,0.873,0,0,0
4.304,0,21.25,2.094,0.605,0.855,0,0,0
4.368,0,21.25,2.064,0.625,0.849,0,0,0
7.98,0,21.25,2.346,0.648,4.158,0,0,0
4.611,0,21.25,2.125,0.697,0.942,0,0,0
4.111,0,21.25,1.9,0.635,0.828,0,0,0
4.121,0,21.25,1.892,0.602,0.853,0,0,0
4.432,0,21.25,2.226,0.621,0.811,0,0,0
4.363,0,21.25,1.961,0.617,0.984,0,0,0
10.954,0,21.25,2.503,1.554,6.024,0,0,0
4.474,0,21.25,1.982,0.642,0.913,0,0,0
4.718,0,21.25,2.194,0.666,1.005,0,0,0
4.72,0,21.25,2.351,0.618,0.882,0,0,0
4.615,0,21.25,2.285,0.629,0.933,0,0,0
4.378,0,21.25,2.138,0.603,0.862,0,0,0
8.493,0,21.25,2.561,1.556,3.489,0,0,0
4.335,0,21.25,2.037,0.637,0.837,0,0,0
4.531,0,21.25,2.12,0.622,0.837,0,0,0
4.047,0,21.25,1.711,0.616,0.927,0,0,0
4.69,0,21.25,2.306,0.627,0.917,0,0,0
4.369,0,21.25,2.095,0.619,0.85,0,0,0
9.956,0,21.25,2.544,1.58,4.897,0,0,0
4.729,0,21.25,2.207,0.653,0.982,0,0,0
4.669,0,21.25,2.29,0.626,0.889,0,0,0
4.748,0,21.25,2.331,0.621,0.933,0,0,0
4.41,0,21.25,2.038,0.615,0.889,0,0,0
4.521,0,21.25,2.065,0.642,0.954,0,0,0
10.406,0,21.25,2.453,1.918,5.153,0,0,0
4.805,0,21.25,2.328,0.634,0.94,0,0,0
4.982,0,21.25,2.17,0.941,0.968,0,0,0
4.868,0,21.25,2.337,0.627,0.964,0,0,0
4.664,0,21.25,2.29,0.639,0.911,0,0,0
4.88,0,21.25,2.475,0.617,0.917,0,0,0
10.565,0,21.25,2.647,1.804,5.225,0,0,0
4.56,0,21.25,2.212,0.636,0.866,0,0,0
4.412,0,21.25,1.977,0.617,0.904,0,0,0
4.59,0,21.25,2.239,0.622,0.891,0,0,0
4.761,0,21.25,2.28,0.612,0.889,0,0,0
4.721,0,21.25,2.341,0.617,0.916,0,0,0
9.233,0,21.25,2.429,1.643,4.238,0,0,0
4.698,0,21.25,2.203,0.638,0.991,0,0,0
4.563,0,21.25,2.21,0.585,0.927,0,0,0
4.541,0,21.25,2.139,0.62,0.965,0,0,0
4.772,0,21.25,2.266,0.621,0.968,0,0,0
4.324,0,21.25,1.93,0.627,0.95,0,0,0
10.235,0,21.25,2.711,1.866,4.778,0,0,0
4.566,0,21.25,2.115,0.631,0.92,0,0,0
4.472,0,21.25,2.065,0.615,0.912,0,0,0
4.67,0,21.25,2.227,0.616,0.95,0,0,0
4.825,0,21.25,2.437,0.584,0.949,0,0,0
4.915,0,21.25,2.477,0.623,0.915,0,0,0
10.64,0,21.25,2.614,0.786,6.346,0,0,0
4.821,0,21.25,2.345,0.623,0.979,0,0,0
5.155,0,21.25,2.43,0.617,1.214,0,0,0
4.732,0,21.25,2.218,0.596,1.068,0,0,0
5.357,0,21.25,2.396,0.841,0.994,0,0,0
5.339,0,21.25,2.673,0.64,1.036,0,0,0
5.203,0,21.25,2.374,0.634,1.036,0,0,0
4.56,0,21.25,2.115,0.619,1.03,0,0,0
9.19,0,21.25,2.54,1.781,3.711,0,0,0
4.834,0,21.25,2.321,0.635,0.954,0,0,0
4.886,0,21.25,2.296,0.705,0.973,0,0,0
4.832,0,21.25,2.357,0.585,1.022,0,0,0
5.048,0,21.25,2.339,0.796,1.002,0,0,0
4.844,0,21.25,2.304,0.625,0.964,0,0,0
9.195,0,21.25,2.517,1.838,3.9,0,0,0
5.162,0,21.25,2.54,0.645,1.074,0,0,0
4.42,0,21.25,1.965,0.616,0.982,0,0,0
4.877,0,21.25,2.27,0.632,1.064,0,0,0
4.918,0,21.25,2.271,0.626,1.032,0,0,0
10.862,0,21.25,2.606,1.956,5.317,0,0,0
4.872,0,21.25,2.239,0.653,0.997,0,0,0
4.985,0,21.25,2.211,0.618,1.189,0,0,0
5.264,0,21.25,2.676,0.578,1.043,0,0,0
5.167,0,21.25,2.47,0.625,1.114,0,0,0
5.578,0,21.25,2.71,0.62,1.259,0,0,0
5.248,0,21.25,2.628,0.582,1.105,0,0,0
4.809,0,21.25,2.429,0.63,0.842,0,0,0
9.842,0,21.25,3.016,1.947,3.913,0,0,0
5.48,0,21.25,2.651,0.635,1.228,0,0,0
5.172,0,21.25,2.631,0.609,1.025,0,0,0
4.887,0,21.25,2.452,0.606,1.001,0,0,0
8.824,0,21.25,3.796,2.151,1.947,0,0,0
5.123,0,21.25,2.639,0.634,0.95,0,0,0
5.241,0,21.25,2.8,0.595,0.989,0,0,0
5.02,0,21.25,2.482,0.592,1.069,0,0,0
10.181,0,21.25,3.256,1.905,4.069,0,0,0
5.213,0,21.25,2.596,0.633,1.069,0,0,0
5.134,0,21.25,2.652,0.608,1.014,0,0,0
4.99,0,21.25,2.454,0.609,1.054,0,0,0
9.537,0,21.25,2.809,1.901,3.888,0,0,0
5.051,0,21.25,2.497,0.634,0.999,0,0,0
5.082,0,21.25,2.601,0.618,0.929,0,0,0
5.04,0,21.25,2.584,0.612,0.973,0,0,0
5.163,0,21.25,2.568,0.624,1.027,0,0,0
5.241,0,21.25,2.477,0.638,1.024,0,0,0
5.216,0,21.25,2.34,0.62,1.242,0,0,0
5.128,0,21.25,2.67,0.632,0.979,0,0,0
5.508,0,21.25,2.67,0.636,1.037,0,0,0
5.212,0,21.25,2.724,0.615,0.98,0,0,0
4.895,0,21.25,2.365,0.645,0.985,0,0,0
10.072,0,21.25,2.678,1.858,4.606,0,0,0
4.855,0,21.25,2.378,0.638,0.934,0,0,0
4.95,0,21.25,2.417,0.618,1.001,0,0,0
4.798,0,21.25,2.381,0.588,0.964,0,0,0
4.818,0,21.25,2.384,0.621,0.926,0,0,0
4.791,0,21.25,2.355,0.614,0.928,0,0,0
10.767,0,21.25,2.819,1.619,5.374,0,0,0
5.066,0,21.25,2.574,0.647,0.949,0,0,0
4.821,0,21.25,2.396,0.616,0.924,0,0,0
4.867,0,21.25,2.453,0.621,0.913,0,0,0
4.727,0,21.25,2.238,0.616,1.012,0,0,0
5.009,0,21.25,2.622,0.606,0.966,0,0,0
10.021,0,21.25,2.768,2.016,4.337,0,0,0
4.926,0,21.25,2.461,0.634,0.929,0,0,0
4.696,0,21.25,2.286,0.622,0.91,0,0,0
5.038,0,21.25,2.384,0.616,1.222,0,0,0
5.134,0,21.25,2.715,0.61,0.949,0,0,0
9.339,0,21.25,2.716,1.931,3.693,0,0,0
4.856,0,21.25,2.127,0.642,1.225,0,0,0
4.284,0,21.25,1.92,0.629,0.888,0,0,0
4.786,0,21.25,2.36,0.625,0.944,0,0,0
4.42,0,21.25,1.98,0.62,0.956,0,0,0
4.699,0,21.25,2.315,0.625,0.924,0,0,0
10.118,0,21.25,2.737,2.45,4.112,0,0,0
4.619,0,21.25,2.09,0.634,0.918,0,0,0
4.388,0,21.25,2.018,0.636,0.876,0,0,0
4.873,0,21.25,2.406,0.624,0.978,0,0,0
4.833,0,21.25,2.333,0.689,0.959,0,0,0
4.37,0,21.25,2.035,0.626,0.868,0,0,0
10.656,0,21.25,2.67,1.998,5.071,0,0,0
4.7,0,21.25,2.27,0.631,0.901,0,0,0
4.547,0,21.25,2.097,0.698,0.932,0,0,0
4.348,0,21.25,1.947,0.602,0.966,0,0,0
4.534,0,21.25,2.158,0.622,0.899,0,0,0
4.566,0,21.25,2.179,0.617,0.942,0,0,0
10.332,0,21.25,2.386,1.338,5.703,0,0,0
4.469,0,21.25,2.041,0.641,0.934,0,0,0
4.451,0,21.25,2.005,0.624,0.967,0,0,0
4.465,0,21.25,2.066,0.625,0.909,0,0,0
4.388,0,21.25,1.95,0.622,0.975,0,0,0
4.427,0,21.25,2.08,0.609,0.931,0,0,0
9.472,0,21.25,2.613,1.834,4.196,0,0,0
4.503,0,21.25,2.069,0.635,0.911,0,0,0
4.257,0,21.25,1.912,0.619,0.867,0,0,0
4.331,0,21.25,1.96,0.621,0.923,0,0,0
4.307,0,21.25,1.88,0.626,0.944,0,0,0
4.351,0,21.25,2.012,0.617,0.896,0,0,0
6.471,0,21.25,2.375,0.652,2.423,0,0,0
4.415,0,21.25,1.982,0.64,0.894,0,0,0
4.293,0,21.25,2.095,0.626,0.811,0,0,0
4.338,0,21.25,2.019,0.619,0.881,0,0,0
4.418,0,21.25,2.106,0.62,0.866,0,0,0
4.336,0,21.25,1.909,0.622,0.966,0,0,0
10.528,0,21.25,2.523,1.819,5.375,0,0,0
4.666,0,21.25,2.165,0.674,0.95,0,0,0
4.509,0,21.25,2.081,0.607,0.936,0,0,0
4.345,0,21.25,2.059,0.62,0.852,0,0,0
4.454,0,21.25,2.001,0.622,0.983,0,0,0
4.179,0,21.25,1.869,0.671,0.884,0,0,0
10.541,0,21.25,2.651,1.976,5.036,0,0,0
4.297,0,21.25,1.928,0.633,0.884,0,0,0
4.265,0,21.25,1.892,0.622,0.877,0,0,0
4.309,0,21.25,1.89,0.62,0.972,0,0,0
4.297,0,21.25,2.041,0.581,0.875,0,0,0
4.313,0,21.25,2.034,0.619,0.854,0,0,0
10.304,0,21.25,2.498,1.914,4.987,0,0,0
4.361,0,21.25,1.951,0.641,0.893,0,0,0
4.201,0,21.25,1.897,0.624,0.909,0,0,0
4.423,0,21.25,2.108,0.611,0.937,0,0,0
4.347,0,21.25,2.104,0.621,0.835,0,0,0
4.287,0,21.25,1.943,0.619,0.888,0,0,0
9.447,0,21.25,2.271,1.169,5.148,0,0,0
4.445,0,21.25,2.094,0.64,0.914,0,0,0
4.169,0,21.25,1.915,0.618,0.885,0,0,0
4.245,0,21.25,1.912,0.619,0.887,0,0,0
4.15,0,21.25,1.809,0.616,0.886,0,0,0
4.264,0,21.25,1.835,0.619,0.974,0,0,0
9.329,0,21.25,2.44,1.759,4.202,0,0,0
4.436,0,21.25,2.039,0.632,0.905,0,0,0
4.519,0,21.25,1.867,0.62,1.093,0,0,0
4.293,0,21.25,1.885,0.621,0.981,0,0,0
4.505,0,21.25,2.097,0.611,0.945,0,0,0
4.382,0,21.25,2.037,0.62,0.891,0,0,0
10.082,0,21.25,2.276,1.274,5.658,0,0,0
5.039,0,21.25,2.503,0.646,0.988,0,0,0
4.402,0,21.25,2.026,0.617,0.916,0,0,0
4.499,0,21.25,2.061,0.629,0.947,0,0,0
4.495,0,21.25,2.004,0.693,0.896,0,0,0
4.442,0,21.25,1.973,0.725,0.918,0,0,0
10.627,0,21.25,2.584,1.769,5.415,0,0,0
4.581,0,21.25,2.147,0.633,0.917,0,0,0
4.382,0,21.25,2.08,0.617,0.861,0,0,0
4.517,0,21.25,2.024,0.627,0.969,0,0,0
4.533,0,21.25,2.131,0.62,0.985,0,0,0
4.182,0,21.25,1.896,0.616,0.874,0,0,0
8.092,0,21.25,2.387,1.684,3.191,0,0,0
4.424,0,21.25,2.133,0.631,0.83,0,0,0
4.297,0,21.25,1.978,0.621,0.891,0,0,0
4.253,0,21.25,2.004,0.608,0.867,0,0,0
4.473,0,21.25,2.108,0.613,0.898,0,0,0
4.365,0,21.25,2.012,0.616,0.88,0,0,0
8.376,0,21.25,2.323,1.607,3.508,0,0,0
4.552,0,21.25,2.185,0.635,0.918,0,0,0
4.407,0,21.25,2.052,0.579,0.944,0,0,0
4.487,0,21.25,2.186,0.631,0.854,0,0,0
4.411,0,21.25,2.098,0.624,0.828,0,0,0
4.421,0,21.25,2.114,0.63,0.901,0,0,0
9.496,0,21.25,2.645,1.719,4.273,0,0,0
4.491,0,21.25,2.144,0.631,0.886,0,0,0
4.509,0,21.25,2.093,0.626,0.919,0,0,0
4.457,0,21.25,1.96,0.622,1.02,0,0,0
4.642,0,21.25,2.361,0.615,0.871,0,0,0
4.272,0,21.25,1.892,0.623,0.881,0,0,0
9.987,0,21.25,2.399,1.109,5.635,0,0,0
4.435,0,21.25,2.087,0.637,0.918,0,0,0
4.277,0,21.25,1.917,0.622,0.952,0,0,0
4.17,0,21.25,1.81,0.63,0.915,0,0,0
4.349,0,21.25,2.062,0.62,0.864,0,0,0
4.273,0,21.25,1.958,0.619,0.835,0,0,0
10.06,0,21.25,2.393,1.241,5.571,0,0,0
4.207,0,21.25,1.833,0.634,0.933,0,0,0
4.44,0,21.25,1.972,0.608,1.042,0,0,0
4.175,0,21.25,1.865,0.629,0.883,0,0,0
4.139,0,21.25,1.802,0.621,0.845,0,0,0
4.295,0,21.25,1.977,0.62,0.846,0,0,0
8.285,0,21.25,2.529,1.037,3.888,0,0,0
4.34,0,21.25,2.063,0.636,0.821,0,0,0
4.207,0,21.25,1.932,0.618,0.822,0,0,0
4.077,0,21.25,1.834,0.619,0.895,0,0,0
4.236,0,21.25,1.998,0.588,0.881,0,0,0
4.217,0,21.25,1.91,0.618,0.896,0,0,0
9.441,0,21.25,2.146,0.636,5.884,0,0,0
4.279,0,21.25,1.98,0.634,0.822,0,0,0
4.315,0,21.25,1.977,0.639,0.891,0,0,0
4.418,0,21.25,2.1,0.612,0.88,0,0,0
4.408,0,21.25,2.104,0.623,0.863,0,0,0
4.254,0,21.25,1.927,0.621,0.932,0,0,0
9.495,0,21.25,2.305,1.369,4.998,0,0,0
4.342,0,21.25,2.033,0.646,0.871,0,0,0
4.043,0,21.25,1.764,0.6,0.885,0,0,0
4.36,0,21.25,2.045,0.636,0.855,0,0,0
4.274,0,21.25,1.92,0.616,0.933,0,0,0
4.332,0,21.25,1.981,0.721,0.857,0,0,0
10.418,0,21.25,2.951,1.964,4.636,0,0,0
4.644,0,21.25,2.296,0.634,0.863,0,0,0
4.161,0,21.25,1.77,0.618,0.937,0,0,0
4.417,0,21.25,2.022,0.67,0.913,0,0,0
4.38,0,21.25,2.018,0.626,0.898,0,0,0
4.298,0,21.25,1.959,0.619,0.878,0,0,0
10.405,0,21.25,2.513,1.284,5.754,0,0,0
4.383,0,21.25,1.988,0.643,0.885,0,0,0
4.481,0,21.25,2.007,0.623,1.004,0,0,0
4.332,0,21.25,1.999,0.63,0.862,0,0,0
4.457,0,21.25,2.082,0.62,0.943,0,0,0
4.303,0,21.25,1.889,0.624,0.97,0,0,0
8.748,0,21.25,2.432,1.535,3.926,0,0,0
4.461,0,21.25,2.109,0.633,0.865,0,0,0
4.217,0,21.25,1.962,0.62,0.852,0,0,0
4.173,0,21.25,1.884,0.637,0.881,0,0,0
4.057,0,21.25,1.803,0.603,0.876,0,0,0
3.941,0,21.25,1.82,0.619,0.769,0,0,0
7.956,0,21.25,2.448,0.781,3.833,0,0,0
4.056,0,21.25,1.809,0.63,0.842,0,0,0
4.023,0,21.25,1.794,0.625,0.855,0,0,0
3.909,0,21.25,1.72,0.606,0.84,0,0,0
4.134,0,21.25,1.981,0.62,0.777,0,0,0
3.923,0,21.25,1.715,0.62,0.875,0,0,0
7.583,0,21.25,2.032,0.656,4.136,0,0,0
4.338,0,21.25,1.96,0.597,0.858,0,0,0
4.219,0,21.25,2.007,0.614,0.824,0,0,0
4.056,0,21.25,1.828,0.621,0.825,0,0,0
4.147,0,21.25,1.883,0.619,0.902,0,0,0
5.204,0,21.25,2.593,0.632,1.22,0,0,0
4.9,0,21.25,2.292,0.634,1.092,0,0,0
4.118,0,21.25,1.818,0.63,0.911,0,0,0
4.165,0,21.25,1.808,0.603,0.877,0,0,0
4.642,0,21.25,2.458,0.621,0.804,0,0,0
4.924,0,21.25,2.526,0.634,0.943,0,0,0
8.377,0,21.25,2.356,1.332,3.922,0,0,0
4.794,0,21.25,1.906,0.631,1.154,0,0,0
4.447,0,21.25,2.23,0.619,0.811,0,0,0
4.542,0,21.25,2.212,0.626,0.864,0,0,0
4.552,0,21.25,2.221,0.649,0.882,0,0,0
4.276,0,21.25,2.15,0.6,0.79,0,0,0
9.551,0,21.25,2.503,1.909,3.892,0,0,0
4.393,0,21.25,2.134,0.639,0.814,0,0,0
3.923,0,21.25,1.679,0.617,0.857,0,0,0
4.124,0,21.25,1.904,0.638,0.897,0,0,0
4.338,0,21.25,2.078,0.615,0.906,0,0,0
4.252,0,21.25,2.042,0.616,0.818,0,0,0
8.178,0,21.25,1.972,0.665,4.737,0,0,0
4.252,0,21.25,1.971,0.636,0.869,0,0,0
4.555,0,21.25,2.201,0.618,0.902,0,0,0
4.444,0,21.25,2.232,0.62,0.824,0,0,0
4.263,0,21.25,1.925,0.641,0.853,0,0,0
4.237,0,21.25,1.904,0.62,0.909,0,0,0
9.874,0,21.25,2.17,1.052,5.907,0,0,0
4.237,0,21.25,1.876,0.649,0.886,0,0,0
4.487,0,21.25,2.241,0.62,0.829,0,0,0
4.142,0,21.25,1.997,0.623,0.785,0,0,0
4.238,0,21.25,1.964,0.619,0.891,0,0,0
4.255,0,21.25,2.048,0.607,0.893,0,0,0
10.246,0,21.25,2.54,1.756,5.163,0,0,0
4.471,0,21.25,2.192,0.634,0.865,0,0,0
4.588,0,21.25,2.203,0.625,0.886,0,0,0
4.928,0,21.25,2.18,0.649,1.158,0,0,0
4.213,0,21.25,1.932,0.636,0.844,0,0,0
4.534,0,21.25,2.178,0.62,0.901,0,0,0
9.557,0,21.25,2.446,1.918,4.366,0,0,0
4.628,0,21.25,2.065,0.637,1.041,0,0,0
4.57,0,21.25,2.206,0.622,0.909,0,0,0
4.725,0,21.25,2.343,0.623,0.939,0,0,0
4.538,0,21.25,2.135,0.605,0.949,0,0,0
4.696,0,21.25,2.132,0.738,0.928,0,0,0
9.037,0,21.25,2.505,0.884,4.707,0,0,0
4.515,0,21.25,2.154,0.633,0.885,0,0,0
4.629,0,21.25,2.262,0.616,0.92,0,0,0
4.753,0,21.25,2.348,0.605,0.938,0,0,0
4.799,0,21.25,2.352,0.634,0.931,0,0,0
4.652,0,21.25,2.288,0.625,0.884,0,0,0
9.063,0,21.25,2.597,1.924,3.549,0,0,0
5.064,0,21.25,2.558,0.656,0.962,0,0,0
4.465,0,21.25,2.115,0.603,0.882,0,0,0
4.653,0,21.25,2.174,0.63,0.941,0,0,0
4.701,0,21.25,2.193,0.617,0.971,0,0,0
4.881,0,21.25,2.457,0.632,0.952,0,0,0
10.616,0,21.25,3.057,1.206,5.471,0,0,0
4.804,0,21.25,2.384,0.63,0.911,0,0,0
4.727,0,21.25,1.991,0.633,1.251,0,0,0
4.394,0,21.25,1.953,0.618,0.959,0,0,0
4.912,0,21.25,2.482,0.606,0.971,0,0,0
4.715,0,21.25,2.341,0.621,0.891,0,0,0
8.185,0,21.25,2.49,0.814,4.004,0,0,0
4.932,0,21.25,2.422,0.635,1.022,0,0,0
4.673,0,21.25,2.164,0.634,0.973,0,0,0
4.737,0,21.25,2.339,0.61,0.94,0,0,0
4.9,0,21.25,2.481,0.619,0.915,0,0,0
4.77,0,21.25,2.253,0.738,0.904,0,0,0
9.052,0,21.25,2.552,1.873,3.7,0,0,0
5.035,0,21.25,2.442,0.634,1.057,0,0,0
4.61,0,21.25,2.232,0.581,0.937,0,0,0
4.488,0,21.25,2.076,0.616,0.895,0,0,0
4.56,0,21.25,2.052,0.632,0.906,0,0,0
4.282,0,21.25,1.886,0.618,0.987,0,0,0
9.483,0,21.25,2.754,0.909,4.823,0,0,0
5.054,0,21.25,2.386,0.636,1.134,0,0,0
4.455,0,21.25,1.961,0.693,0.929,0,0,0
4.489,0,21.25,2.087,0.635,0.948,0,0,0
4.6,0,21.25,2.241,0.607,0.923,0,0,0
4.519,0,21.25,2.103,0.623,0.919,0,0,0
9.817,0,21.25,2.538,1.829,4.529,0,0,0
4.884,0,21.25,2.31,0.634,1.034,0,0,0
4.316,0,21.25,1.891,0.62,0.988,0,0,0
4.329,0,21.25,1.903,0.581,0.967,0,0,0
4.43,0,21.25,2.103,0.622,0.888,0,0,0
4.544,0,21.25,2.067,0.62,0.985,0,0,0
9.114,0,21.25,2.547,1.836,3.868,0,0,0
4.936,0,21.25,2.352,0.674,0.992,0,0,0
4.884,0,21.25,2.381,0.623,0.964,0,0,0
5.643,0,21.25,2.856,0.619,1.07,0,0,0
5.021,0,21.25,2.587,0.603,0.963,0,0,0
9.602,0,21.25,2.881,1.927,3.887,0,0,0
4.683,0,21.25,2.199,0.633,0.922,0,0,0
4.69,0,21.25,2.052,0.622,0.986,0,0,0
5.102,0,21.25,2.597,0.606,0.985,0,0,0
5.037,0,21.25,2.498,0.627,1.046,0,0,0
10.334,0,21.25,2.993,2.005,4.392,0,0,0
4.896,0,21.25,2.31,0.621,0.943,0,0,0
5.17,0,21.25,2.553,0.631,1.119,0,0,0
5.238,0,21.25,2.77,0.613,0.992,0,0,0
10.565,0,21.25,3.368,2.021,4.155,0,0,0
5.224,0,21.25,2.658,0.634,1.016,0,0,0
4.916,0,21.25,2.345,0.63,1.045,0,0,0
4.786,0,21.25,2.35,0.578,1.01,0,0,0
4.79,0,21.25,2.385,0.625,0.924,0,0,0
10.453,0,21.25,3.422,2.097,3.768,0,0,0
4.563,0,21.25,2.17,0.632,0.891,0,0,0
4.629,0,21.25,2.196,0.619,0.976,0,0,0
4.348,0,21.25,1.996,0.614,0.919,0,0,0
4.748,0,21.25,2.43,0.678,0.788,0,0,0
4.852,0,21.25,2.305,0.619,1.026,0,0,0
9.551,0,21.25,2.626,1.702,4.359,0,0,0
4.688,0,21.25,2.1,0.641,1.032,0,0,0
4.526,0,21.25,2.139,0.621,0.918,0,0,0
4.626,0,21.25,2.216,0.623,0.901,0,0,0
4.441,0,21.25,2.009,0.616,0.978,0,0,0
4.654,0,21.25,2.285,0.575,0.968,0,0,0
10.302,0,21.25,2.815,1.936,4.657,0,0,0
5.023,0,21.25,2.448,0.63,0.946,0,0,0
4.981,0,21.25,2.401,0.618,1.017,0,0,0
5.618,0,21.25,2.584,0.643,1.47,0,0,0
5.877,0,21.25,2.577,0.638,1.602,0,0,0
4.652,0,21.25,2.033,0.633,1.051,0,0,0
4.808,0,21.25,2.284,0.609,0.991,0,0,0
4.822,0,21.25,2.339,0.632,0.937,0,0,0
4.915,0,21.25,2.305,0.622,1.06,0,0,0
4.883,0,21.25,2.282,0.646,1.029,0,0,0
10.356,0,21.25,2.648,2.24,4.526,0,0,0
5.007,0,21.25,2.488,0.635,0.97,0,0,0
4.943,0,21.25,2.36,0.625,1.019,0,0,0
5.168,0,21.25,2.489,0.619,1.145,0,0,0
5.002,0,21.25,2.516,0.625,0.955,0,0,0
9.427,0,21.25,2.572,1.797,4.035,0,0,0
5.15,0,21.25,2.465,0.665,1.039,0,0,0
5.072,0,21.25,2.481,0.627,1.03,0,0,0
4.632,0,21.25,2.23,0.617,0.96,0,0,0
4.88,0,21.25,2.436,0.624,0.925,0,0,0
10.865,0,21.25,2.734,1.962,5.259,0,0,0
4.93,0,21.25,2.388,0.636,0.975,0,0,0
4.786,0,21.25,2.27,0.617,1.015,0,0,0
4.693,0,21.25,2.24,0.579,0.984,0,0,0
4.807,0,21.25,2.321,0.617,0.962,0,0,0
5.014,0,21.25,2.409,0.616,1.056,0,0,0
9.984,0,21.25,2.54,1.789,4.782,0,0,0
4.663,0,21.25,2.09,0.63,1.044,0,0,0
5.096,0,21.25,2.583,0.606,1.008,0,0,0
5.003,0,21.25,2.284,0.634,1.054,0,0,0
5.004,0,21.25,2.466,0.626,0.989,0,0,0
9.049,0,21.25,3.02,1.968,3.067,0,0,0
5.052,0,21.25,2.487,0.638,0.971,0,0,0
4.77,0,21.25,2.059,0.617,1.172,0,0,0
4.985,0,21.25,2.463,0.604,1.01,0,0,0
4.888,0,21.25,2.36,0.642,0.972,0,0,0
4.759,0,21.25,2.259,0.613,0.96,0,0,0
10.858,0,21.25,2.738,1.924,5.303,0,0,0
5.189,0,21.25,2.234,0.654,1.262,0,0,0
5.221,0,21.25,2.522,0.628,1.028,0,0,0
4.797,0,21.25,2.291,0.614,0.978,0,0,0
8.689,0,21.25,2.718,1.537,3.46,0,0,0
4.692,0,21.25,2.109,0.596,1.016,0,0,0
5.04,0,21.25,2.601,0.621,0.92,0,0,0
4.526,0,21.25,2.055,0.615,0.919,0,0,0
4.482,0,21.25,1.973,0.619,0.997,0,0,0
4.753,0,21.25,2.306,0.576,0.988,0,0,0
10.689,0,21.25,2.63,1.881,5.246,0,0,0
4.629,0,21.25,2.132,0.631,0.961,0,0,0
4.922,0,21.25,2.347,0.618,1.023,0,0,0
4.86,0,21.25,2.294,0.618,0.959,0,0,0
4.607,0,21.25,2.132,0.621,0.97,0,0,0
5.045,0,21.25,2.45,0.62,0.93,0,0,0
9.903,0,21.25,2.627,1.024,5.253,0,0,0
4.606,0,21.25,2.081,0.636,0.995,0,0,0
4.736,0,21.25,2.306,0.605,0.951,0,0,0
4.433,0,21.25,2.033,0.617,0.926,0,0,0
4.488,0,21.25,2.035,0.614,0.94,0,0,0
4.486,0,21.25,2.027,0.632,0.955,0,0,0
9.773,0,21.25,2.623,1.367,4.893,0,0,0
4.836,0,21.25,2.391,0.639,0.937,0,0,0
4.525,0,21.25,2.116,0.622,0.91,0,0,0
4.483,0,21.25,1.999,0.628,0.976,0,0,0
4.479,0,21.25,2.046,0.636,0.951,0,0,0
4.502,0,21.25,2.117,0.624,0.899,0,0,0
9.844,0,21.25,2.514,1.821,4.582,0,0,0
4.869,0,21.25,2.384,0.63,0.989,0,0,0
4.564,0,21.25,2.132,0.61,0.999,0,0,0
4.677,0,21.25,2.06,0.625,1.099,0,0,0
4.685,0,21.25,2.186,0.635,1.072,0,0,0
4.779,0,21.25,2.356,0.604,0.956,0,0,0
10.399,0,21.25,2.711,1.897,4.938,0,0,0
4.581,0,21.25,2.127,0.636,0.925,0,0,0
4.416,0,21.25,1.981,0.635,0.942,0,0,0
4.313,0,21.25,2.02,0.622,0.837,0,0,0
4.554,0,21.25,2.162,0.62,0.899,0,0,0
4.585,0,21.25,2.07,0.622,0.892,0,0,0
10.208,0,21.25,2.513,1.901,4.893,0,0,0
4.364,0,21.25,1.921,0.637,0.932,0,0,0
4.229,0,21.25,1.844,0.653,0.909,0,0,0
4.134,0,21.25,1.887,0.616,0.841,0,0,0
4.269,0,21.25,1.924,0.617,0.888,0,0,0
4.207,0,21.25,1.895,0.617,0.915,0,0,0
7.767,0,21.25,2.373,0.753,3.78,0,0,0
4.608,0,21.25,2.094,0.644,0.805,0,0,0
4.367,0,21.25,2.032,0.62,0.865,0,0,0
4.213,0,21.25,1.958,0.624,0.813,0,0,0
4.29,0,21.25,1.917,0.62,0.933,0,0,0
4.076,0,21.25,1.9,0.578,0.837,0,0,0
10.222,0,21.25,2.518,1.711,5.131,0,0,0
4.379,0,21.25,2.071,0.637,0.856,0,0,0
4.264,0,21.25,1.856,0.618,0.989,0,0,0
3.977,0,21.25,1.673,0.638,0.88,0,0,0
4.623,0,21.25,2.208,0.622,0.986,0,0,0
4.068,0,21.25,1.807,0.624,0.825,0,0,0
8.244,0,21.25,2.446,1.448,3.547,0,0,0
4.446,0,21.25,2.044,0.647,0.889,0,0,0
4.373,0,21.25,2.037,0.626,0.88,0,0,0
4.31,0,21.25,1.961,0.624,0.821,0,0,0
4.93,0,21.25,2.525,0.635,0.998,0,0,0
4.255,0,21.25,1.885,0.607,0.966,0,0,0
9.227,0,21.25,2.329,1.407,4.606,0,0,0
5.174,0,21.25,2.708,0.635,0.944,0,0,0
4.884,0,21.25,2.539,0.628,0.896,0,0,0
4.61,0,21.25,2.154,0.62,0.98,0,0,0
4.674,0,21.25,2.302,0.612,0.953,0,0,0
8.713,0,21.25,2.373,1.342,4.205,0,0,0
4.374,0,21.25,1.998,0.638,0.92,0,0,0
4.427,0,21.25,2.172,0.624,0.847,0,0,0
4.585,0,21.25,2.181,0.626,0.958,0,0,0
4.325,0,21.25,1.976,0.637,0.912,0,0,0
4.081,0,21.25,1.865,0.602,0.841,0,0,0
9.264,0,21.25,2.425,1.272,4.724,0,0,0
4.649,0,21.25,2.061,0.632,0.866,0,0,0
4.463,0,21.25,2.006,0.619,1.07,0,0,0
4.191,0,21.25,1.941,0.623,0.854,0,0,0
4.046,0,21.25,1.815,0.583,0.887,0,0,0
4.075,0,21.25,1.799,0.617,0.845,0,0,0
7.774,0,21.25,1.881,0.668,4.454,0,0,0
4.194,0,21.25,1.892,0.637,0.864,0,0,0
4.097,0,21.25,1.81,0.584,0.899,0,0,0
4.727,0,21.25,2.465,0.626,0.828,0,0,0
4.377,0,21.25,1.879,0.627,1,0,0,0
3.97,0,21.25,1.723,0.656,0.856,0,0,0
10.267,0,21.25,2.53,1.922,5.006,0,0,0
4.46,0,21.25,2.024,0.717,0.899,0,0,0
4.153,0,21.25,1.979,0.626,0.801,0,0,0
4.177,0,21.25,1.955,0.622,0.843,0,0,0
4.052,0,21.25,1.746,0.632,0.863,0,0,0
4.218,0,21.25,2.028,0.624,0.808,0,0,0
9.391,0,21.25,2.496,1.645,4.44,0,0,0
4.215,0,21.25,1.896,0.633,0.843,0,0,0
4.328,0,21.25,2.045,0.619,0.883,0,0,0
4.063,0,21.25,1.86,0.604,0.857,0,0,0
4.328,0,21.25,2.043,0.626,0.858,0,0,0
4.243,0,21.25,1.852,0.78,0.816,0,0,0
8.923,0,21.25,2.485,1.459,4.023,0,0,0
4.342,0,21.25,1.963,0.649,0.91,0,0,0
4.541,0,21.25,2.03,0.621,0.873,0,0,0
4.27,0,21.25,2.026,0.621,0.834,0,0,0
4.301,0,21.25,1.965,0.616,0.933,0,0,0
4.36,0,21.25,2.073,0.616,0.898,0,0,0
9.976,0,21.25,2.395,1.259,5.533,0,0,0
4.238,0,21.25,1.998,0.632,0.798,0,0,0
4.326,0,21.25,2.039,0.632,0.836,0,0,0
4.219,0,21.25,1.904,0.62,0.908,0,0,0
4.336,0,21.25,2.177,0.578,0.833,0,0,0
4.085,0,21.25,1.918,0.618,0.782,0,0,0
9.517,0,21.25,2.371,1.107,5.164,0,0,0
4.031,0,21.25,1.805,0.649,0.788,0,0,0
4.077,0,21.25,1.772,0.625,0.896,0,0,0
4.501,0,21.25,2.076,0.622,1.082,0,0,0
3.873,0,21.25,1.738,0.624,0.771,0,0,0
3.928,0,21.25,1.726,0.618,0.809,0,0,0
9.821,0,21.25,2.29,0.99,5.689,0,0,0
4.13,0,21.25,1.875,0.647,0.816,0,0,0
3.984,0,21.25,1.771,0.624,0.814,0,0,0
4.215,0,21.25,1.801,0.618,1.063,0,0,0
4.378,0,21.25,2.04,0.721,0.857,0,0,0
3.933,0,21.25,1.669,0.637,0.855,0,0,0
8.207,0,21.25,2.359,1.176,3.867,0,0,0
4.226,0,21.25,1.947,0.632,0.833,0,0,0
4.193,0,21.25,1.892,0.618,0.887,0,0,0
3.959,0,21.25,1.764,0.629,0.845,0,0,0
4.112,0,21.25,1.965,0.61,0.808,0,0,0
4.204,0,21.25,1.994,0.622,0.812,0,0,0
8.377,0,21.25,2.389,1.257,3.917,0,0,0
4.037,0,21.25,1.807,0.634,0.801,0,0,0
4.032,0,21.25,1.85,0.617,0.887,0,0,0
4.004,0,21.25,1.832,0.581,0.826,0,0,0
3.98,0,21.25,1.857,0.612,0.808,0,0,0
3.814,0,21.25,1.772,0.615,0.739,0,0,0
7.652,0,21.25,2.003,0.65,3.94,0,0,0
3.942,0,21.25,1.822,0.642,0.741,0,0,0
3.825,0,21.25,1.678,0.619,0.773,0,0,0
3.99,0,21.25,1.801,0.617,0.796,0,0,0
3.856,0,21.25,1.716,0.618,0.845,0,0,0
3.879,0,21.25,1.667,0.606,0.887,0,0,0
8.232,0,21.25,2.329,1.097,4.023,0,0,0
4.03,0,21.25,1.789,0.637,0.758,0,0,0
4.036,0,21.25,1.813,0.62,0.808,0,0,0
4.026,0,21.25,1.755,0.618,0.909,0,0,0
3.947,0,21.25,1.795,0.606,0.806,0,0,0
4.351,0,21.25,2.114,0.619,0.842,0,0,0
8.195,0,21.25,2.379,0.69,4.316,0,0,0
4.175,0,21.25,1.834,0.638,0.858,0,0,0
4.304,0,21.25,1.958,0.607,0.851,0,0,0
4.302,0,21.25,1.791,0.622,0.806,0,0,0
4,0,21.25,1.819,0.617,0.809,0,0,0
3.863,0,21.25,1.646,0.626,0.848,0,0,0
8.53,0,21.25,2.607,1.513,3.675,0,0,0
4.28,0,21.25,2.015,0.635,0.826,0,0,0
4.12,0,21.25,1.814,0.636,0.858,0,0,0
4.191,0,21.25,1.932,0.623,0.876,0,0,0
4.441,0,21.25,2.155,0.612,0.899,0,0,0
4.172,0,21.25,2.062,0.628,0.769,0,0,0
10.354,0,21.25,2.566,1.588,5.017,0,0,0
4.738,0,21.25,2.19,0.64,0.937,0,0,0
4.17,0,21.25,2.009,0.646,0.783,0,0,0
4.221,0,21.25,2.05,0.582,0.837,0,0,0
3.867,0,21.25,1.789,0.621,0.748,0,0,0
3.847,0,21.25,1.716,0.617,0.764,0,0,0
8.259,0,21.25,2.617,1.256,3.689,0,0,0
4.23,0,21.25,1.954,0.657,0.837,0,0,0
4.211,0,21.25,2.016,0.615,0.826,0,0,0
4.121,0,21.25,1.911,0.619,0.82,0,0,0
4.058,0,21.25,1.811,0.62,0.923,0,0,0
4.342,0,21.25,2.095,0.599,0.918,0,0,0
7.482,0,21.25,2.431,0.716,3.606,0,0,0
4.29,0,21.25,2.051,0.636,0.819,0,0,0
3.982,0,21.25,1.834,0.619,0.775,0,0,0
3.931,0,21.25,1.758,0.622,0.8,0,0,0
4.124,0,21.25,1.925,0.58,0.851,0,0,0
4.186,0,21.25,1.984,0.619,0.841,0,0,0
7.875,0,21.25,2.085,0.638,4.325,0,0,0
4.117,0,21.25,1.749,0.633,0.937,0,0,0
3.819,0,21.25,1.587,0.643,0.842,0,0,0
4.047,0,21.25,1.852,0.626,0.831,0,0,0
4.227,0,21.25,2.12,0.616,0.743,0,0,0
4.628,0,21.25,2.061,0.641,1.131,0,0,0
8.679,0,21.25,2.604,0.641,4.686,0,0,0
4.268,0,21.25,2.014,0.638,0.812,0,0,0
3.827,0,21.25,1.639,0.628,0.828,0,0,0
4.53,0,21.25,2.296,0.619,0.905,0,0,0
4.375,0,21.25,2.147,0.585,0.874,0,0,0
4.458,0,21.25,2.248,0.624,0.81,0,0,0
9.868,0,21.25,2.598,1.795,4.671,0,0,0
4.184,0,21.25,1.916,0.631,0.824,0,0,0
4.483,0,21.25,2.217,0.624,0.895,0,0,0
4.659,0,21.25,2.397,0.624,0.825,0,0,0
3.96,0,21.25,1.766,0.617,0.811,0,0,0
3.949,0,21.25,1.826,0.619,0.785,0,0,0
10.031,0,21.25,2.93,1.97,4.363,0,0,0
4.184,0,21.25,1.902,0.636,0.859,0,0,0
4.097,0,21.25,1.826,0.625,0.849,0,0,0
4.659,0,21.25,2.308,0.616,0.883,0,0,0
4.195,0,21.25,1.875,0.626,0.931,0,0,0
4.361,0,21.25,2.088,0.584,0.907,0,0,0
9.416,0,21.25,2.775,1.909,3.896,0,0,0
4.327,0,21.25,2.044,0.63,0.878,0,0,0
4.518,0,21.25,2.195,0.619,0.862,0,0,0
4.434,0,21.25,2.007,0.621,1.065,0,0,0
4.167,0,21.25,1.88,0.586,0.905,0,0,0
4.422,0,21.25,2.176,0.617,0.826,0,0,0
7.709,0,21.25,2.509,1.77,2.579,0,0,0
4.194,0,21.25,1.925,0.635,0.818,0,0,0
4.114,0,21.25,1.855,0.659,0.843,0,0,0
4.421,0,21.25,2.142,0.623,0.827,0,0,0
4.354,0,21.25,2.075,0.62,0.853,0,0,0
4.533,0,21.25,2.115,0.617,0.972,0,0,0
8.693,0,21.25,2.726,2.016,3.063,0,0,0
4.554,0,21.25,2.209,0.626,0.842,0,0,0
4.391,0,21.25,1.938,0.623,0.863,0,0,0
4.508,0,21.25,2.127,0.628,0.883,0,0,0
4.412,0,21.25,2.025,0.621,0.971,0,0,0
4.821,0,21.25,2.334,0.731,0.912,0,0,0
8.384,0,21.25,2.533,1.862,3.104,0,0,0
4.512,0,21.25,2.026,0.637,0.945,0,0,0
4.866,0,21.25,2.226,0.629,1.038,0,0,0
4.989,0,21.25,2.244,0.633,1.047,0,0,0
4.985,0,21.25,2.443,0.632,0.985,0,0,0
5.096,0,21.25,2.623,0.626,0.895,0,0,0
5.299,0,21.25,2.307,0.631,1.108,0,0,0
5.371,0,21.25,2.709,0.623,1.035,0,0,0
5.094,0,21.25,2.541,0.588,1.083,0,0,0
5.237,0,21.25,2.389,0.646,1.026,0,0,0
4.724,0,21.25,2.13,0.594,1.083,0,0,0
5.287,0,21.25,2.677,0.624,1.012,0,0,0
10.465,0,21.25,3.463,1.953,4.061,0,0,0
5.347,0,21.25,2.686,0.636,1.019,0,0,0
5.207,0,21.25,2.284,0.584,1.393,0,0,0
5.365,0,21.25,2.351,0.645,1.324,0,0,0
5.192,0,21.25,2.358,0.635,1.113,0,0,0
5.078,0,21.25,2.587,0.63,0.969,0,0,0
5.019,0,21.25,2.432,0.611,1.062,0,0,0
9.478,0,21.25,2.664,1.857,3.953,0,0,0
5.344,0,21.25,2.634,0.651,1.056,0,0,0
4.838,0,21.25,2.299,0.625,0.993,0,0,0
5.079,0,21.25,2.403,0.616,1.077,0,0,0
9.654,0,21.25,2.765,1.954,4.057,0,0,0
4.69,0,21.25,2.177,0.636,0.962,0,0,0
4.74,0,21.25,2.128,0.622,1.027,0,0,0
4.686,0,21.25,2.176,0.604,0.989,0,0,0
4.792,0,21.25,2.186,0.618,0.941,0,0,0
4.83,0,21.25,2.29,0.62,0.974,0,0,0
9.409,0,21.25,2.619,1.755,4.127,0,0,0
4.909,0,21.25,2.275,0.634,1.034,0,0,0
4.534,0,21.25,2.091,0.625,0.925,0,0,0
5.347,0,21.25,2.653,0.774,1.023,0,0,0
5.023,0,21.25,2.398,0.619,1.068,0,0,0
10.07,0,21.25,2.646,1.881,4.656,0,0,0
5.051,0,21.25,2.491,0.643,1.004,0,0,0
4.567,0,21.25,2.277,0.605,0.801,0,0,0
5.128,0,21.25,2.626,0.624,0.944,0,0,0
4.731,0,21.25,2.257,0.615,0.963,0,0,0
9.098,0,21.25,2.47,1.679,3.986,0,0,0
4.92,0,21.25,2.43,0.636,0.938,0,0,0
4.983,0,21.25,2.424,0.627,1.058,0,0,0
4.813,0,21.25,2.309,0.622,1.023,0,0,0
4.661,0,21.25,2.203,0.619,0.938,0,0,0
5.056,0,21.25,2.431,0.635,1.043,0,0,0
9.462,0,21.25,2.956,2.028,3.51,0,0,0
5.035,0,21.25,2.512,0.644,0.953,0,0,0
5.008,0,21.25,2.493,0.625,0.963,0,0,0
5.037,0,21.25,2.574,0.618,0.94,0,0,0
4.787,0,21.25,2.18,0.618,1.116,0,0,0
4.818,0,21.25,2.401,0.62,0.901,0,0,0
9.936,0,21.25,2.711,1.699,4.538,0,0,0
5.232,0,21.25,2.557,0.634,0.978,0,0,0
4.682,0,21.25,2.214,0.635,0.976,0,0,0
4.819,0,21.25,2.368,0.623,0.936,0,0,0
4.705,0,21.25,2.26,0.62,0.928,0,0,0
8.56,0,21.25,2.594,1.634,3.461,0,0,0
4.585,0,21.25,2.067,0.634,0.983,0,0,0
4.962,0,21.25,2.307,0.6,1.131,0,0,0
4.931,0,21.25,2.487,0.616,0.928,0,0,0
4.696,0,21.25,2.212,0.616,0.978,0,0,0
4.577,0,21.25,2.162,0.628,0.976,0,0,0
10.406,0,21.25,2.475,1.406,5.66,0,0,0
4.477,0,21.25,2.023,0.628,0.947,0,0,0
4.732,0,21.25,2.274,0.625,0.934,0,0,0
4.828,0,21.25,2.224,0.621,0.979,0,0,0
4.954,0,21.25,2.302,0.64,0.995,0,0,0
4.819,0,21.25,2.372,0.622,0.943,0,0,0
11.616,0,21.25,3.665,1.003,5.55,0,0,0
4.921,0,21.25,2.358,0.639,0.962,0,0,0
4.651,0,21.25,2.178,0.661,0.924,0,0,0
4.353,0,21.25,2.003,0.608,0.903,0,0,0
4.564,0,21.25,2.053,0.628,0.923,0,0,0
4.659,0,21.25,2.131,0.626,1.034,0,0,0
10.612,0,21.25,2.793,1.802,5.082,0,0,0
4.403,0,21.25,1.956,0.655,0.9,0,0,0
4.483,0,21.25,2.084,0.625,0.909,0,0,0
4.199,0,21.25,1.925,0.621,0.828,0,0,0
4.282,0,21.25,1.918,0.63,0.916,0,0,0
4.407,0,21.25,2.033,0.604,0.901,0,0,0
9.661,0,21.25,2.488,1.523,4.621,0,0,0
4.622,0,21.25,2.138,0.634,0.918,0,0,0
4.379,0,21.25,1.886,0.622,0.957,0,0,0
4.337,0,21.25,1.916,0.592,0.987,0,0,0
4.563,0,21.25,2.148,0.619,0.927,0,0,0
4.582,0,21.25,2.092,0.623,0.994,0,0,0
9.212,0,21.25,2.551,1.324,4.472,0,0,0
4.609,0,21.25,2.139,0.658,0.94,0,0,0
4.272,0,21.25,1.957,0.603,0.898,0,0,0
4.45,0,21.25,2.091,0.62,0.881,0,0,0
4.382,0,21.25,1.964,0.621,0.942,0,0,0
4.487,0,21.25,2.146,0.621,0.933,0,0,0
8.752,0,21.25,2.649,1.552,3.663,0,0,0
4.544,0,21.25,2.043,0.638,0.908,0,0,0
4.271,0,21.25,1.954,0.618,0.876,0,0,0
4.199,0,21.25,1.837,0.62,0.943,0,0,0
4.271,0,21.25,1.895,0.631,0.923,0,0,0
4.677,0,21.25,2.224,0.72,0.915,0,0,0
8.528,0,21.25,4.664,1.975,0.986,0,0,0
5.112,0,21.25,2.326,0.63,1.261,0,0,0
4.7,0,21.25,2.325,0.627,0.906,0,0,0
4.943,0,21.25,2.233,0.627,1.208,0,0,0
4.542,0,21.25,2.081,0.65,0.965,0,0,0
9.602,0,21.25,2.545,1.343,4.822,0,0,0
4.505,0,21.25,2.079,0.636,0.908,0,0,0
4.548,0,21.25,2.154,0.624,0.91,0,0,0
4.524,0,21.25,2.103,0.622,0.906,0,0,0
4.291,0,21.25,1.92,0.649,0.922,0,0,0
4.604,0,21.25,2.23,0.618,0.904,0,0,0
10.037,0,21.25,2.491,1.677,4.97,0,0,0
4.526,0,21.25,2.155,0.641,0.891,0,0,0
4.61,0,21.25,2.139,0.619,1.038,0,0,0
4.506,0,21.25,2.104,0.646,0.897,0,0,0
4.366,0,21.25,1.991,0.605,0.912,0,0,0
4.7,0,21.25,2.321,0.619,0.901,0,0,0
10.592,0,21.25,2.674,1.923,5.105,0,0,0
4.411,0,21.25,2.096,0.637,0.846,0,0,0
4.4,0,21.25,1.997,0.624,0.928,0,0,0
4.253,0,21.25,1.908,0.617,0.873,0,0,0
4.338,0,21.25,1.998,0.621,0.87,0,0,0
4.455,0,21.25,2.085,0.622,0.94,0,0,0
7.437,0,21.25,2.131,0.661,3.679,0,0,0
4.613,0,21.25,2.111,0.666,0.992,0,0,0
4.489,0,21.25,2.23,0.628,0.829,0,0,0
4.37,0,21.25,2.039,0.621,0.872,0,0,0
4.381,0,21.25,2.01,0.62,0.927,0,0,0
4.2,0,21.25,1.962,0.625,0.846,0,0,0
8.435,0,21.25,2.437,1.504,3.703,0,0,0
4.528,0,21.25,2.04,0.637,0.995,0,0,0
4.239,0,21.25,2.037,0.624,0.805,0,0,0
4.24,0,21.25,1.999,0.62,0.858,0,0,0
4.212,0,21.25,1.889,0.619,0.885,0,0,0
4.444,0,21.25,2.101,0.622,0.902,0,0,0
9.868,0,21.25,2.53,1.519,4.495,0,0,0
4.344,0,21.25,2.007,0.633,0.898,0,0,0
4.237,0,21.25,1.967,0.587,0.904,0,0,0
4.235,0,21.25,1.974,0.615,0.841,0,0,0
4.445,0,21.25,1.993,0.623,0.852,0,0,0
4.239,0,21.25,1.96,0.647,0.876,0,0,0
9.94,0,21.25,2.494,1.788,4.856,0,0,0
4.746,0,21.25,2.166,0.632,1.122,0,0,0
4.746,0,21.25,1.914,0.623,1.462,0,0,0
4.104,0,21.25,1.835,0.587,0.918,0,0,0
4.297,0,21.25,2.114,0.623,0.798,0,0,0
4.249,0,21.25,1.991,0.618,0.876,0,0,0
