0.00440825,-30.0424,1.01368,7.96929,4.29327,2.47492,0.0512178,
2.48524,-24.484,-3.49804,9.22166,-1.47459,1.86095,2.354,
2.52457,-24.471,-3.50028,9.25929,-1.51737,1.84687,2.35255,
0.159011,-24.5804,-0.576643,9.46327,1.11393,1.67581,0.266866,
0.192841,-24.5614,-0.581626,9.49723,1.10436,1.65856,0.307009,
0.234343,-24.5412,-0.587326,9.54207,1.0924,1.63923,0.355654,
0.277395,-24.5198,-0.594061,9.58451,1.07952,1.61879,0.40654,
0.321242,-24.4986,-0.601099,9.62679,1.06619,1.59812,0.458237,
0.365429,-24.4777,-0.608352,9.66887,1.05259,1.57734,0.510267,
0.409781,-24.457,-0.615797,9.71073,1.03877,1.55651,0.562441,
0.454221,-24.4367,-0.623438,9.75235,1.02476,1.53562,0.61467,
0.498707,-24.4166,-0.631289,9.79373,1.01054,1.51467,0.666906,
0.543212,-24.397,-0.639365,9.83486,0.996106,1.49365,0.719114,
2.32492,-24.215,-2.81585,9.75232,-1.17086,1.85086,1.99902,
2.32341,-24.1827,-2.77715,9.79679,-1.1782,1.88418,1.95661,
2.19495,-24.1626,-2.59265,9.8432,-1.04455,1.88909,1.80931,
2.06158,-24.1496,-2.39599,9.89152,-0.867787,1.8656,1.7048,
0.723738,-24.2987,-0.668537,10.0242,0.939537,1.39703,0.933681,
0.750798,-24.2782,-0.671112,10.0617,0.93286,1.38072,0.966518,
0.786083,-24.2595,-0.677125,10.1034,0.921767,1.36212,1.00836,
0.824599,-24.2413,-0.68481,10.143,0.90859,1.34215,1.05369,
0.86477,-24.224,-0.693475,10.1821,0.89429,1.32159,1.10076,
1.76158,-24.0018,-1.82444,10.17,-0.444874,1.94234,1.39996,
1.73475,-23.963,-1.7628,10.215,-0.445077,2.01207,1.31027,
1.66029,-23.9421,-1.63942,10.2602,-0.351026,2.01496,1.23501,
1.59071,-23.9316,-1.51632,10.3052,-0.230829,1.9752,1.20464,
1.53067,-23.9257,-1.40352,10.3495,-0.110093,1.91555,1.19813,
1.47816,-23.9208,-1.30066,10.3929,0.001106,1.85144,1.19786,
1.09999,-24.0911,-0.728644,10.4483,0.823797,1.19132,1.38033,
1.12924,-24.0709,-0.731007,10.4864,0.817007,1.17516,1.41568,
1.35037,-23.8786,-1.04567,10.5209,0.205773,1.775,1.10086,
1.30873,-23.8414,-0.97162,10.5643,0.209071,1.84679,0.98445,
1.27108,-23.8168,-0.892915,10.6077,0.260202,1.8633,0.938158,
1.24172,-23.7999,-0.820056,10.6504,0.324244,1.8472,0.927775,
1.21849,-23.7868,-0.753796,10.6923,0.387308,1.81511,0.931075,
1.19931,-23.7752,-0.692969,10.7335,0.444173,1.77788,0.936433,
1.18277,-23.7633,-0.636252,10.7741,0.493638,1.74197,0.938726,
1.16804,-23.7504,-0.582592,10.8144,0.536212,1.71079,0.93635,
1.15466,-23.7361,-0.53127,10.8545,0.572964,1.68571,0.929433,
1.14244,-23.7204,-0.481857,10.8944,0.604999,1.66683,0.918836,
1.13135,-23.7034,-0.434139,10.9344,0.633249,1.65357,0.90563,
1.12144,-23.6854,-0.388038,10.9743,0.658423,1.645,0.890838,
1.11278,-23.6666,-0.343557,11.0141,0.68103,1.64009,0.87533,
1.10546,-23.6471,-0.300731,11.0539,0.701421,1.63788,0.859785,
1.09954,-23.6273,-0.259597,11.0936,0.719837,1.63751,0.844708,
1.09506,-23.6073,-0.22018,11.1331,0.736449,1.6383,0.830446,
1.09201,-23.5871,-0.182479,11.1725,0.751389,1.63971,0.817224,
1.09036,-23.567,-0.146469,11.2118,0.764766,1.64135,0.805167,
1.09009,-23.547,-0.112099,11.2508,0.776684,1.64297,0.794331,
1.09111,-23.5272,-0.0793008,11.2897,0.787243,1.6444,0.784719,
1.09336,-23.5074,-0.0479883,11.3284,0.796545,1.64556,0.776297,
1.09673,-23.4879,-0.0180672,11.3669,0.804692,1.64641,0.769011,
1.10115,-23.4684,0.0105621,11.4053,0.811785,1.64698,0.762791,
1.10652,-23.4492,0.0380005,11.4434,0.817923,1.64727,0.757563,
1.11274,-23.4301,0.0643466,11.4814,0.8232,1.64734,0.753247,
1.11974,-23.4111,0.0896949,11.5192,0.827705,1.64723,0.749766,
1.12744,-23.3923,0.114134,11.5569,0.831521,1.64699,0.747047,
1.13576,-23.3736,0.137745,11.5944,0.834722,1.64665,0.745018,
1.14462,-23.355,0.160604,11.6317,0.837375,1.64624,0.743616,
1.15398,-23.3365,0.182777,11.6689,0.839541,1.6458,0.742779,
1.16377,-23.3181,0.204324,11.706,0.841273,1.64535,0.742452,
1.17395,-23.2999,0.225301,11.7429,0.842617,1.64489,0.742586,
1.18446,-23.2817,0.245755,11.7797,0.843616,1.64445,0.743136,
1.19527,-23.2636,0.265729,11.8164,0.844304,1.64402,0.744059,
1.20635,-23.2457,0.285261,11.8529,0.844715,1.64362,0.745319,
1.21766,-23.2278,0.304386,11.8893,0.844876,1.64324,0.746882,
1.22917,-23.2101,0.323134,11.9255,0.844812,1.64287,0.748717,
1.24086,-23.1925,0.341532,11.9617,0.844545,1.64253,0.750798,
1.25271,-23.1749,0.359605,11.9977,0.844095,1.64221,0.753099,
1.26469,-23.1575,0.377376,12.0336,0.843479,1.64191,0.755598,
1.27678,-23.1402,0.394863,12.0693,0.842713,1.64162,0.758274,
1.28897,-23.123,0.412085,12.105,0.841811,1.64134,0.761109,
1.30124,-23.1059,0.429059,12.1405,0.840786,1.64108,0.764086,
1.31358,-23.0889,0.4458,12.1759,0.839651,1.64082,0.76719,
1.32598,-23.0721,0.462322,12.2112,0.838416,1.64058,0.770407,
1.33842,-23.0553,0.478636,12.2464,0.837091,1.64034,0.773725,
1.35089,-23.0386,0.494755,12.2814,0.835685,1.64011,0.777133,
1.36339,-23.0221,0.510689,12.3163,0.834206,1.63988,0.780619,
1.3759,-23.0057,0.526448,12.3512,0.832662,1.63967,0.784175,
1.38842,-22.9894,0.54204,12.3859,0.83106,1.63945,0.787792,
1.40095,-22.9732,0.557473,12.4205,0.829406,1.63925,0.791463,
1.41346,-22.9571,0.572755,12.455,0.827705,1.63904,0.79518,
1.42597,-22.9411,0.587892,12.4893,0.825963,1.63885,0.798937,
1.43845,-22.9252,0.602891,12.5236,0.824185,1.63866,0.802728,
1.45092,-22.9094,0.617757,12.5577,0.822375,1.63847,0.806549,
1.46335,-22.8938,0.632495,12.5918,0.820537,1.63829,0.810393,
1.47576,-22.8782,0.647109,12.6257,0.818675,1.63811,0.814258,
1.48814,-22.8628,0.661605,12.6595,0.816792,1.63794,0.818138,
1.50047,-22.8474,0.675986,12.6933,0.81489,1.63777,0.822031,
1.51277,-22.8322,0.690256,12.7269,0.812973,1.63761,0.825933,
1.52502,-22.8171,0.704417,12.7604,0.811043,1.63745,0.829842,
1.53723,-22.8021,0.718474,12.7938,0.809102,1.6373,0.833754,
1.54939,-22.7872,0.732428,12.8271,0.807152,1.63715,0.837667,
1.56151,-22.7724,0.746282,12.8603,0.805195,1.637,0.841579,
1.57357,-22.7577,0.760039,12.8934,0.803233,1.63686,0.845489,
1.58558,-22.7431,0.7737,12.9264,0.801267,1.63673,0.849393,
1.59754,-22.7286,0.787269,12.9593,0.799299,1.6366,0.853292,
1.60944,-22.7142,0.800746,12.9921,0.797329,1.63647,0.857182,
1.62128,-22.6999,0.814133,13.0248,0.795359,1.63634,0.861064,
1.63307,-22.6857,0.827431,13.0573,0.79339,1.63623,0.864935,
1.64481,-22.6716,0.840643,13.0898,0.791423,1.63611,0.868794,
1.65648,-22.6577,0.85377,13.1222,0.789459,1.636,0.872642,
1.66809,-22.6438,0.866812,13.1545,0.787498,1.63589,0.876476,
1.67965,-22.63,0.879772,13.1867,0.785541,1.63579,0.880296,
1.69114,-22.6163,0.892649,13.2188,0.783589,1.63569,0.884101,
1.70257,-22.6028,0.905446,13.2509,0.781642,1.63559,0.887891,
1.71395,-22.5893,0.918162,13.2828,0.779701,1.6355,0.891665,
1.72526,-22.5759,0.9308,13.3146,0.777766,1.63542,0.895423,
1.73651,-22.5626,0.943359,13.3463,0.775838,1.63533,0.899163,
1.74769,-22.5495,0.95584,13.3779,0.773917,1.63525,0.902886,
1.75882,-22.5364,0.968245,13.4095,0.772004,1.63518,0.906592,
1.76988,-22.5234,0.980574,13.4409,0.770098,1.63511,0.910279,
1.78088,-22.5105,0.992828,13.4723,0.7682,1.63504,0.913948,
1.79182,-22.4977,1.00501,13.5035,0.76631,1.63497,0.917598,
1.8027,-22.485,1.01711,13.5347,0.764429,1.63491,0.92123,
1.81351,-22.4724,1.02914,13.5658,0.762557,1.63486,0.924842,
1.82426,-22.4599,1.0411,13.5968,0.760693,1.6348,0.928435,
1.83495,-22.4475,1.05298,13.6277,0.758838,1.63475,0.932009,
1.84558,-22.4352,1.0648,13.6585,0.756993,1.63471,0.935563,
1.85614,-22.423,1.07654,13.6892,0.755157,1.63466,0.939098,
1.86664,-22.4108,1.08821,13.7199,0.753331,1.63463,0.942612,
1.87708,-22.3988,1.09981,13.7504,0.751514,1.63459,0.946107,
1.88746,-22.3868,1.11134,13.7809,0.749706,1.63456,0.949582,
1.89777,-22.375,1.1228,13.8113,0.747909,1.63453,0.953037,
1.90803,-22.3632,1.13419,13.8416,0.746121,1.63451,0.956472,
1.91822,-22.3515,1.14551,13.8718,0.744343,1.63449,0.959887,
1.92835,-22.34,1.15677,13.9019,0.742575,1.63447,0.963282,
1.93842,-22.3285,1.16795,13.9319,0.740817,1.63446,0.966657,
1.94843,-22.3171,1.17907,13.9619,0.739069,1.63445,0.970012,
1.95837,-22.3057,1.19012,13.9918,0.737331,1.63444,0.973347,
1.96826,-22.2945,1.2011,14.0215,0.735603,1.63444,0.976661,
1.97808,-22.2834,1.21202,14.0512,0.733886,1.63444,0.979956,
1.98785,-22.2723,1.22287,14.0809,0.732178,1.63445,0.98323,
1.99755,-22.2614,1.23365,14.1104,0.730481,1.63446,0.986484,
2.0072,-22.2505,1.24437,14.1399,0.728794,1.63447,0.989718,
2.01678,-22.2397,1.25503,14.1693,0.727117,1.63448,0.992933,
2.0263,-22.229,1.26561,14.1986,0.725451,1.6345,0.996127,
2.03577,-22.2184,1.27614,14.2278,0.723794,1.63453,0.999301,
2.04517,-22.2078,1.28659,14.2569,0.722148,1.63455,1.00246,
2.05452,-22.1974,1.29699,14.286,0.720512,1.63458,1.00559,
2.06381,-22.187,1.30732,14.315,0.718887,1.63461,1.0087,
2.07303,-22.1767,1.31759,14.3439,0.717271,1.63465,1.0118,
2.0822,-22.1665,1.32779,14.3727,0.715666,1.63469,1.01488,
2.09131,-22.1564,1.33793,14.4014,0.714072,1.63473,1.01793,
2.10037,-22.1464,1.34801,14.4301,0.712487,1.63478,1.02097,
2.10936,-22.1364,1.35803,14.4587,0.710913,1.63483,1.02398,
2.1183,-22.1265,1.36798,14.4872,0.709349,1.63488,1.02698,
2.12718,-22.1168,1.37788,14.5157,0.707795,1.63494,1.02996,
2.136,-22.1071,1.38771,14.544,0.706251,1.635,1.03292,
2.14477,-22.0974,1.39748,14.5723,0.704717,1.63507,1.03585,
2.15348,-22.0879,1.40719,14.6006,0.703194,1.63513,1.03877,
2.16213,-22.0784,1.41684,14.6287,0.701681,1.6352,1.04167,
2.17072,-22.069,1.42643,14.6568,0.700178,1.63528,1.04455,
2.17926,-22.0597,1.43596,14.6848,0.698685,1.63535,1.04742,
2.18775,-22.0505,1.44543,14.7127,0.697202,1.63544,1.05026,
2.19617,-22.0413,1.45484,14.7406,0.69573,1.63552,1.05308,
2.20455,-22.0323,1.46419,14.7684,0.694267,1.63561,1.05589,
2.21286,-22.0233,1.47348,14.7961,0.692815,1.6357,1.05867,
2.22113,-22.0143,1.48272,14.8237,0.691372,1.63579,1.06144,
2.22933,-22.0055,1.49189,14.8513,0.68994,1.63589,1.06419,
2.23748,-21.9967,1.50101,14.8788,0.688518,1.63599,1.06692,
2.24558,-21.988,1.51007,14.9062,0.687105,1.6361,1.06963,
2.25363,-21.9794,1.51907,14.9336,0.685703,1.6362,1.07232,
2.26162,-21.9709,1.52802,14.9609,0.684311,1.63631,1.075,
2.26955,-21.9624,1.53691,14.9881,0.682928,1.63643,1.07765,
2.27743,-21.954,1.54574,15.0152,0.681556,1.63655,1.08029,
2.28526,-21.9457,1.55452,15.0423,0.680193,1.63667,1.08291,
2.29304,-21.9375,1.56324,15.0693,0.67884,1.63679,1.08551,
2.30076,-21.9293,1.5719,15.0963,0.677497,1.63692,1.08809,
2.30843,-21.9212,1.58051,15.1232,0.676164,1.63705,1.09065,
2.31605,-21.9132,1.58907,15.15,0.674841,1.63718,1.0932,
2.32361,-21.9053,1.59757,15.1767,0.673528,1.63732,1.09573,
2.33113,-21.8974,1.60601,15.2034,0.672224,1.63746,1.09824,
2.33859,-21.8896,1.6144,15.2301,0.67093,1.63761,1.10073,
2.346,-21.8818,1.62273,15.2566,0.669646,1.63775,1.10321,
2.35336,-21.8742,1.63102,15.2831,0.668372,1.6379,1.10566,
2.36067,-21.8666,1.63924,15.3095,0.667107,1.63806,1.1081,
2.36792,-21.8591,1.64742,15.3359,0.665852,1.63821,1.11053,
2.37513,-21.8516,1.65554,15.3622,0.664606,1.63837,1.11293,
2.38228,-21.8442,1.66361,15.3884,0.66337,1.63854,1.11532,
2.38939,-21.8369,1.67163,15.4146,0.662144,1.6387,1.11769,
2.39644,-21.8297,1.67959,15.4407,0.660927,1.63887,1.12004,
2.40345,-21.8225,1.6875,15.4667,0.65972,1.63905,1.12237,
2.41041,-21.8154,1.69536,15.4927,0.658523,1.63922,1.12469,
2.41731,-21.8084,1.70317,15.5186,0.657335,1.6394,1.12699,
2.42417,-21.8014,1.71093,15.5445,0.656156,1.63958,1.12928,
2.43098,-21.7945,1.71863,15.5703,0.654987,1.63977,1.13154,
2.43774,-21.7877,1.72629,15.596,0.653827,1.63996,1.13379,
2.44445,-21.7809,1.73389,15.6217,0.652677,1.64015,1.13603,
2.45111,-21.7742,1.74145,15.6473,0.651536,1.64035,1.13824,
2.45772,-21.7676,1.74895,15.6728,0.650404,1.64054,1.14044,
2.46429,-21.761,1.75641,15.6983,0.649282,1.64075,1.14262,
2.47081,-21.7545,1.76381,15.7238,0.648169,1.64095,1.14479,
2.47728,-21.7481,1.77117,15.7492,0.647065,1.64116,1.14694,
2.48371,-21.7417,1.77847,15.7745,0.645971,1.64137,1.14907,
2.49008,-21.7354,1.78573,15.7997,0.644886,1.64158,1.15119,
2.49641,-21.7292,1.79294,15.8249,0.64381,1.6418,1.15329,
2.5027,-21.723,1.8001,15.8501,0.642743,1.64202,1.15537,
2.50893,-21.7169,1.80721,15.8751,0.641685,1.64225,1.15744,
2.51512,-21.7108,1.81428,15.9002,0.640637,1.64247,1.15949,
2.52127,-21.7048,1.8213,15.9251,0.639597,1.6427,1.16153,
2.52737,-21.6989,1.82827,15.9501,0.638567,1.64294,1.16355,
2.53342,-21.6931,1.83519,15.9749,0.637546,1.64317,1.16555,
2.53943,-21.6873,1.84207,15.9997,0.636533,1.64341,1.16754,
2.54539,-21.6815,1.84889,16.0244,0.63553,1.64365,1.16951,
2.55131,-21.6759,1.85568,16.0491,0.634536,1.6439,1.17147,
2.55718,-21.6702,1.86241,16.0738,0.633551,1.64415,1.17341,
2.56301,-21.6647,1.8691,16.0983,0.632574,1.6444,1.17533,
2.56879,-21.6592,1.87575,16.1229,0.631607,1.64465,1.17724,
2.57453,-21.6538,1.88235,16.1473,0.630648,1.64491,1.17913,
2.58023,-21.6484,1.8889,16.1717,0.629699,1.64517,1.18101,
2.58588,-21.6431,1.89541,16.1961,0.628758,1.64544,1.18288,
2.59149,-21.6379,1.90188,16.2204,0.627826,1.6457,1.18472,
2.59705,-21.6327,1.9083,16.2447,0.626902,1.64597,1.18656,
2.60257,-21.6276,1.91467,16.2689,0.625988,1.64625,1.18837,
2.60805,-21.6225,1.921,16.293,0.625082,1.64652,1.19017,
2.61349,-21.6175,1.92729,16.3171,0.624185,1.6468,1.19196,
2.61888,-21.6125,1.93354,16.3411,0.623296,1.64708,1.19373,
2.62423,-21.6076,1.93974,16.3651,0.622417,1.64737,1.19549,
2.62954,-21.6028,1.94589,16.3891,0.621545,1.64766,1.19723,
2.63481,-21.598,1.95201,16.4129,0.620683,1.64795,1.19896,
2.64003,-21.5933,1.95808,16.4368,0.619829,1.64824,1.20067,
2.64522,-21.5887,1.96411,16.4606,0.618983,1.64854,1.20237,
2.65036,-21.584,1.97009,16.4843,0.618146,1.64884,1.20405,
2.65546,-21.5795,1.97604,16.508,0.617318,1.64914,1.20572,
2.66052,-21.575,1.98194,16.5316,0.616498,1.64945,1.20737,
2.66554,-21.5706,1.9878,16.5552,0.615686,1.64976,1.20901,
2.67052,-21.5662,1.99362,16.5787,0.614883,1.65007,1.21064,
2.67546,-21.5619,1.9994,16.6022,0.614088,1.65039,1.21225,
2.68036,-21.5576,2.00514,16.6256,0.613302,1.65071,1.21385,
2.68521,-21.5534,2.01083,16.649,0.612524,1.65103,1.21543,
2.69003,-21.5492,2.01649,16.6723,0.611754,1.65135,1.217,
2.69481,-21.5451,2.02211,16.6956,0.610992,1.65168,1.21855,
2.69955,-21.5411,2.02768,16.7189,0.610239,1.65201,1.22009,
2.70425,-21.5371,2.03322,16.742,0.609494,1.65234,1.22162,
2.70891,-21.5332,2.03871,16.7652,0.608757,1.65268,1.22313,
2.71353,-21.5293,2.04417,16.7883,0.608028,1.65302,1.22463,
2.71811,-21.5255,2.04959,16.8113,0.607308,1.65336,1.22611,
2.72266,-21.5217,2.05496,16.8343,0.606595,1.65371,1.22758,
2.72716,-21.518,2.0603,16.8573,0.605891,1.65405,1.22904,
2.73163,-21.5143,2.0656,16.8802,0.605195,1.65441,1.23048,
2.73606,-21.5107,2.07086,16.903,0.604507,1.65476,1.23191,
2.74045,-21.5071,2.07609,16.9258,0.603827,1.65512,1.23333,
2.74481,-21.5036,2.08127,16.9486,0.603155,1.65548,1.23473,
2.74913,-21.5001,2.08642,16.9713,0.602491,1.65584,1.23612,
2.75341,-21.4967,2.09153,16.994,0.601835,1.65621,1.2375,
2.75765,-21.4934,2.0966,17.0166,0.601187,1.65658,1.23886,
2.76185,-21.4901,2.10163,17.0392,0.600547,1.65695,1.24021,
2.76602,-21.4868,2.10663,17.0617,0.599915,1.65734,1.24155,
2.77016,-21.4836,2.11159,17.0842,0.599291,1.65773,1.24287,
2.77426,-21.4805,2.11651,17.1067,0.598676,1.65814,1.24418,
2.7783,-21.4774,2.12143,17.1291,0.598053,1.65838,1.24549,
2.78232,-21.4743,2.12629,17.1514,0.597447,1.65873,1.24678,
2.78632,-21.4713,2.13109,17.1737,0.596855,1.65915,1.24805,
2.79027,-21.4684,2.13587,17.196,0.596271,1.65956,1.24931,
2.7942,-21.4655,2.14061,17.2182,0.595694,1.65998,1.25055,
2.79808,-21.4626,2.14531,17.2404,0.595124,1.66039,1.25179,
2.80193,-21.4598,2.14998,17.2626,0.594561,1.6608,1.25301,
2.80574,-21.457,2.15462,17.2846,0.594006,1.66121,1.25422,
2.80952,-21.4543,2.15922,17.3067,0.593459,1.66162,1.25541,
2.81327,-21.4517,2.16379,17.3287,0.592918,1.66204,1.2566,
2.81698,-21.4491,2.16832,17.3507,0.592385,1.66245,1.25777,
2.82065,-21.4465,2.17282,17.3726,0.59186,1.66287,1.25893,
2.8243,-21.444,2.17728,17.3945,0.591342,1.66329,1.26007,
2.8279,-21.4415,2.18171,17.4163,0.590832,1.66371,1.26121,
2.83148,-21.4391,2.18611,17.4381,0.590329,1.66414,1.26233,
2.83502,-21.4368,2.19047,17.4599,0.589833,1.66457,1.26344,
2.83852,-21.4344,2.1948,17.4816,0.589345,1.665,1.26454,
2.842,-21.4322,2.19909,17.5033,0.588864,1.66544,1.26563,
2.84544,-21.4299,2.20335,17.5249,0.588391,1.66588,1.2667,
2.84884,-21.4277,2.20758,17.5465,0.587925,1.66633,1.26776,
2.85222,-21.4256,2.21178,17.5681,0.587467,1.6668,1.26882,
2.85557,-21.4235,2.21593,17.5896,0.587019,1.6673,1.26985,
2.85884,-21.4215,2.22012,17.6111,0.586546,1.66749,1.2709,
2.86212,-21.4195,2.22424,17.6325,0.5861,1.66787,1.27193,
2.86537,-21.4175,2.22829,17.6539,0.585672,1.66838,1.27292,
2.8686,-21.4156,2.23232,17.6753,0.585251,1.66887,1.27391,
2.87179,-21.4138,2.23632,17.6966,0.584836,1.66936,1.27489,
2.87494,-21.4119,2.24028,17.7179,0.584427,1.66985,1.27586,
2.87807,-21.4102,2.24422,17.7391,0.584024,1.67033,1.27681,
2.88116,-21.4084,2.24813,17.7603,0.583629,1.67081,1.27776,
2.88422,-21.4068,2.25201,17.7815,0.58324,1.67129,1.27869,
2.88725,-21.4051,2.25585,17.8026,0.582857,1.67177,1.27962,
2.89025,-21.4035,2.25967,17.8237,0.582482,1.67225,1.28053,
2.89322,-21.402,2.26346,17.8447,0.582113,1.67273,1.28143,
2.89615,-21.4005,2.26722,17.8657,0.581751,1.67322,1.28232,
2.89906,-21.399,2.27094,17.8867,0.581396,1.6737,1.2832,
2.90194,-21.3976,2.27464,17.9076,0.581047,1.67419,1.28407,
2.90478,-21.3962,2.27831,17.9285,0.580705,1.67468,1.28493,
2.9076,-21.3949,2.28194,17.9494,0.58037,1.67517,1.28578,
2.91039,-21.3936,2.28555,17.9702,0.580042,1.67567,1.28662,
2.91314,-21.3923,2.28913,17.991,0.57972,1.67617,1.28744,
2.91587,-21.3911,2.29268,18.0117,0.579404,1.67667,1.28826,
2.91857,-21.3899,2.2962,18.0325,0.579096,1.67717,1.28906,
2.92124,-21.3888,2.29969,18.0531,0.578794,1.67768,1.28986,
2.92389,-21.3877,2.30316,18.0738,0.578498,1.67819,1.29064,
2.9265,-21.3867,2.30659,18.0944,0.578209,1.6787,1.29142,
2.92908,-21.3857,2.31,18.1149,0.577927,1.67922,1.29218,
2.93164,-21.3848,2.31338,18.1355,0.577651,1.67973,1.29293,
2.93417,-21.3838,2.31673,18.156,0.577381,1.68026,1.29367,
2.93667,-21.383,2.32005,18.1764,0.577118,1.68078,1.29441,
2.93914,-21.3821,2.32334,18.1969,0.576861,1.6813,1.29513,
2.94159,-21.3813,2.32661,18.2173,0.576611,1.68183,1.29584,
2.94401,-21.3806,2.32985,18.2376,0.576367,1.68236,1.29654,
2.9464,-21.3799,2.33306,18.2579,0.576129,1.6829,1.29723,
2.94876,-21.3792,2.33625,18.2782,0.575898,1.68343,1.29792,
2.95109,-21.3786,2.33941,18.2985,0.575673,1.68397,1.29859,
2.9534,-21.378,2.34254,18.3187,0.575454,1.68452,1.29925,
2.95569,-21.3774,2.34564,18.3389,0.575241,1.68506,1.2999,
2.95794,-21.3769,2.34872,18.359,0.575034,1.68561,1.30054,
2.96017,-21.3764,2.35177,18.3792,0.574834,1.68616,1.30118,
2.96237,-21.376,2.3548,18.3992,0.57464,1.68671,1.3018,
2.96455,-21.3756,2.3578,18.4193,0.574452,1.68727,1.30241,
2.9667,-21.3753,2.36077,18.4393,0.57427,1.68783,1.30302,
2.96882,-21.3749,2.36372,18.4593,0.574094,1.68839,1.30361,
2.97092,-21.3747,2.36664,18.4792,0.573924,1.68895,1.3042,
2.973,-21.3744,2.36954,18.4992,0.57376,1.68952,1.30477,
2.97504,-21.3742,2.37241,18.519,0.573602,1.69009,1.30534,
2.97707,-21.374,2.37526,18.5389,0.57345,1.69066,1.30589,
2.97906,-21.3739,2.37808,18.5587,0.573305,1.69123,1.30644,
2.98103,-21.3738,2.38087,18.5785,0.573165,1.69181,1.30698,
2.98298,-21.3738,2.38364,18.5983,0.573031,1.69239,1.30751,
2.9849,-21.3738,2.38639,18.618,0.572904,1.69297,1.30803,
2.9868,-21.3738,2.38911,18.6377,0.572782,1.69355,1.30854,
2.98867,-21.3738,2.39181,18.6573,0.572667,1.69414,1.30904,
2.99052,-21.3739,2.39448,18.677,0.572557,1.69473,1.30953,
2.99234,-21.3741,2.39713,18.6965,0.572455,1.69532,1.31001,
2.99414,-21.3742,2.39975,18.7161,0.572358,1.69591,1.31049,
2.99591,-21.3744,2.40235,18.7356,0.572268,1.6965,1.31096,
2.99766,-21.3747,2.40493,18.7551,0.572185,1.6971,1.31141,
2.99938,-21.375,2.40748,18.7746,0.572109,1.69769,1.31186,
3.00108,-21.3753,2.41,18.794,0.572041,1.69829,1.3123,
3.00276,-21.3756,2.4125,18.8134,0.57198,1.69888,1.31273,
3.0044,-21.376,2.41498,18.8328,0.571928,1.69948,1.31316,
3.00603,-21.3764,2.41743,18.8521,0.571885,1.70007,1.31357,
3.00762,-21.3768,2.41985,18.8715,0.571852,1.70066,1.31398,
3.00919,-21.3773,2.42225,18.8907,0.57183,1.70124,1.31438,
3.01073,-21.3778,2.42462,18.91,0.571822,1.70182,1.31477,
3.01224,-21.3783,2.42696,18.9292,0.571828,1.70239,1.31515,
3.01371,-21.3789,2.42927,18.9483,0.571851,1.70295,1.31552,
3.01516,-21.3794,2.43154,18.9674,0.571895,1.7035,1.31589,
3.01656,-21.38,2.43378,18.9865,0.571962,1.70403,1.31625,
3.01793,-21.3806,2.43598,19.0055,0.572059,1.70453,1.31661,
3.01925,-21.3813,2.43814,19.0245,0.572191,1.70501,1.31696,
3.02052,-21.3819,2.44024,19.0435,0.572365,1.70545,1.3173,
3.02172,-21.3825,2.4423,19.0623,0.572593,1.70585,1.31764,
3.02286,-21.3831,2.44428,19.0811,0.572885,1.70619,1.31798,
3.02392,-21.3837,2.44619,19.0999,0.573257,1.70646,1.31831,
3.02488,-21.3843,2.44801,19.1185,0.57373,1.70664,1.31865,
3.02572,-21.3848,2.44971,19.137,0.574327,1.70671,1.31898,
3.02643,-21.3852,2.45129,19.1554,0.575079,1.70664,1.31932,
3.02696,-21.3855,2.4527,19.1737,0.576025,1.70639,1.31966,
3.02727,-21.3858,2.45391,19.1918,0.577214,1.70593,1.32002,
3.02733,-21.3858,2.45488,19.2097,0.578706,1.7052,1.32039,
3.02706,-21.3856,2.45555,19.2274,0.580577,1.70412,1.32078,
3.02639,-21.3852,2.45584,19.2447,0.582923,1.7026,1.3212,
3.02521,-21.3845,2.45566,19.2616,0.585861,1.70052,1.32166,
3.02341,-21.3835,2.4549,19.2779,0.589538,1.69769,1.32217,
3.02082,-21.382,2.45339,19.2936,0.59414,1.69386,1.32275,
3.01723,-21.3802,2.45097,19.3083,0.599907,1.68867,1.32343,
3.0124,-21.378,2.44738,19.3217,0.607178,1.68153,1.32425,
3.00602,-21.3757,2.44234,19.3331,0.616534,1.6715,1.3253,
2.99775,-21.3738,2.43548,19.3417,0.629256,1.657,1.32683,
2.98731,-21.3733,2.42641,19.3458,0.648927,1.63546,1.32954,
2.97515,-21.3766,2.41469,19.3426,0.687017,1.60323,1.33561,
2.9673,-21.3877,2.39707,19.3263,0.781682,1.55744,1.35137,
3.0452,-21.4136,2.29979,19.2843,1.03927,1.49244,1.40058,
2.62295,-21.345,2.9378,19.6558,-0.454319,1.93414,1.12471,
2.71802,-21.3812,2.82306,19.5994,-0.168895,1.86144,1.16616,
2.7986,-21.4292,2.72543,19.5219,0.181434,1.80141,1.1878,
3.03848,-21.506,2.5019,19.3859,0.935353,1.79165,0.753807,
2.22915,-21.1996,3.71079,20.3888,-2.88264,2.08074,3.44798,
2.47168,-21.2635,3.4992,20.2872,-2.20344,2.16441,2.92361,
2.65094,-21.307,3.33813,20.2087,-1.68006,2.21688,2.49273,
2.79205,-21.3281,3.19455,20.1517,-1.29306,2.13116,2.17385,
2.88195,-21.3461,3.09829,20.1025,-0.987273,2.14078,1.91074,
2.94181,-21.3579,3.0193,20.0574,-0.748443,2.12646,1.71416,
2.97672,-21.3683,2.95159,20.0081,-0.555133,2.08692,1.5689,
2.99082,-21.3846,2.88984,19.9438,-0.384977,2.01842,1.46245,
2.9895,-21.419,2.82902,19.8474,-0.200265,1.91267,1.36978,
3.01018,-21.4934,2.74182,19.6886,0.139013,1.76477,0.951644,
3.61435,-21.6526,2.15019,19.3969,1.78757,1.50941,-5.71324,
0.777103,-21.3191,6.38286,21.8747,-8.91176,3.84023,12,
1.53977,-21.4348,5.69821,21.6434,-7.02651,3.53585,12,
2.06339,-21.5778,5.25359,21.5532,-5.89437,3.63555,12,
2.4831,-21.7004,4.90264,21.4673,-4.91184,3.60413,12,
2.82002,-21.8021,4.64085,21.4257,-4.13951,3.59198,12,
3.01292,-21.8454,4.58484,21.5669,-3.98285,4.11113,11.1073,
2.53082,-21.8699,5.43081,22.0866,-5.71934,5.01504,12,
3.05515,-21.8985,4.81126,22.0692,-4.73291,5.61107,12,
3.2705,-21.9688,4.64964,22.0509,-4.20139,5.43806,12,
3.53371,-22.0548,4.40836,21.912,-3.34792,4.85701,7.77947,
3.63719,-22.0596,4.33095,21.882,-3.08616,4.65526,6.33659,
3.71207,-22.0718,4.28388,21.8714,-2.91108,4.51809,5.29397,
3.76756,-22.0834,4.25464,21.8684,-2.78482,4.39981,4.49148,
3.82244,-22.0944,4.22609,21.8715,-2.65669,4.28466,3.62075,
3.76751,-22.0669,4.32483,21.9931,-2.98726,4.60447,5.71476,
3.80679,-22.0903,4.31551,22.0247,-2.91684,4.59751,5.21692,
3.83613,-22.0904,4.30398,22.0389,-2.84732,4.54691,4.79035,
3.86471,-22.0848,4.29056,22.0492,-2.76452,4.50997,4.47661,
3.42642,-22.1762,5.02918,22.1908,-3.52711,4.32661,4.37476,
3.60637,-22.1671,4.85914,22.1894,-3.35465,4.29135,4.24665,
3.57509,-22.1881,4.99907,22.2127,-3.46242,4.42166,2.78271,
3.69319,-22.1668,4.87501,22.2106,-3.38575,4.31163,2.86109,
3.78414,-22.158,4.75922,22.1948,-3.25215,4.23993,2.75993,
3.41961,-22.254,5.32256,22.2863,-3.74551,4.53474,3.49551,
3.44748,-22.2979,5.31838,22.309,-3.69299,4.65916,3.34418,
3.32095,-22.2407,5.42109,22.4796,-4.49073,5.02667,8.22611,
3.70538,-22.4612,4.87468,22.1189,-2.62006,5.37166,2.29031,
3.58733,-22.3386,4.92848,22.2214,-3.39553,5.41472,7.35627,
4.66016,-22.5047,3.82669,21.9008,-1.08012,5.82078,0.480729,
0.394989,-22.7508,10.5724,24.4717,-12,5.74183,12,
1.66396,-22.7805,9.39947,24.3089,-12,4.39011,12,
2.91643,-22.6304,8.20924,24.5644,-11.4963,6.01359,12,
2.10583,-23.0427,10.3901,25.2402,-12,6.10211,12,
2.55337,-23.1155,10.6452,25.5303,-12,3.64113,12,
2.48217,-23.2953,11.4892,26.0077,-12,4.30785,12,
3.54832,-23.4263,10.5756,25.9725,-12,8.19108,12,
4.36802,-23.3506,9.93369,26.0155,-12,7.07053,12,
4.95621,-23.3436,9.45682,26.0085,-12,7.40782,12,
5.51215,-23.4498,8.96612,26.0004,-10.7555,8.92506,12,
5.95951,-23.4269,8.72109,26.0849,-10.5827,9.80725,12,
5.72142,-23.4375,9.47533,26.2913,-11.6406,8.49801,12,
6.11957,-23.369,9.14897,26.4042,-11.5264,9.23566,12,
6.6091,-23.2775,8.65985,26.3039,-10.865,10.2796,12,
6.71067,-22.8175,8.66515,26.2987,-11.9836,-1.18429,-7.65805,
6.66553,-23.1142,8.10619,25.4694,-9.75179,6.96285,9.86154,
7.03908,-23.1355,8.26162,26.419,-10.8302,9.63405,12,
7.23132,-23.0401,8.22187,26.7695,-11.3082,9.97319,12,
7.36829,-22.9178,8.07432,27.0458,-11.689,9.59778,12,
7.00759,-22.1095,8.35787,27.5739,-12,5.12525,10.0546,
6.81912,-22.2298,8.41253,27.4142,-12,4.70879,12,
6.00036,-22.5101,9.40085,26.9402,-12,7.38982,11.9736,
10.5625,-23.1729,3.47508,22.5077,12,12,-12,
4.9987,-22.947,11.75,27.5667,-12,-2.31559,10.4695,
5.39067,-22.6916,12.9232,28.3562,-12,-4.26521,-12,
6.92962,-22.2069,8.85163,26.7151,-12,7.30809,12,
10.8595,-23.0394,6.08717,24.5703,-8.81208,-4.15242,-12,
8.50524,-23.0015,8.01488,23.8422,-11.5724,-7.46205,-12,
18.2618,-21.6366,-7.93695,20.3553,12,12,-12,
14.3086,-21.9015,-4.1111,20.9072,10.5313,8.06736,-12,
11.9666,-22.0043,-1.86841,21.2905,7.51644,6.13732,-12,
10.157,-22.0257,-0.163833,21.6035,4.9942,5.11306,-12,
8.73941,-22.0065,1.14739,21.8524,2.9441,4.5188,-12,
7.64989,-21.9702,2.13107,22.0413,1.35821,4.15049,-11.708,
6.81998,-21.9285,2.85333,22.1782,0.175749,3.90148,-8.34201,
6.21193,-21.8953,3.34976,22.2633,-0.620893,3.72471,-5.93483,
5.73568,-21.8602,3.69975,22.3126,-1.18443,3.58724,-4.05737,
5.3571,-21.8274,3.93204,22.3252,-1.54751,3.47198,-2.63995,
5.04729,-21.8001,4.07073,22.2953,-1.72434,3.37999,-1.57856,
4.79302,-21.7851,4.13296,22.2047,-1.65994,3.34966,-0.79982,
4.68788,-21.7935,4.05839,22.0072,-1.05223,3.5253,-0.549964,
6.6981,-21.8329,1.91714,21.6019,1.28818,3.9334,-5.85252,
-4.08071,-22.9852,17.8194,25.2231,-12,-0.0590252,12,
-0.850519,-23.1144,14.3595,24.6153,-12,-2.1453,12,
0.317914,-23.1579,13.4422,24.4337,-12,0.0710977,12,
2.00669,-23.3073,11.8423,23.9998,-9.57306,-0.529592,11.6046,
1.71459,-22.283,12.8286,25.5583,-12,-0.00412755,12,
2.71834,-22.4022,11.9181,25.4999,-12,0.616169,12,
3.15565,-22.5237,11.7508,25.5862,-12,1.71097,12,
3.69155,-22.6802,11.4758,25.7353,-12,2.40967,12,
3.40878,-22.9418,12.3517,26.0811,-12,3.42087,12,
1.94961,-22.7981,14.7823,27.7199,-12,10.4913,12,
2.50281,-22.9269,15.7633,28.1124,-12,12,12,
3.25625,-23.0383,15.6372,28.9036,-12,12,12,
5.39324,-23.2178,13.4062,29.5694,-12,11.1018,12,
9.99932,-24.0105,7.84817,29.8463,-12,1.32616,12,
3.74429,-24.3296,16.4757,29.7784,-12,12,12,
7.50595,-25.299,12.8378,29.6894,-12,12,8.4256,
4.80096,-26.0113,16.6845,28.9595,-10.9787,12,-0.856231,
6.29757,-24.9332,14.1736,30.2101,-12,12,12,
5.82411,-24.6409,15.5744,30.9903,-12,12,12,
18.3266,-26.4428,-0.0270447,29.2605,-12,-12,-12,
12.6136,-23.1656,4.94261,28.1335,-12,-0.710455,-1.41362,
12.1399,-24.1017,6.34856,27.0029,-9.99496,8.28141,-12,
11.068,-23.7078,6.39165,26.2464,-9.2732,6.88076,-12,
10.5995,-23.616,6.63052,26.0795,-9.2141,6.76574,-9.95951,
10.2007,-23.5872,6.99223,26.1135,-9.49795,7.16125,-7.57379,
9.78213,-23.5647,7.37722,26.1846,-9.87195,7.64729,-5.42593,
9.40725,-23.5452,7.68594,26.2058,-10.1158,8.01097,-3.43315,
9.04353,-23.5292,7.98237,26.2191,-10.3731,8.36731,-1.59713,
8.76885,-23.5449,8.18671,26.1714,-10.4097,8.58907,-0.464974,
8.66104,-23.5733,8.2757,26.0982,-10.1922,8.80978,-1.20682,
8.42999,-23.5609,8.33631,26.0072,-10.1025,8.57415,0.26277,
8.03449,-23.6649,8.64099,25.9111,-9.72239,7.85084,-2.72367,
8.78669,-23.1529,6.90057,26.5811,-11.0983,10.1824,12,
8.33391,-23.2384,7.39657,27.2011,-11.8647,11.1705,12,
8.08809,-23.2439,7.68451,27.2266,-11.5914,10.8439,12,
7.53454,-23.2867,8.40642,27.2888,-11.9231,11.1905,12,
7.04094,-23.3781,9.06999,27.2598,-12,11.7147,11.7402,
7.01801,-23.2955,9.04764,27.3753,-12,11.8196,12,
5.71662,-24.0855,11.0059,26.3344,-8.59383,12,-11.1477,
6.55588,-23.0952,7.91548,25.491,-8.18584,7.06526,-1.48368,
5.76864,-23.522,9.43354,25.6458,-7.27725,8.94503,-1.90415,
3.20937,-23.1237,12.9944,26.8178,-12,12,11.7278,
4.94797,-23.3656,11.0769,27.655,-12,11.06,7.77334,
7.33484,-23.5131,7.80269,26.7065,-9.3587,9.40501,0.135661,
7.0567,-23.3642,7.73497,26.3215,-8.94121,8.92759,3.25075,
7.33661,-23.3576,7.42334,26.5565,-9.61192,7.99207,5.60748,
6.23445,-23.3342,9.15813,26.7736,-10.4719,12,5.52209,
3.32225,-22.1444,13.0082,28.4669,-12,12,12,
5.92403,-22.8209,10.4137,28.1273,-12,12,9.67646,
7.44312,-23.2346,8.47943,27.531,-11.5397,8.79949,2.86116,
7.36128,-23.0931,8.41836,27.127,-11.1889,7.48428,3.26838,
7.41121,-23.0855,8.42516,27.1476,-11.445,6.88948,4.46657,
7.7408,-23.1302,8.14529,27.3477,-12,5.93056,4.7153,
5.22579,-23.3843,11.654,27.6674,-12,12,12,
6.42533,-24.1441,10.6217,27.407,-10.0994,12,7.46507,
7.72064,-23.3208,8.71414,27.7655,-12,9.82675,4.86393,
7.32994,-23.5336,9.26346,27.3652,-10.5789,10.1703,7.19073,
7.30171,-23.5498,9.45023,27.4688,-10.9294,10.5639,6.6465,
7.34835,-23.6065,9.41878,27.3336,-10.6403,10.4714,5.51116,
7.53283,-23.664,9.1725,27.2317,-10.4684,9.66691,3.7536,
6.80402,-23.0433,9.94776,27.976,-12,12,12,
7.13334,-23.1865,9.88519,28.5017,-12,12,11.4831,
6.7562,-23.8264,10.619,28.0375,-12,12,10.8118,
7.34247,-23.1691,9.40458,28.5028,-12,12,8.59788,
8.17556,-23.7044,8.23774,27.393,-9.56608,9.80611,-2.53197,
6.96565,-22.5503,8.45666,27.3514,-11.4016,9.34743,7.51113,
8.32212,-23.0425,7.17421,27.1556,-10.3822,6.41842,-4.74821,
6.40262,-22.5764,8.5439,26.7162,-10.3834,11.3162,5.6757,
6.60723,-22.8617,8.32983,26.8814,-9.59277,12,4.27103,
7.37717,-22.6912,6.87959,26.5638,-8.2214,7.02957,-0.606548,
7.10058,-22.4779,6.80111,26.1087,-7.84956,5.97453,-0.263264,
6.95638,-22.4203,6.80892,26.0844,-8.13788,5.41297,0.54432,
6.90228,-22.6692,6.87631,25.5673,-6.67136,7.54363,-4.58472,
6.73882,-22.4147,6.57571,25.3147,-5.44019,9.37155,7.22089,
7.51481,-23.2558,6.23115,25.863,-5.58691,6.55127,-8.78786,
6.5212,-22.3654,6.95655,26.0512,-7.80057,10.0053,12,
5.93916,-22.8805,8.56415,27.9173,-10.7336,12,2.92652,
5.9998,-22.6844,8.19405,27.6984,-10.5524,12,2.86526,
6.25316,-22.935,7.80147,27.2229,-9.01831,12,0.32872,
8.08981,-23.0794,5.19719,26.3601,-5.50371,5.87467,-12,
7.44785,-22.6135,5.53483,25.7396,-5.96688,4.97631,-7.80704,
6.97972,-22.5794,6.05656,25.8992,-6.87404,5.86638,-7.45213,
8.20603,-22.6618,4.18606,25.2428,-3.63423,4.90747,1.40046,
7.69783,-22.6941,4.61434,25.435,-4.22861,5.71596,1.69318,
7.2297,-22.6481,4.97717,25.3796,-4.44385,6.12453,1.40647,
6.91298,-22.5318,5.13919,25.4593,-4.85562,4.35005,1.87408,
7.19634,-22.6552,4.81768,25.4093,-4.13211,3.49219,1.38608,
3.93245,-22.2388,9.21032,26.8367,-11.293,12,6.92634,
4.40865,-22.4183,8.76363,27.1946,-10.9873,12,7.63639,
4.65215,-22.3889,8.46927,27.3249,-10.8685,12,7.81703,
6.64696,-22.5657,5.8333,26.6913,-7.20005,6.91137,-2.13471,
6.45163,-22.5059,5.74455,26.1281,-6.25221,7.07815,-0.97403,
5.92574,-22.7736,6.53709,25.8981,-5.62323,9.23007,-2.41892,
6.24643,-22.879,6.10065,25.7907,-5.74889,8.59943,-0.470118,
5.13068,-22.3615,7.4853,26.752,-9.29444,12,9.31209,
5.83612,-22.6126,6.80741,26.7617,-8.16865,10.8576,5.51035,
5.67815,-22.4564,6.81458,26.7865,-8.45061,10.3024,5.59684,
6.00213,-22.6692,6.33793,26.4145,-7.13916,10.8115,3.76347,
5.96303,-22.6742,6.15411,26.258,-6.68163,9.05342,2.66847,
5.99963,-22.5989,5.95705,26.2246,-6.48643,8.98216,2.93472,
5.96718,-22.7431,6.00042,26.0841,-5.92396,10.2847,2.6687,
5.40518,-22.5213,6.62936,26.3589,-6.76726,10.3381,2.21048,
5.87671,-22.7541,6.1133,26.1399,-6.30453,9.43409,1.89078,
5.54339,-22.4339,6.45536,26.5672,-7.65456,10.4735,6.41331,
5.49769,-22.4924,6.83696,26.9813,-8.67217,11.2644,6.3862,
5.93071,-22.5129,6.26915,26.9382,-8.12982,7.66956,2.07066,
5.83667,-22.2703,6.02129,26.7581,-7.52121,10.7687,5.56351,
5.67471,-22.4943,6.28224,26.792,-7.28635,12,5.72246,
5.58967,-22.1367,6.15586,27.0749,-7.74452,9.58249,5.22427,
6.55442,-22.7732,5.15157,26.1735,-4.82075,6.93184,-3.22521,
5.21452,-21.6251,6.42982,27.0085,-8.64227,9.93253,8.46968,
5.83684,-22.5137,6.56101,27.0174,-7.6032,12,5.23072,
6.02338,-21.9854,5.75269,27.2611,-8.17657,6.13142,1.72735,
6.37114,-22.4765,5.20208,26.1184,-4.8636,7.28655,-3.18571,
5.96634,-22.3963,5.33527,25.6344,-3.90575,7.4586,-4.22601,
5.86132,-22.386,5.33773,25.4489,-3.7274,7.36704,-3.25054,
5.75641,-22.3209,5.45178,25.5736,-4.26836,7.04341,-2.43596,
6.0664,-22.1134,5.00032,25.9438,-5.37046,4.21758,-1.08739,
5.00893,-21.742,6.41774,26.8222,-8.62521,10.1321,8.88104,
4.90125,-22.1866,6.96802,27.0917,-8.56749,12,9.99203,
5.90994,-22.6237,5.67908,26.4393,-5.41302,9.30896,-0.950507,
6.17874,-22.3378,4.64225,25.9275,-4.27963,5.34452,-1.8836,
5.77577,-22.3057,5.09801,25.836,-4.18808,8.4121,-1.42072,
5.72012,-22.3623,5.13784,25.7692,-4.11232,9.04992,-0.137201,
5.43129,-22.1927,5.47638,26.1121,-5.35281,9.41401,1.97884,
5.55245,-22.1664,5.35174,26.2695,-6.03049,8.28619,3.59742,
5.42325,-22.2512,5.64709,26.2338,-5.65726,9.37614,2.34057,
5.68849,-22.1199,5.15601,26.2803,-6.14085,5.45885,1.62069,
5.66501,-22.2057,5.13668,26.0899,-5.42613,5.92108,0.671662,
5.59265,-21.7764,4.98404,26.4418,-5.99301,9.09217,5.51442,
5.49828,-21.8255,5.10072,26.7285,-6.3529,10.3833,6.62662,
5.89265,-22.2347,4.53956,26.2538,-4.27026,7.84364,-0.609141,
5.4188,-22.0462,4.74538,25.9231,-3.81616,8.60655,0.410968,
5.41273,-22.1073,4.72705,25.8741,-3.64674,8.97582,0.495498,
4.89061,-22.1894,5.44848,25.9296,-4.66963,9.02321,1.54066,
5.01133,-21.9712,5.27293,26.2318,-5.61117,7.11919,2.22547,
5.20411,-21.9634,5.01373,26.3518,-6.03552,4.48962,2.03476,
5.5198,-22.0231,4.5979,26.1868,-4.65192,7.587,3.92469,
5.48991,-22.3787,4.73892,25.8333,-3.21498,11.4665,-0.560721,
5.47857,-22.1618,4.42968,25.9086,-3.38696,7.99828,-1.97169,
5.12706,-21.8105,4.69047,26.3393,-4.81803,8.77041,3.95755,
5.08287,-21.9415,4.91863,26.7363,-5.25164,8.33165,3.04835,
5.02714,-21.7002,4.99305,27.0249,-6.11952,10.0007,4.682,
5.42912,-22.0608,4.59427,26.7644,-4.30575,9.85599,2.08709,
4.95387,-21.5529,4.97253,27.2448,-6.68588,9.36165,4.37233,
5.87256,-22.1902,3.93719,26.481,-3.39172,5.75704,-5.14631,
5.32309,-21.9567,4.19736,25.9656,-3.21071,6.37274,-2.43396,
5.2912,-22.2579,4.29224,25.7538,-2.42419,8.03468,-3.2142,
5.14323,-22.1653,4.32806,25.8047,-2.88109,7.7817,-1.63373,
5.44565,-22.1719,3.8224,25.6622,-2.20972,7.33142,-1.94083,
5.14528,-21.6994,4.01121,26.2127,-4.31897,6.17195,1.42657,
5.39943,-21.8426,3.76397,26.1213,-3.65322,4.60734,4.62147,
5.46609,-22.0891,3.85827,25.8016,-2.58428,6.40009,1.98758,
4.84555,-22.2496,4.70626,25.647,-3.37724,5.17818,0.466243,
4.52225,-22.0466,5.00559,25.783,-4.20521,3.94057,0.971521,
5.14341,-21.5616,3.90964,26.0607,-3.89527,5.75518,1.20306,
5.08968,-21.5597,3.90991,26.039,-3.67997,5.42938,1.16744,
5.06925,-21.5693,3.88798,26.0446,-3.61028,4.99324,1.34903,
5.10056,-21.8883,3.95001,25.773,-2.61647,6.10181,-0.203028,
4.12198,-22.0361,5.22992,25.5835,-2.5026,11.1752,1.92923,
4.27059,-21.809,5.12608,26.0098,-4.57786,9.80509,2.41178,
4.41723,-21.5629,4.87187,26.3429,-5.28301,4.63687,0.734099,
4.35644,-21.7817,4.96768,26.1018,-4.76854,2.7547,1.92919,
4.88403,-21.9897,4.42982,25.8654,-3.50574,7.99724,-0.22358,
4.55511,-21.6655,4.6473,26.1361,-4.85785,8.75426,2.92492,
5.55049,-21.7487,3.1702,25.9276,-2.39706,5.36509,1.79055,
5.61574,-21.7422,2.9537,25.6898,-0.981234,9.40127,1.92941,
5.48931,-21.5047,2.98571,26.0161,-2.00339,6.28756,2.55762,
4.33221,-21.5242,4.62327,26.3526,-5.13512,3.7728,2.74537,
4.45742,-21.6846,4.57174,26.1844,-4.37338,5.29565,2.18821,
4.3413,-21.8456,4.74368,26.0084,-3.80202,6.40253,1.04308,
4.94475,-21.9838,3.88436,25.6563,-2.04083,8.15868,1.02097,
4.52932,-21.8819,4.39495,25.9338,-3.49927,9.13007,2.11521,
4.67088,-21.8446,4.0606,26.1587,-3.93483,4.64516,2.08006,
5.22625,-21.6611,3.16413,26.167,-2.41385,8.6385,2.79987,
5.01767,-21.7837,3.3699,26.047,-2.13677,9.84502,2.50028,
4.85767,-21.6611,3.40157,26.057,-2.38235,8.76743,2.10541,
5.35393,-21.6308,2.59983,25.917,-1.08269,3.28144,-1.22356,
4.9603,-21.1403,2.85991,26.2177,-2.4624,2.4491,2.47535,
4.9286,-21.2904,3.0732,26.2472,-2.39742,2.83144,1.4471,
4.47945,-21.5773,3.7322,25.9369,-2.26763,8.65239,1.21937,
4.37093,-21.5751,3.7896,25.9716,-1.98555,9.27487,1.25761,
3.77851,-21.6093,4.5557,26.3197,-4.40669,3.04827,1.15354,
3.90521,-21.7733,4.51231,26.1245,-3.86458,4.57428,1.81265,
3.83959,-21.9465,4.58377,26.0596,-3.50947,4.4393,-0.0967187,
4.70913,-21.7921,3.16674,25.7718,-0.938498,9.29474,1.81992,
3.94355,-21.8021,4.05031,26.1463,-2.99824,5.46996,3.52455,
4.34582,-21.8761,3.68922,26.1,-2.02705,6.93136,0.474724,
4.18227,-21.5742,3.60787,26.1545,-2.54086,7.67951,2.56331,
4.36794,-21.2032,3.24498,26.6507,-2.9917,3.75848,4.94928,
4.54538,-21.2869,3.20153,26.5122,-2.56336,4.26192,1.98152,
4.82233,-21.3006,2.71273,26.2412,-1.75996,2.20149,1.38591,
4.60496,-21.0259,2.89469,26.5995,-2.90377,1.22765,3.88332,
4.22669,-21.6079,3.72768,26.1971,-2.57757,6.93223,0.389533,
4.01677,-21.7902,3.73295,25.9281,-1.58603,9.09531,0.440761,
3.99471,-21.9482,3.60091,25.6607,-0.176398,9.44158,1.42025,
4.00687,-21.759,3.49959,26.1028,-1.50655,6.01948,0.0851786,
4.10054,-21.6643,3.30243,26.2624,-1.98021,6.52932,1.84387,
4.0479,-21.7656,3.47433,26.3443,-2.05671,7.60582,1.21385,
3.75504,-21.6862,3.76047,26.4584,-2.28991,8.00908,3.06347,
4.0128,-21.9445,3.56161,26.2327,-1.53355,8.05158,0.212863,
4.08846,-21.5795,3.16717,26.4906,-2.21339,6.51925,1.50501,
3.84772,-21.5175,3.45631,26.5593,-2.4502,7.62702,4.18452,
4.41422,-21.3396,2.69309,26.8645,-1.96605,2.3775,2.34083,
3.57072,-21.252,3.8059,26.8554,-3.36437,6.15716,5.00083,
4.28118,-21.7018,3.08401,26.454,-1.10058,7.47609,1.59578,
3.0597,-21.9237,4.64806,26.3412,-3.4995,1.44751,-0.879327,
4.37295,-21.2909,2.77359,26.4093,-1.26351,8.24357,2.75022,
3.52799,-21.6164,4.07017,26.5292,-3.52747,2.2334,1.25193,
3.56178,-21.6841,4.15464,26.3379,-3.02712,3.88337,0.660637,
3.84773,-21.5206,3.75435,26.4426,-2.96039,1.75365,0.329256,
3.97644,-21.6102,3.67775,26.2312,-2.37909,3.83751,0.238996,
3.80309,-21.5139,3.89772,26.3104,-2.41837,4.02883,1.43942,
4.07158,-21.6178,3.60354,26.2912,-2.37626,4.23778,0.755992,
3.96831,-21.7445,3.67091,26.1795,-2.15032,5.05768,0.400157,
4.31381,-21.8096,3.0154,25.9669,-0.567566,6.97552,0.413692,
4.72276,-21.5756,2.12661,25.8956,1.18257,11.457,2.55478,
4.89165,-21.0022,1.37989,26.6655,-0.125112,2.74346,3.28038,
4.84959,-21.2549,1.44807,26.1729,1.14913,3.58185,0.910336,
4.63502,-21.327,1.6079,25.8913,1.5776,3.23624,-0.0514418,
4.62391,-21.2561,1.53537,25.9313,1.67727,1.25085,0.850192,
3.41509,-21.1625,3.24005,26.3393,-1.52674,7.99868,4.63674,
3.64912,-21.4047,2.98967,26.4891,-1.17673,7.57414,3.31414,
3.67085,-21.4277,2.83254,26.4633,-0.688363,7.64793,2.11466,
3.70117,-21.5235,2.72287,26.3275,-0.0354165,8.01252,1.3199,
3.55505,-21.4242,2.85016,26.4892,-0.593646,7.6471,2.49275,
3.88701,-21.3041,2.48426,26.5947,-0.419487,7.28727,3.12623,
2.5272,-21.9611,4.55975,26.3587,-3.08254,1.74004,-0.5791,
4.49582,-20.7435,1.41903,27.1185,0.277486,3.4421,4.43075,
3.86594,-21.6594,2.67791,26.2461,0.609833,9.46369,1.56375,
3.02171,-21.7818,3.6358,26.3761,-1.58472,4.35977,0.68858,
3.87242,-21.3264,2.30886,26.5501,-0.0527996,7.19927,2.27199,
3.87421,-21.2618,2.20129,26.6358,-0.262944,6.78351,2.19637,
4.16044,-21.9938,1.97784,25.8225,2.2279,-0.781779,-2.68248,
3.77142,-21.3551,2.3291,26.0029,1.29292,9.56992,2.45588,
2.72554,-21.5291,3.94625,26.5119,-2.66706,-0.738569,0.609058,
3.05983,-21.4315,3.78166,26.3568,-2.36297,1.9963,1.33688,
3.34052,-21.3376,3.54859,26.4089,-2.26697,1.92693,1.51265,
3.44492,-21.2777,3.51039,26.429,-2.26325,2.22127,2.06248,
3.71313,-21.4437,3.31876,26.2047,-1.48124,3.2388,0.899312,
3.67218,-21.3161,3.25129,26.3238,-1.81989,-0.416403,0.376856,
5.29918,-21.1067,0.947782,26.1777,2.06741,-0.752377,0.12455,
3.29849,-21.6895,3.69014,25.9365,-1.22888,3.28814,-0.172504,
4.52966,-21.4391,1.71542,25.9522,2.20217,9.35202,1.04583,
4.22015,-21.2983,1.73237,26.3798,1.15777,7.59907,2.91203,
4.03953,-21.4246,1.88653,26.4424,1.13204,8.87054,2.42917,
3.95291,-21.8386,1.97175,25.9117,2.3458,9.07835,0.101942,
3.84261,-21.5692,1.82598,25.9662,1.80121,6.9941,0.926528,
4.13838,-20.6194,1.07121,27.2175,-0.104078,-3.33857,3.5986,
4.06543,-20.9505,1.42054,26.6951,1.02604,-1.71311,1.34159,
3.55112,-21.4992,2.26886,25.7932,1.91057,7.72648,1.70904,
3.45735,-21.7308,2.29661,25.6869,2.44064,7.77549,0.774859,
3.48886,-21.5124,2.10873,26.0208,1.72121,5.37709,0.296325,
3.49939,-21.2216,2.11471,26.3308,1.28847,6.92473,2.28049,
2.716,-21.4046,3.44068,26.6085,-1.99967,-1.10686,0.650072,
2.78696,-21.5498,3.57769,26.3123,-1.65802,0.650179,0.719132,
2.93212,-21.5861,3.34949,26.321,-1.21291,-0.253124,-0.082216,
4.15261,-21.3829,1.62819,25.9367,2.66739,9.59522,1.94244,
3.16396,-21.3834,2.75192,26.302,-0.671678,1.67487,0.595917,
3.86017,-21.2585,1.72008,26.2213,1.30232,-0.0286364,1.76608,
3.88908,-21.2771,1.64773,26.3047,1.42992,-2.80418,0.829557,
3.56202,-21.3475,2.097,26.0881,1.44677,7.4206,2.81384,
3.55505,-21.4814,1.97301,26.1328,2.12119,8.16938,1.83295,
3.5943,-21.2414,1.67291,26.5292,1.26458,4.85451,2.27593,
3.35228,-21.3569,2.01254,26.4907,1.24922,6.06485,2.70375,
3.44098,-21.2313,1.85816,26.6321,1.28706,6.04846,2.61887,
3.7011,-21.1558,1.57624,26.587,1.7465,6.77567,2.68982,
2.28298,-21.5137,3.7151,26.538,-1.91653,0.914561,0.712762,
2.6713,-21.2649,3.21039,26.3787,-0.895607,3.65927,1.22823,
4.79542,-21.2804,0.272866,25.9046,4.45794,-6.40267,-1.47625,
3.61673,-21.0686,1.72257,25.9871,1.61032,-4.15625,0.485498,
2.3046,-21.4981,3.71133,25.9397,-0.995995,1.47906,0.64327,
3.70291,-21.3764,1.5885,25.7944,3.24267,8.6693,2.92618,
3.36509,-21.2795,1.78632,26.3319,1.88159,7.43231,2.91452,
3.44499,-21.7242,1.67233,25.9009,3.08486,6.58253,0.833718,
3.2194,-21.3603,1.73556,26.3769,1.82959,6.87395,2.38806,
3.02476,-21.4651,2.01479,26.1855,2.29142,8.63485,1.41735,
4.01571,-20.7177,0.291377,27.144,2.19551,-7.42927,2.28151,
2.97987,-21.2313,1.94386,26.0597,2.03998,6.01608,1.77388,
3.01033,-21.1159,1.72329,26.2361,1.99054,5.50087,2.02462,
3.04121,-21.0409,1.64762,26.1985,2.39908,6.50933,2.10788,
3.27618,-20.8658,1.33423,26.6642,1.26668,-6.71397,1.57183,
1.99959,-21.4148,3.43494,25.9181,-0.127814,0.363048,0.349935,
3.498,-20.9452,1.34988,26.0261,3.13955,6.98303,2.59306,
2.29538,-21.1494,2.99211,26.4486,-0.997039,-1.6172,1.43964,
2.12992,-21.343,3.26361,26.3848,-1.11569,-1.31495,1.20444,
3.83741,-21.4115,0.791673,25.7647,4.81325,7.97796,1.4638,
3.86607,-21.5607,0.378164,25.4933,6.09721,7.53044,1.25346,
2.81659,-21.0863,1.58037,26.365,2.35422,6.90311,2.93824,
3.02806,-20.9951,1.24061,26.9547,1.16738,-7.83889,1.89146,
2.89541,-21.2531,1.60567,26.0442,2.90759,6.75799,2.13144,
3.01762,-20.9793,1.14246,26.5253,2.26187,4.4579,2.88447,
2.99582,-21.6658,1.33405,25.7194,3.98002,5.09274,0.669178,
2.93061,-21.0371,1.14744,26.3535,2.86131,5.4058,2.26259,
2.94825,-20.857,1.16901,26.3646,2.91608,6.52577,2.75604,
3.17786,-20.6902,0.958148,26.7305,1.87879,-8.28301,2.00213,
2.15102,-20.8611,2.72576,26.1791,-0.28613,-1.97166,1.63015,
2.34803,-20.8699,2.61769,26.05,0.179087,-0.120605,2.02879,
2.31219,-20.8101,2.60974,26.1391,-0.134214,-1.9503,1.61388,
3.81952,-20.9306,0.506681,25.8052,4.57385,-5.72731,1.13831,
3.53078,-20.6444,0.741956,25.8576,4.02215,7.06421,3.52199,
1.78215,-21.2254,3.08982,26.1961,-0.261347,0.0685197,2.24113,
3.29101,-21.4571,1.05773,25.6592,4.62148,6.90493,1.94081,
3.05737,-21.6451,1.13113,25.6707,4.74072,6.59222,1.12726,
3.05316,-21.6899,0.994789,25.7343,4.88935,6.48523,1.02823,
3.00062,-21.6313,0.955018,25.9422,4.33441,4.80479,1.73315,
2.95012,-21.2547,0.884133,26.5185,3.15537,4.22367,2.19011,
2.78986,-21.2388,1.11058,26.5475,2.79114,5.47358,2.60215,
2.60418,-21.2132,1.35237,26.3593,3.04895,6.88737,1.91415,
3.62166,-20.2021,-0.45362,27.7964,2.34547,-12,4.94115,
2.57432,-21.0078,1.3861,26.0939,3.16056,5.3482,2.31697,
2.76969,-21.0868,1.10596,25.8846,4.37305,7.39107,1.94761,
1.3756,-21.1391,3.10287,26.3603,-0.760355,-6.07948,0.385148,
1.57535,-20.7858,3.00245,26.3338,-0.97583,-4.29568,2.28401,
4.31911,-21.1876,-0.574402,25.3616,6.37578,-12,0.309938,
1.50759,-21.0437,3.04736,25.5097,0.912472,0.566591,3.9723,
3.5246,-20.7974,0.34395,25.4089,6.27275,9.9323,2.85548,
2.05264,-20.9947,2.31037,25.8642,1.55998,-3.17931,0.987598,
2.06771,-21.1807,2.58255,25.5024,1.77422,-0.374261,0.350787,
2.73989,-20.8059,1.63539,25.8776,1.92896,-1.58336,0.802129,
2.18639,-21.046,2.43631,25.7503,0.886132,-1.35391,2.10563,
3.57066,-20.9505,0.369614,26.0119,4.03804,-9.7277,5.4586,
3.28711,-21.219,0.614696,25.3394,5.77839,6.89702,0.0574966,
2.99881,-21.181,0.624984,25.5837,5.28914,4.61658,0.878768,
2.88155,-21.1684,0.661786,25.8689,4.65102,2.93708,0.560131,
2.88694,-21.0098,0.540592,26.2293,4.29272,2.98556,3.00505,
2.78505,-21.0597,0.665567,26.4314,3.94188,2.50349,2.52539,
2.64456,-21.2069,0.863043,26.4017,4.12282,3.34391,2.02535,
2.50684,-21.281,0.99478,26.4241,4.08371,4.42053,2.14195,
2.45481,-21.2315,1.00439,26.5329,3.78668,4.42258,2.50519,
2.37309,-21.266,1.15657,26.4096,3.84481,4.95205,1.25781,
2.53415,-20.8279,0.833099,26.7084,2.99909,2.44783,0.934823,
2.5433,-21.55,1.09305,25.773,4.04169,-6.65827,6.53118,
2.40798,-21.4362,1.28404,25.9196,3.67871,-10.7176,2.03058,
2.64217,-20.7986,1.01167,26.0444,4.45901,6.29345,1.67033,
1.59135,-20.8843,2.48534,26.4491,0.424144,-5.96717,0.896238,
1.83111,-20.8846,2.45408,26.3121,0.598692,-3.94231,1.92713,
2.06493,-20.9454,2.30518,26.3153,0.82705,-3.75365,1.5953,
1.91496,-21.1731,2.55892,26.1685,1.17928,-2.43935,1.31687,
3.28064,-20.8236,0.537406,26.2075,4.78656,6.15331,2.36034,
1.9213,-21.4786,2.23265,26.1222,1.80312,-6.86244,0.816904,
3.10804,-20.7153,0.315043,26.5325,4.14646,2.79994,2.67018,
2.91562,-21.29,0.50042,25.8993,5.19449,3.80642,1.99581,
2.87041,-21.679,0.539568,25.374,6.78935,5.69527,0.415739,
2.77583,-20.6992,0.299767,26.4986,4.39617,3.39832,2.73668,
2.23083,-21.1277,1.21458,26.3209,2.9399,-6.68162,3.6146,
2.83795,-20.939,0.389923,26.5516,4.18687,-11.2729,3.55578,
2.37583,-21.0989,1.04805,26.0005,4.74321,5.20098,1.27441,
2.36881,-21.6659,0.972059,25.4777,5.71823,4.27216,0.360311,
2.3785,-21.6584,0.829485,25.6295,5.74649,4.4057,0.905605,
2.10224,-21.0334,0.973083,26.5305,3.88554,5.29067,2.47194,
2.27283,-20.8886,0.666547,26.5867,3.61566,3.18135,1.1262,
2.15493,-20.9262,0.788097,26.1452,3.951,1.20575,-1.28055,
3.31177,-21.2026,-0.751625,25.3456,7.80358,-12,7.58207,
2.63197,-20.1335,-0.0749963,26.4703,4.53321,-12,4.8269,
0.666901,-20.6575,3.2297,26.028,0.102413,-3.20068,1.61467,
1.29343,-20.7766,2.95236,26.2672,0.293486,-3.27568,1.73195,
1.85756,-21.195,2.63072,26.038,1.97433,-1.69474,0.468323,
4.15889,-20.7579,-0.445205,26.1519,6.98781,6.27545,0.828301,
2.11054,-21.3427,2.35847,26.3662,2.01928,-1.90129,0.212178,
2.98018,-21.1909,1.2468,26.4538,3.93979,0.483175,-0.314782,
3.41533,-21.1567,0.784326,26.3958,4.50668,0.113861,-1.02793,
1.19241,-21.3357,4.05826,26.7101,-2.00745,-0.673531,0.650963,
2.81681,-21.4331,1.79525,26.4216,2.61873,-2.49012,3.4416,
4.81731,-20.8142,-1.22624,26.4319,7.78915,6.78629,1.6183,
2.49836,-20.9958,1.77666,26.571,1.92566,-2.89124,2.18651,
2.51927,-20.7634,1.81385,26.6071,1.243,-2.6564,2.47285,
2.12689,-20.6625,2.18501,26.4897,0.550506,-2.91371,1.45276,
4.16923,-21.0119,-0.82885,25.3799,7.53213,-10.5937,4.83375,
4.30422,-20.7672,-1.65561,25.258,8.98599,-12,0.776036,
2.84977,-21.0689,0.00983236,24.9845,6.7788,-12,3.56451,
2.60673,-20.7439,0.128751,25.3558,6.91531,7.59155,0.725058,
2.38079,-20.9492,0.0520495,25.442,6.84089,4.25832,0.124624,
2.24623,-21.1857,0.130726,25.3551,7.33628,5.18484,-0.901661,
1.9734,-20.7795,0.259314,25.9665,5.57023,3.11354,2.42235,
1.94462,-20.6178,0.27013,26.2119,4.94416,1.33084,-0.431273,
2.68023,-21.3802,-0.568428,25.2336,7.30854,-12,9.21832,
1.63832,-21.8273,0.835267,24.5436,7.10059,-7.48644,3.5563,
1.39365,-20.321,0.925609,26.5058,4.24654,2.80885,1.15925,
0.556385,-21.0155,2.64363,26.24,1.65593,-5.12006,1.11435,
0.640354,-21.1377,3.04505,26.1155,0.936477,-6.50047,1.59011,
1.241,-21.2875,2.57979,25.8789,2.25673,-6.09496,1.23372,
1.55638,-21.3646,2.33737,25.8604,3.04278,-7.28541,1.36464,
2.89856,-21.0613,0.646968,26.2996,4.52178,-10.1591,0.602396,
0.152022,-20.1981,4.44847,27.818,-4.18425,9.44783,3.25565,
0.028403,-21.2115,5.19805,27.1648,-3.98208,3.09669,4.86198,
4.41556,-21.3817,-1.01146,26.1121,8.35173,3.56269,1.49143,
3.73956,-21.3166,-0.821163,26.2279,7.88075,3.13889,1.95852,
3.18092,-21.36,-0.418978,26.1893,7.47189,3.31202,0.544789,
2.85354,-21.0162,-0.30371,26.4965,6.14926,1.90414,2.14381,
2.65164,-20.9613,-0.196904,26.3522,5.81952,-1.81468,-0.983963,
2.95944,-20.993,-0.794506,26.2911,6.30555,-12,9.78759,
2.99408,-21.0385,-1.01344,25.858,8.49391,-10.6358,4.35239,
1.63654,-20.6148,0.829558,26.2433,5.26964,2.95902,2.83211,
2.33757,-20.9596,0.291822,25.9973,7.04788,4.02055,0.0388185,
0.296082,-21.211,3.4527,26.4341,0.810644,-5.31506,0.322102,
1.11842,-21.1599,2.75712,26.3864,1.58543,-9.45801,-0.109586,
1.31008,-21.0967,2.68484,26.1273,2.04489,-4.94175,0.727634,
1.65493,-21.1003,2.3809,26.0583,2.64544,-4.55873,0.917378,
1.93781,-21.0831,2.13738,26.044,3.19714,-4.72977,0.3109,
2.45567,-20.606,1.41584,26.7655,1.99712,-8.8824,5.20985,
1.50511,-20.8369,2.88643,26.5759,0.221747,1.73383,2.71556,
2.26882,-21.1199,1.82631,26.4573,2.271,-5.93118,1.52776,
3.92148,-20.8226,-0.881514,26.1236,7.56233,4.41965,1.60185,
3.51019,-20.9773,-0.761023,25.6917,8.46069,6.57267,-0.752537,
3.73291,-20.1956,-1.71704,26.8941,7.165,-11.8633,9.0288,
4.07175,-20.4782,-2.39588,26.15,9.2911,-12,6.98539,
0.932043,-21.1809,2.04784,25.547,4.28432,-1.07754,1.52273,
2.25754,-20.9164,0.406395,25.9279,6.80065,6.62895,-0.0965336,
2.02004,-20.8837,0.593613,26.2771,6.16351,7.72811,0.740525,
2.01768,-20.5555,0.353937,26.6939,4.95199,3.27097,-0.235302,
3.09333,-22.5358,-0.8203,24.3865,10.0751,-12,-2.14105,
1.48186,-20.3618,0.648266,26.4791,4.98685,3.1731,3.51773,
1.61011,-20.5496,0.598773,26.5212,5.63547,4.84876,3.07887,
2.19197,-20.611,0.0615929,26.3098,6.78275,5.46332,3.31747,
0.00619773,-21.0064,3.42225,26.4016,0.266938,-7.21938,-0.145786,
0.288706,-20.8897,3.33628,25.918,1.1261,-6.01137,-1.05187,
3.99463,-20.0765,-2.07907,26.3389,7.82683,-12,12,
0.369107,-20.3065,2.64896,26.3266,0.548124,-10.9002,5.04201,
0.122655,-20.8241,3.26483,26.0128,0.793098,-9.7806,1.39501,
2.91173,-20.8764,-0.677258,25.0759,9.03926,4.96388,-0.577406,
1.56153,-20.6664,0.556997,25.7972,5.98599,1.97423,12,
0.732889,-19.7401,1.0351,27.2787,3.17625,1.48124,-3.58643,
2.00426,-21.2279,-0.0747738,25.2169,8.19578,-3.34663,-1.17682,
2.24293,-20.7419,-0.818739,25.726,7.5797,-6.46291,2.23799,
0.912924,-21.7988,1.15065,24.9647,5.8005,-9.52275,8.78167,
-0.501611,-21.3861,2.98738,26.1935,1.90451,-8.02913,-0.72417,
1.75069,-21.6225,0.195315,25.5273,7.98765,4.27311,1.07868,
2.08415,-22.0554,-0.271318,25.3161,9.91362,4.21539,-2.7344,
0.890516,-20.8444,1.18486,27.5553,2.92154,-1.2145,12,
0.00221839,-20.9422,2.45373,27.2899,2.43116,11.1899,11.864,
0.163941,-20.5648,2.36446,28.374,0.674089,-4.16799,8.25706,
0.880889,-20.6624,1.78796,28.1034,1.98333,-1.95814,6.3695,
0.270581,-20.0891,2.66959,28.6255,-0.0491373,9.12228,10.1751,
0.870276,-20.091,1.97015,28.2291,1.48862,5.85864,1.2153,
3.76273,-22.2446,-1.42655,25.0519,10.5172,-12,12,
1.25495,-21.6851,1.61132,25.2021,5.31146,-12,5.02291,
-0.381052,-20.4821,3.71416,26.5924,0.461716,-7.40644,9.56764,
5.53729,-21.3772,-4.10526,25.6838,12,-12,12,
-0.325402,-19.2999,3.78059,27.7094,0.95413,12,-11.2037,
-0.471274,-20.9238,5.30783,27.214,-1.38828,1.26004,3.04851,
3.95788,-20.2038,-0.998581,27.5709,7.74412,1.96451,4.44151,
-0.627952,-21.0523,5.09143,26.7717,-0.421835,7.73238,-12,
6.84635,-21.976,-4.74515,24.5751,12,-5.43485,-12,
-0.127537,-21.6856,4.83569,26.1448,0.363299,-1.66969,-12,
0.722084,-21.1649,3.9329,27.0353,-0.899011,-6.12297,-8.63362,
-0.690274,-20.8974,5.42627,27.6693,-4.41081,0.145083,2.78588,
6.16847,-24.7192,-3.8649,21.5979,12,-6.04513,-4.71551,
4.54187,-23.2746,-3.37085,23.3299,12,-4.1326,-0.772303,
4.83838,-22.6416,-4.72752,24.1,12,-12,-10.1567,
0.180004,-19.6301,0.946447,27.2745,3.72355,12,12,
2.3646,-21.6684,-1.82155,24.9976,10.0958,-12,12,
0.916142,-20.5792,-0.551847,25.9457,6.47804,-12,12,
1.6851,-22.0811,-1.24505,23.5917,11.5399,-12,12,
-0.724693,-19.8187,1.46345,26.5854,4.02294,0.307891,11.4386,
-0.244164,-20.3695,1.23187,26.621,5.34363,-0.0168614,10.2191,
2.72353,-21.898,-2.58937,24.6777,12,-11.2789,9.68067,
0.945446,-20.4822,-0.979465,26.4516,9.24518,5.80593,3.33461,
0.987332,-20.7121,-0.690157,26.7245,8.13827,2.58983,2.44367,
0.541749,-21.8487,0.223455,26.0788,7.79133,-12,8.8032,
0.610524,-21.1112,-0.117809,26.6451,8.44974,-4.98455,7.25042,
1.12427,-21.3467,-0.647195,26.7055,8.57739,-12,0.583395,
0.792332,-21.518,0.182333,25.8813,8.81805,2.22521,-1.90095,
1.42287,-22.5907,-0.422811,25.3654,9.73413,-12,2.35812,
1.79189,-20.2363,-1.82385,27.8387,9.90252,-7.44148,0.292869,
2.10749,-19.5206,-2.2884,28.9619,8.25935,-9.03635,3.61556,
2.87951,-23.4054,-2.11132,24.2274,12,-12,10.0812,
-4.6103,-21.7745,7.76606,27.3893,-4.85348,-0.641257,-0.582956,
2.21812,-21.8177,-0.686007,26.565,10.0773,10.8728,7.33992,
2.44942,-22.2842,-1.53836,26.0816,11.3691,-12,12,
2.35491,-21.7855,-1.90336,26.1972,11.8552,-12,12,
3.49596,-22.6302,-3.13698,25.016,12,-12,4.95736,
3.81149,-21.6812,-2.23417,25.2243,12,5.13753,-3.30665,
-4.82231,-15.3404,9.22144,35.2166,-12,12,-12,
3.8086,-21.6156,-0.981131,26.6996,10.3493,-2.99314,3.25639,
7.52381,-21.1187,-6.57751,26.5183,12,-10.2531,7.22066,
-1.26828,-21.9,6.45693,26.7663,-2.26937,-11.8741,-10.7644,
0.51458,-21.3853,4.85067,27.2019,-2.346,-9.28658,-6.34827,
-2.21605,-21.1394,8.38436,27.683,-8.27037,2.68388,-0.163281,
7.09417,-21.7266,-5.09503,25.5504,12,-12,12,
6.58267,-20.9454,-5.4747,25.8161,12,-12,12,
2.33752,-21.1538,0.270464,26.2522,6.80139,-12,12,
4.41079,-22.0959,-2.17847,25.357,12,-12,-4.19926,
0.823563,-21.1104,2.89052,26.5716,4.51755,12,-7.47568,
2.50968,-21.0823,0.888012,27.6854,6.32241,5.94953,-4.71921,
2.84229,-21.5949,0.478631,28.0473,6.81143,3.07742,-0.0523878,
2.49686,-21.3998,0.872693,28.5786,6.63006,12,-3.20518,
2.76052,-21.0966,0.690169,29.5402,5.02211,12,-3.15411,
2.15564,-23.1364,2.04234,28.2791,3.10466,-11.5957,5.15012,
3.76709,-21.5108,-0.758429,29.2826,6.03338,4.76354,3.66896,
1.05229,-22.9006,3.33109,28.1126,0.395803,-3.41394,-4.39487,
0.924421,-21.515,3.05608,28.5456,1.09868,12,7.02954,
6.13923,-22.8638,-4.97039,26.7606,12,12,12,
7.32691,-23.2681,-7.53626,25.8272,12,-0.44762,-4.12329,
4.06718,-22.1425,-3.39766,26.4189,12,-8.94661,4.19486,
0.541574,-20.0891,0.829749,28.6984,5.45119,12,-9.85873,
5.66764,-22.7286,-4.8329,26.4184,12,-12,12,
0.422457,-20.0312,1.66923,29.2715,3.59599,8.01703,-8.96976,
1.51164,-19.1753,1.79882,31.1775,-0.46744,12,-9.37589,
0.249687,-21.7819,4.77477,28.6015,-1.25804,9.98674,12,
5.41206,-23.1755,-2.93727,26.6459,12,12,6.21069,
3.08392,-22.3892,-0.874351,27.4744,8.64206,12,12,
2.71265,-21.5563,-0.803766,28.5628,8.85115,12,10.2107,
2.05778,-20.9141,0.2657,28.9053,9.18729,12,12,
6.23242,-21.9829,-4.36684,27.4856,12,-4.09083,-4.60083,
-9.37593,-19.4011,17.8825,32.0261,-12,9.29047,-12,
5.70347,-25.2834,-0.380353,23.5144,12,-5.53483,0.607534,
-3.30326,-24.6035,11.9486,26.7005,-7.46305,2.9225,-12,
6.43635,-21.3037,-0.19934,29.6946,9.57476,12,-12,
0.684488,-24.8822,9.36754,30.3106,-10.0166,-9.51895,11.1014,
0.0467542,-26.1401,10.6405,31.6953,-12,-12,12,
8.07512,-17.3487,-3.14382,36.9966,8.14788,12,5.37948,
9.64187,-23.8548,-5.99428,31.8313,12,12,12,
16.1263,-24.4258,-15.7007,29.0186,12,-7.74094,-12,
-1.16441,-24.5753,9.54087,29.9371,-6.37641,-9.34615,-12,
1.40882,-24.2381,7.13229,29.5348,-3.08198,-6.85579,-12,
2.58074,-23.4188,5.87437,30.0383,-3.61426,-5.19545,-12,
2.94092,-22.6945,5.28781,30.4993,-5.23869,-1.93287,-12,
1.1176,-22.4558,7.27918,30.0072,-6.84807,6.24018,-12,
13.1354,-22.2076,-10.8152,27.9882,12,-12,12,
6.47634,-22.9036,-2.42759,26.8972,10.8531,-11.8095,-0.91383,
2.29851,-21.7897,3.03462,28.2402,-0.165886,-2.75441,12,
4.17185,-23.065,0.443359,26.4752,5.5656,-12,10.9084,
3.41397,-23.269,0.927691,26.2385,6.40406,-12,12,
3.52514,-20.8948,-0.7019,30.1998,9.75597,-12,12,
8.74855,-22.727,-7.25669,25.6336,12,4.88654,6.87061,
-2.31861,-22.3325,8.88256,30.7621,-8.09266,8.83703,-5.37698,
-0.943834,-24.5818,9.16848,31.4241,-7.98942,-2.35935,-5.9525,
6.72918,-23.6261,-0.14593,32.806,8.76992,12,-12,
2.08947,-22.7587,7.77722,41.036,-4.1238,12,-12,
11.7388,-19.9667,-4.67511,60.0227,-3.48202,12,12,
9.6089,-20.8424,-1.20672,58.3952,-6.1835,12,12,
8.4983,-19.9441,2.33156,60.6163,-7.04279,12,12,
4.43335,-23.9396,10.734,56.6772,-12,12,12,
4.91204,-22.8016,11.5435,58.942,-12,12,12,
6.34851,-20.6742,10.3797,60.4604,-12,12,12,
3.61041,-10.0191,14.0098,73.8434,-12,12,12,
6.20717,-8.19831,13.8721,72.7384,-12,2.67531,12,
3.03448,-39.6079,18.8359,41.5064,-12,-12,12,
4.27879,17.4886,-5.91169,87,-12,4.64346,12,
16.0105,17.5253,-23.0896,87,-0.835655,12,-12,
27.0336,1.34688,-40.5017,87,12,12,-12,
14.1394,26.5654,-29.5403,87,12,12,12,
13.1149,14.6739,-27.0912,87,12,12,12,
14.8463,7.98306,-23.6067,71.3456,12,12,12,
16.1544,-6.67864,-16.6699,46.2267,12,9.56682,12,
4.037,-22.5801,3.30656,28.6428,-0.163135,1.16462,0.795968,
