0.0166924,0.146275,-0.216188,-2.86835,0.243463,1.42663,-0.886752,0.442703,-0.0550212,0.649485,0.0434099,0.730797,0.160776,0.751752,-0.0487997,0.0747639,0.152564,0.0989292,0.210162,-0.0030387,-0.0754744,0.194002,-2.23545e-17,-1.86037e-17,-4.71845e-18,3.98293e-17,1.33227e-18,-8.83738e-17,-9.86865e-19,6.16791e-18,
0.0171591,0.147229,-0.21583,-2.86725,0.240861,1.4281,-0.890872,0.442703,-0.0550212,0.649485,0.0434099,0.730797,0.160776,0.751752,-0.0487997,0.116683,0.238578,0.0894377,0.275686,-0.650527,0.368649,-1.02997,-1.06521e-17,-6.90139e-18,8.32667e-19,3.98293e-17,7.54952e-18,-9.41469e-17,-1.13489e-17,1.62833e-17,
0.0180367,0.147776,-0.215587,-2.86628,0.24262,1.42613,-0.887044,0.442703,-0.0550212,0.649485,0.0434099,0.730797,0.160776,0.751752,-0.0487997,0.219392,0.136769,0.0607209,0.240899,0.439813,-0.49151,0.956996,0.0396362,-0.0328238,-6.10623e-18,4.01068e-17,5.77316e-18,-9.41469e-17,-7.89492e-18,1.43095e-17,
0.0189035,0.148147,-0.215383,-2.86546,0.246106,1.4227,-0.882458,0.442862,-0.0551525,0.649485,0.0434099,0.730797,0.160776,0.751752,-0.0487997,0.216693,0.0928108,0.0509763,0.206164,0.871523,-0.859022,1.14656,0.0354933,-0.0294304,-6.10623e-18,5.06539e-17,1.77636e-17,-8.83738e-17,2.46716e-18,2.44249e-17,
0.0197002,0.148386,-0.215244,-2.86481,0.250235,1.41843,-0.877745,0.443004,-0.0552702,0.649485,0.0434099,0.730797,0.160776,0.751752,-0.0487997,0.199189,0.0597665,0.0347446,0.163073,1.03232,-1.06811,1.17817,0.0315926,-0.0263398,-1.11022e-17,5.14866e-17,1.5099e-17,-8.92619e-17,1.97373e-18,3.28133e-17,
0.0204623,0.148445,-0.215179,-2.8644,0.254681,1.41372,-0.872997,0.44313,-0.0553756,0.649485,0.0434099,0.730797,0.160776,0.751752,-0.0487997,0.190518,0.0146353,0.0163753,0.100086,1.11155,-1.17578,1.18712,0.0278968,-0.0235461,-1.02696e-17,4.6213e-17,1.55431e-17,-8.88178e-17,1.72701e-18,4.09549e-17,
0.0222777,0.148212,-0.216837,-2.86434,0.253264,1.40854,-0.876802,0.443241,-0.0554698,0.649485,0.0434099,0.730797,0.160776,0.751752,-0.0487997,0.453866,-0.0583061,-0.414658,0.0155049,-0.354352,-1.2957,-0.951224,0.0244241,-0.0209995,9.71445e-18,3.6221e-17,1.55431e-17,-8.26006e-17,1.15957e-17,4.09549e-17,
0.0239592,0.147817,-0.218177,-2.86422,0.25002,1.40297,-0.881383,0.443339,-0.0555538,0.649485,0.0434099,0.730797,0.160776,0.751752,-0.0487997,0.420365,-0.0985377,-0.334843,0.0316997,-0.811126,-1.39309,-1.14547,0.0211725,-0.0186742,4.44089e-18,3.15026e-17,1.5099e-17,-9.4591e-17,-3.94746e-18,4.61359e-17,
0.0257225,0.147365,-0.219143,-2.86374,0.246234,1.39695,-0.886076,0.443424,-0.0556285,0.649485,0.0434099,0.730797,0.160776,0.751752,-0.0487997,0.440823,-0.113168,-0.241492,0.118185,-0.946365,-1.50481,-1.17315,0.0181394,-0.0165488,3.60822e-18,2.84495e-17,1.24345e-17,-9.68114e-17,-2.96059e-18,5.27973e-17,
0.0276371,0.146942,-0.219681,-2.86271,0.242304,1.3905,-0.890785,0.443496,-0.0556947,0.649485,0.0434099,0.730797,0.160776,0.751752,-0.0487997,0.478654,-0.105597,-0.134449,0.258617,-0.982569,-1.61158,-1.17723,0.0153212,-0.0146055,2.77556e-18,2.56739e-17,6.21725e-18,-9.76996e-17,-1.72701e-18,5.92119e-17,
0.0295117,0.146622,-0.219642,-2.86102,0.238626,1.38376,-0.89536,0.443558,-0.0557531,0.649485,0.0434099,0.730797,0.160776,0.751752,-0.0487997,0.468636,-0.0800387,0.0095223,0.421137,-0.919556,-1.68536,-1.14376,0.0684509,0.0347904,2.77556e-18,2.23432e-17,1.33227e-18,-9.85878e-17,-7.40149e-18,7.17944e-17,
0.0297587,0.146722,-0.217293,-2.85942,0.235184,1.38222,-0.896691,0.443832,-0.0556139,0.649485,0.0434099,0.730797,0.160776,0.751752,-0.0487997,0.0617625,0.0250529,0.587269,0.401484,-0.860419,-0.384682,-0.332845,0.19989,0.0372947,1.11022e-18,1.8735e-17,-3.9968e-18,-9.9476e-17,-1.35694e-17,8.53638e-17,
0.0301127,0.147002,-0.214781,-2.85759,0.231559,1.38299,-0.899129,0.444631,-0.0554647,0.649485,0.0434099,0.730797,0.160776,0.751752,-0.0487997,0.0885079,0.0698026,0.628038,0.45657,-0.906161,0.192785,-0.609492,0.25514,0.08934,2.498e-18,1.70697e-17,-4.44089e-18,-9.9476e-17,-1.62833e-17,9.52325e-17,
0.0305617,0.147334,-0.212236,-2.85553,0.22769,1.38498,-0.90256,0.445652,-0.0551074,0.649485,0.0434099,0.730797,0.160776,0.751752,-0.0487997,0.112245,0.0830083,0.636408,0.51607,-0.967319,0.495848,-0.857711,0.289777,0.132652,-4.16334e-18,2.17881e-17,-1.33227e-18,-1.00364e-16,-2.07242e-17,1.04361e-16,
0.0310745,0.147655,-0.209713,-2.85326,0.223651,1.38764,-0.907053,0.446811,-0.0545768,0.649485,0.0434099,0.730797,0.160776,0.751752,-0.0487997,0.128201,0.0802095,0.630713,0.567538,-1.00971,0.666576,-1.12325,0.311224,0.174095,-1.05471e-17,2.6229e-17,-4.44089e-18,-1.00364e-16,-2.51651e-17,1.12256e-16,
0.0316409,0.147938,-0.207213,-2.8508,0.219324,1.39068,-0.911705,0.448056,-0.0538804,0.649485,0.0434099,0.730797,0.160776,0.751752,-0.0487997,0.141603,0.0709071,0.624937,0.613502,-1.08173,0.758215,-1.16308,0.321247,0.178827,-1.58207e-17,2.98372e-17,-7.54952e-18,-9.99201e-17,-2.91125e-17,1.18917e-16,
0.0325011,0.148178,-0.204986,-2.84817,0.214588,1.39393,-0.914451,0.449341,-0.0531651,0.649485,0.0434099,0.730797,0.160776,0.751752,-0.0487997,0.215045,0.0598792,0.556749,0.657197,-1.18416,0.814127,-0.686443,0.304366,0.169109,-2.22045e-17,3.15026e-17,-7.99361e-18,-1.03473e-16,-3.20731e-17,1.24592e-16,
0.0333834,0.1484,-0.202757,-2.84542,0.209855,1.39742,-0.91835,0.450558,-0.0524886,0.649485,0.0434099,0.730797,0.160776,0.751752,-0.0487997,0.220573,0.0556018,0.557221,0.687551,-1.18325,0.87091,-0.974608,0.288189,0.159379,-2.44249e-17,3.51108e-17,-8.88178e-18,-1.05249e-16,-3.42936e-17,1.31006e-16,
0.034266,0.148629,-0.200539,-2.84258,0.205075,1.40108,-0.923081,0.451711,-0.0518511,0.649485,0.0434099,0.730797,0.160776,0.751752,-0.0487997,0.220657,0.0572537,0.55447,0.711765,-1.19492,0.914802,-1.18281,0.272734,0.149778,-2.83107e-17,3.84415e-17,-5.32907e-18,-1.03917e-16,-3.72542e-17,1.35941e-16,
0.0351232,0.148869,-0.198358,-2.83969,0.200333,1.40487,-0.927805,0.452802,-0.051252,0.649485,0.0434099,0.730797,0.160776,0.751752,-0.0487997,0.214279,0.0600938,0.545214,0.72309,-1.18545,0.948161,-1.18096,0.278311,0.148138,-3.19189e-17,4.14946e-17,-1.77636e-18,-1.03029e-16,-4.04615e-17,1.41368e-16,
0.03596,0.149134,-0.196233,-2.83675,0.195598,1.40876,-0.932522,0.453915,-0.0506595,0.649485,0.0434099,0.730797,0.160776,0.751752,-0.0487997,0.209204,0.0662502,0.531472,0.732955,-1.18383,0.972703,-1.17922,0.283869,0.146512,-3.4972e-17,4.3715e-17,-1.77636e-18,-1.03473e-16,-4.19418e-17,1.45563e-16,
0.0367492,0.149431,-0.194141,-2.83379,0.190883,1.41273,-0.937224,0.455051,-0.0500734,0.649485,0.0434099,0.730797,0.160776,0.751752,-0.0487997,0.197309,0.0740698,0.522835,0.740322,-1.17882,0.99371,-1.17547,0.290553,0.146937,-3.16414e-17,5.20417e-17,-1.33227e-18,-1.02141e-16,-3.72542e-17,1.42109e-16,
0.037488,0.149764,-0.192095,-2.83081,0.186195,1.41678,-0.941902,0.456213,-0.0494857,0.649485,0.0434099,0.730797,0.160776,0.751752,-0.0487997,0.184709,0.0832951,0.511613,0.745223,-1.17183,1.01074,-1.16963,0.299436,0.147902,-2.88658e-17,5.95357e-17,-3.9968e-18,-1.02141e-16,-3.35534e-17,1.39395e-16,
0.0381758,0.150138,-0.190108,-2.82782,0.18154,1.42089,-0.946553,0.45741,-0.0488941,0.649485,0.0434099,0.730797,0.160776,0.751752,-0.0487997,0.171938,0.0935475,0.496568,0.74826,-1.16368,1.02957,-1.16271,0.310311,0.148812,-2.60902e-17,6.56419e-17,-5.77316e-18,-1.01252e-16,-2.98527e-17,1.36928e-16,
0.0388124,0.150555,-0.188199,-2.82482,0.176918,1.42509,-0.951175,0.458652,-0.0482988,0.649485,0.0434099,0.730797,0.160776,0.751752,-0.0487997,0.159158,0.104223,0.477334,0.750238,-1.15571,1.04949,-1.15546,0.322472,0.149294,-2.2482e-17,7.23033e-17,-4.88498e-18,-9.99201e-17,-2.61519e-17,1.34954e-16,
0.0394111,0.151013,-0.186405,-2.82182,0.172318,1.42925,-0.955779,0.459942,-0.0477016,0.649485,0.0434099,0.730797,0.160776,0.751752,-0.0487997,0.149673,0.11447,0.448482,0.75027,-1.15,1.03973,-1.15096,0.336771,0.154476,-2.63678e-17,7.09155e-17,-4.88498e-18,-1.00364e-16,-2.29446e-17,1.32733e-16,
0.0404678,0.151529,-0.185199,-2.81878,0.167483,1.43327,-0.960512,0.461289,-0.0470837,0.649485,0.0434099,0.730797,0.160776,0.751752,-0.0487997,0.264163,0.129,0.301542,0.760255,-1.20877,1.0058,-1.18325,0.337023,0.134232,-1.91513e-17,6.56419e-17,3.85186e-33,-1.03473e-16,-1.9984e-17,1.31253e-16,
0.0413967,0.152063,-0.183986,-2.81577,0.162836,1.43716,-0.965165,0.462637,-0.0465468,0.649485,0.0434099,0.730797,0.160776,0.751752,-0.0487997,0.232224,0.133563,0.303327,0.75025,-1.16167,0.971976,-1.16342,0.358507,0.159129,-2.13718e-17,6.39766e-17,3.10862e-18,-1.06137e-16,-1.80103e-17,1.29279e-16,
0.0422182,0.152607,-0.182758,-2.81281,0.158319,1.44094,-0.969777,0.464071,-0.0459103,0.649485,0.0434099,0.730797,0.160776,0.751752,-0.0487997,0.205377,0.135939,0.306992,0.741396,-1.1292,0.944141,-1.153,0.384107,0.187889,-1.88738e-17,6.98053e-17,-8.88178e-19,-1.05249e-16,-1.62833e-17,1.28786e-16,
0.0429754,0.15315,-0.181523,-2.80987,0.153866,1.44465,-0.974389,0.465607,-0.0451587,0.649485,0.0434099,0.730797,0.160776,0.751752,-0.0487997,0.189311,0.135777,0.308739,0.735015,-1.11326,0.926509,-1.15292,0.41011,0.214932,-1.69309e-17,7.48013e-17,-3.9968e-18,-1.06137e-16,-1.45563e-17,1.27799e-16,
0.0436984,0.153683,-0.180279,-2.80695,0.149434,1.44829,-0.979018,0.467248,-0.044299,0.649485,0.0434099,0.730797,0.160776,0.751752,-0.0487997,0.180745,0.133285,0.310934,0.730696,-1.10794,0.911378,-1.15733,0.435378,0.240207,-1.52656e-17,7.92422e-17,-6.66134e-18,-1.05249e-16,-1.92439e-17,1.20644e-16,
0.0442737,0.154197,-0.178907,-2.80405,0.145071,1.45183,-0.983647,0.468989,-0.0433382,0.649485,0.0434099,0.730797,0.160776,0.751752,-0.0487997,0.143816,0.128534,0.343057,0.723812,-1.09083,0.885161,-1.15728,0.47115,0.28048,-1.41553e-17,8.36831e-17,-6.21725e-18,-1.04805e-16,-2.39315e-17,1.13983e-16,
0.0448537,0.154678,-0.177522,-2.80116,0.14066,1.45535,-0.98831,0.470874,-0.0422163,0.649485,0.0434099,0.730797,0.160776,0.751752,-0.0487997,0.145007,0.120283,0.346276,0.721711,-1.10279,0.878605,-1.16557,0.493057,0.30051,-1.27676e-17,8.70137e-17,-8.43769e-18,-1.03473e-16,-2.78789e-17,1.08062e-16,
0.0454106,0.155115,-0.176089,-2.79829,0.136235,1.45882,-0.992989,0.472846,-0.0410142,0.649485,0.0434099,0.730797,0.160776,0.751752,-0.0487997,0.139222,0.109068,0.358276,0.718668,-1.10607,0.86875,-1.1697,0.516235,0.322503,-1.13798e-17,8.97893e-17,-7.54952e-18,-1.04361e-16,-3.10862e-17,1.03374e-16,
0.0459331,0.155518,-0.174566,-2.79541,0.13176,1.46228,-0.99771,0.474911,-0.0397242,0.649485,0.0434099,0.730797,0.160776,0.751752,-0.0487997,0.130641,0.100913,0.38054,0.719014,-1.11884,0.86433,-1.18037,0.552599,0.346539,-1.11022e-17,9.28424e-17,-1.02141e-17,-1.03917e-16,-3.4787e-17,9.84398e-17,
0.0463965,0.155894,-0.172918,-2.79254,0.127273,1.46572,-1.00245,0.477121,-0.038338,0.649485,0.0434099,0.730797,0.160776,0.751752,-0.0487997,0.115853,0.0939016,0.412157,0.718755,-1.12178,0.861132,-1.18476,0.59005,0.371446,-9.71445e-18,8.28504e-17,-9.32587e-18,-1.03473e-16,-3.1333e-17,8.80777e-17,
0.0465071,0.156242,-0.170868,-2.78974,0.122926,1.46911,-1.00717,0.479482,-0.0368523,0.649485,0.0434099,0.730797,0.160776,0.751752,-0.0487997,0.027629,0.0869573,0.512563,0.699789,-1.08672,0.84714,-1.17976,0.655783,0.430952,-8.60423e-18,7.36911e-17,-7.99361e-18,-1.03473e-16,-2.73855e-17,7.84558e-17,
0.0466909,0.156575,-0.168785,-2.787,0.118471,1.47269,-1.01193,0.482105,-0.0351285,0.649485,0.0434099,0.730797,0.160776,0.751752,-0.0487997,0.0459557,0.0831981,0.520551,0.685526,-1.11384,0.894637,-1.19051,0.677555,0.437262,-6.38378e-18,6.53644e-17,-1.19904e-17,-1.01252e-16,-2.46716e-17,7.20411e-17,
0.0469132,0.156888,-0.166648,-2.78431,0.113951,1.47639,-1.0167,0.484815,-0.0333794,0.649485,0.0434099,0.730797,0.160776,0.751752,-0.0487997,0.0555907,0.0783241,0.534286,0.671092,-1.12984,0.925346,-1.193,0.696275,0.442732,1.11022e-18,6.45317e-17,-1.11022e-17,-1.01252e-16,-2.22045e-17,6.48864e-17,
0.0471753,0.15718,-0.164482,-2.78167,0.109362,1.48017,-1.02148,0.4876,-0.0316085,0.649485,0.0434099,0.730797,0.160776,0.751752,-0.0487997,0.0655154,0.0730565,0.541675,0.66101,-1.14724,0.944158,-1.19434,0.710444,0.446894,5.55112e-19,7.03604e-17,-1.06581e-17,-1.02585e-16,-2.07242e-17,5.77316e-17,
0.047481,0.15745,-0.162316,-2.77904,0.104697,1.48397,-1.02626,0.490442,-0.0298209,0.649485,0.0434099,0.730797,0.160776,0.751752,-0.0487997,0.0764104,0.0675919,0.541508,0.657927,-1.16648,0.95093,-1.19539,0.720992,0.45,7.49401e-18,6.98053e-17,-1.02141e-17,-1.02585e-16,-1.8257e-17,5.18104e-17,
0.047711,0.157699,-0.160065,-2.7764,0.0999776,1.48773,-1.03104,0.493326,-0.0280209,0.649485,0.0434099,0.730797,0.160776,0.751752,-0.0487997,0.0575173,0.0622411,0.562636,0.658194,-1.17971,0.938742,-1.19495,0.737662,0.457839,6.66134e-18,7.56339e-17,-6.21725e-18,-1.02141e-16,-1.67767e-17,4.68761e-17,
0.0479989,0.157931,-0.157891,-2.77377,0.0951698,1.49154,-1.03583,0.496276,-0.0261895,0.649485,0.0434099,0.730797,0.160776,0.751752,-0.0487997,0.0719742,0.0579002,0.543422,0.657895,-1.20197,0.954153,-1.19737,0.743437,0.459539,5.55112e-18,8.03524e-17,-5.32907e-18,-1.02585e-16,-1.52964e-17,4.21885e-17,
0.0482531,0.15814,-0.15572,-2.77115,0.0904367,1.49528,-1.04062,0.49925,-0.0243514,0.649485,0.0434099,0.730797,0.160776,0.751752,-0.0487997,0.0635433,0.0521278,0.542829,0.654815,-1.18328,0.933612,-1.19649,0.72177,0.447323,0.00551108,0.00126861,-4.44089e-18,-1.03473e-16,-1.3076e-17,3.8241e-17,
0.0482974,0.158328,-0.15341,-2.76852,0.0858548,1.49874,-1.04537,0.502137,-0.0225621,0.649507,0.043415,0.730797,0.160776,0.751752,-0.0487997,0.0110769,0.0470447,0.577537,0.658719,-1.14547,0.865473,-1.18863,0.708482,0.454229,0.0235268,0.00328104,-7.54952e-18,-1.03029e-16,-1.15957e-17,3.50337e-17,
0.0479591,0.158528,-0.150823,-2.76584,0.0813514,1.50185,-1.05005,0.504971,-0.0207452,0.649601,0.0434281,0.730797,0.160776,0.751752,-0.0487997,-0.084572,0.0501176,0.646641,0.66933,-1.12585,0.777901,-1.16959,0.707889,0.478042,0.054998,0.00903576,-9.76996e-18,-1.03473e-16,-1.01154e-17,3.15797e-17,
0.0476186,0.158797,-0.148245,-2.7631,0.0766776,1.50495,-1.05447,0.507803,-0.018833,0.649821,0.0434642,0.730797,0.160776,0.751752,-0.0487997,-0.0851273,0.0671877,0.644462,0.684979,-1.16844,0.773546,-1.10486,0.68717,0.449777,0.0770954,0.0176937,-1.19904e-17,-1.03029e-16,-9.1285e-18,2.86191e-17,
0.0473972,0.159103,-0.145765,-2.76032,0.0719551,1.50812,-1.05902,0.510551,-0.0170339,0.65013,0.043535,0.730797,0.160776,0.751752,-0.0487997,-0.0553526,0.0765822,0.62018,0.694687,-1.18061,0.794332,-1.13749,0.659509,0.418566,0.093851,0.0245791,-1.02141e-17,-1.03473e-16,-8.38835e-18,2.66454e-17,
0.0473563,0.159425,-0.143436,-2.75752,0.0672029,1.51139,-1.06364,0.513189,-0.0153596,0.650505,0.0436333,0.730797,0.160776,0.751752,-0.0487997,-0.0102244,0.08055,0.582112,0.700843,-1.18807,0.81643,-1.15643,0.623187,0.38697,0.103961,0.0293165,-9.76996e-18,-1.03917e-16,0.00345047,0.000580329,
0.0475511,0.159745,-0.141323,-2.75474,0.0624249,1.51479,-1.06824,0.515682,-0.0138118,0.650921,0.0437506,0.730797,0.160776,0.751766,-0.0487974,0.0487021,0.079786,0.528277,0.695622,-1.19449,0.851233,-1.15013,0.585458,0.355689,0.11112,0.0329163,-1.15463e-17,-1.03473e-16,0.00633701,0.0009601,
0.048012,0.160045,-0.139473,-2.75201,0.0576151,1.51833,-1.07269,0.518024,-0.012389,0.651365,0.0438823,0.730797,0.160776,0.751791,-0.0487935,0.115235,0.0751642,0.462631,0.682085,-1.20244,0.885034,-1.11113,0.547592,0.325517,0.116156,0.0355357,-9.76996e-18,-1.03917e-16,0.00881326,0.00123732,
0.0487137,0.160315,-0.13787,-2.74934,0.0528665,1.52195,-1.07647,0.520214,-0.0110869,0.65183,0.0440244,0.730797,0.160776,0.751826,-0.0487886,0.175424,0.0673415,0.400633,0.666137,-1.18715,0.905346,-0.945778,0.510946,0.295607,0.120069,0.0375945,-9.32587e-18,-1.03917e-16,0.0110053,0.00146481,
0.0493473,0.160575,-0.136238,-2.74673,0.0483086,1.5255,-1.08042,0.522258,-0.0099045,0.65231,0.0441748,0.730797,0.160776,0.75187,-0.0487827,0.158384,0.0651852,0.40811,0.653742,-1.13947,0.886785,-0.985671,0.481888,0.289676,0.12762,0.0389345,-1.19904e-17,-1.03029e-16,0.0149098,0.0020197,
0.0499271,0.160846,-0.134608,-2.74415,0.0437874,1.52898,-1.08467,0.524186,-0.0087458,0.652821,0.0443305,0.730797,0.160776,0.75193,-0.0487747,0.144946,0.0675535,0.407299,0.645541,-1.13032,0.870671,-1.06308,0.455141,0.284417,0.134982,0.0404374,-1.02141e-17,-1.04805e-16,0.0191117,0.00269658,
0.0504323,0.161131,-0.132966,-2.7416,0.0392579,1.5324,-1.08926,0.526006,-0.00760813,0.653361,0.0444923,0.730797,0.160776,0.752007,-0.0487639,0.126298,0.0712955,0.410542,0.637698,-1.13237,0.854372,-1.14826,0.43137,0.282254,0.14267,0.0421515,-1.24345e-17,-1.06137e-16,0.0239777,0.00359947,
0.0508565,0.161428,-0.131299,-2.73908,0.0347009,1.53576,-1.09402,0.527732,-0.00647911,0.653931,0.0446609,0.730797,0.160776,0.752102,-0.0487495,0.106074,0.0744319,0.416776,0.62909,-1.13925,0.839135,-1.18919,0.409908,0.279945,0.150293,0.0443033,-1.42109e-17,-1.0747e-16,0.0293402,0.00475008,
0.0513241,0.16173,-0.129696,-2.73658,0.0298682,1.53907,-1.09537,0.529371,-0.00535934,0.654532,0.0448381,0.730797,0.160776,0.75222,-0.0487305,0.116878,0.075255,0.400855,0.624294,-1.20816,0.826747,-0.338171,0.39678,0.250936,0.15888,0.0481992,-1.64313e-17,-1.07914e-16,0.0355337,0.00649382,
0.051757,0.162046,-0.128087,-2.7341,0.0251664,1.54232,-1.09657,0.530958,-0.00435559,0.655168,0.0450309,0.730797,0.160776,0.752362,-0.0487045,0.108229,0.079216,0.402305,0.62026,-1.17546,0.814232,-0.299966,0.380584,0.244802,0.166145,0.0501121,-1.90958e-17,-1.09246e-16,0.0423782,0.00823358,
0.0521581,0.162381,-0.126488,-2.73164,0.0205149,1.54553,-1.09781,0.532481,-0.00337638,0.655833,0.0452313,0.730797,0.160776,0.752531,-0.0486716,0.100276,0.0835582,0.399645,0.61592,-1.16287,0.800998,-0.31072,0.365997,0.241328,0.17318,0.052482,-1.73195e-17,-1.10134e-16,0.0498141,0.010311,
0.0525323,0.162731,-0.124908,-2.7292,0.0158782,1.54869,-1.09909,0.533945,-0.00241107,0.656525,0.0454413,0.730797,0.160776,0.752731,-0.0486303,0.093547,0.0875806,0.394912,0.609347,-1.15917,0.789605,-0.318604,0.352991,0.237991,0.179972,0.0554735,-1.86517e-17,-1.11466e-16,0.0576135,0.0127022,
0.0528856,0.163087,-0.123371,-2.72682,0.0114407,1.55183,-1.10046,0.535357,-0.00145911,0.657245,0.0456632,0.730797,0.160776,0.752961,-0.0485795,0.0883253,0.089042,0.384321,0.594383,-1.10937,0.785994,-0.343995,0.34387,0.235365,0.190961,0.064672,-2.04281e-17,-1.13243e-16,0.0664847,0.0167694,
0.0532783,0.163371,-0.122147,-2.72468,0.00858491,1.555,-1.10381,0.536732,-0.000517646,0.658009,0.0459218,0.730797,0.160776,0.753227,-0.0485124,0.0981775,0.0709048,0.305887,0.535407,-0.713958,0.793149,-0.835766,0.373799,0.317914,0.242565,0.109422,-2.17604e-17,-1.14575e-16,0.0901481,0.0318434,
0.053606,0.16369,-0.121061,-2.72256,0.00551834,1.5582,-1.10783,0.538227,0.000754011,0.658979,0.0463595,0.730797,0.160776,0.753588,-0.0483851,0.0819288,0.0797112,0.271668,0.530315,-0.766641,0.799981,-1.00587,0.378708,0.341142,0.266006,0.132202,-2.26485e-17,-1.14575e-16,0.102869,0.0401417,
0.0539218,0.164067,-0.120003,-2.72042,0.0026365,1.56145,-1.11224,0.539742,0.00211858,0.660043,0.0468883,0.730797,0.160776,0.753999,-0.0482245,0.0789522,0.0942837,0.264532,0.534741,-0.72046,0.811607,-1.10276,0.386736,0.341562,0.284976,0.14357,-1.68754e-17,-1.15907e-16,0.0943589,0.0342603,
0.0542472,0.164515,-0.118927,-2.71823,-0.000250995,1.56471,-1.117,0.541289,0.00348482,0.661183,0.0474626,0.730797,0.160776,0.754377,-0.0480874,0.0813545,0.111966,0.268872,0.54838,-0.721874,0.814772,-1.18962,0.383208,0.330525,0.288614,0.141552,-1.59872e-17,-1.16795e-16,0.0858485,0.0291372,
0.05459,0.165022,-0.117836,-2.716,-0.0030125,1.568,-1.12179,0.542822,0.00480692,0.662338,0.0480288,0.730797,0.160776,0.75472,-0.0479709,0.0857046,0.126871,0.272677,0.556255,-0.690376,0.824028,-1.19888,0.377453,0.315758,0.289932,0.136725,0.0017232,0.0021846,0.0777849,0.0245196,
0.0549846,0.165597,-0.116828,-2.71372,-0.00617034,1.57131,-1.12656,0.544332,0.00606996,0.663497,0.0485757,0.730804,0.160785,0.755031,-0.0478728,0.0986474,0.143773,0.252164,0.569466,-0.789461,0.82769,-1.1916,0.371785,0.300293,0.290341,0.132057,0.00362365,0.00425458,0.0703317,0.0209202,
0.0553733,0.166227,-0.115864,-2.71142,-0.00997055,1.57464,-1.1313,0.545819,0.00727113,0.664659,0.049104,0.730818,0.160802,0.755312,-0.0477891,0.097157,0.15755,0.240937,0.576021,-0.950051,0.830877,-1.18591,0.367364,0.289746,0.291025,0.127736,0.00577086,0.00632303,0.0617274,0.0170658,
0.0557488,0.166901,-0.11492,-2.70912,-0.014369,1.578,-1.13605,0.547288,0.00843012,0.665823,0.0496149,0.730841,0.160827,0.755559,-0.0477209,0.0938964,0.168332,0.236057,0.574623,-1.09962,0.841558,-1.1856,0.364991,0.279456,0.294752,0.124879,0.00761824,0.00807409,0.0552669,0.0127206,
0.0561248,0.167598,-0.113953,-2.70687,-0.0189506,1.58145,-1.14082,0.548748,0.00954794,0.667002,0.0501144,0.730872,0.160859,0.75578,-0.04767,0.0939841,0.174347,0.24179,0.563631,-1.14541,0.861975,-1.19279,0.362007,0.26952,0.297944,0.122574,0.00812223,0.0087106,0.0482067,0.00910898,
0.0565104,0.168303,-0.112961,-2.70467,-0.0236005,1.58497,-1.1456,0.550196,0.010626,0.668194,0.0506047,0.730904,0.160894,0.755973,-0.0476336,0.0964077,0.17626,0.247889,0.548298,-1.16246,0.879305,-1.19573,0.357694,0.25935,0.299864,0.119746,0.00858061,0.00919789,0.0406327,0.00614277,
0.0568619,0.169003,-0.111902,-2.70254,-0.0282856,1.58851,-1.1502,0.551627,0.0116634,0.669393,0.0510837,0.730939,0.160931,0.756136,-0.047609,0.0878723,0.174954,0.264797,0.53274,-1.17127,0.884405,-1.15027,0.354105,0.250726,0.301764,0.116704,0.00907245,0.00966776,0.032728,0.00360173,
0.0573047,0.169703,-0.110907,-2.70046,-0.0330028,1.59208,-1.15498,0.553044,0.0126663,0.6706,0.0515505,0.730975,0.16097,0.756267,-0.0475946,0.110709,0.174988,0.248708,0.520892,-1.17931,0.892397,-1.19428,0.349226,0.240103,0.301753,0.113307,0.00948447,0.0100129,0.0243427,0.00158771,
0.0578398,0.170398,-0.109989,-2.69842,-0.0379096,1.59567,-1.15742,0.554441,0.0136267,0.671807,0.0520037,0.731013,0.16101,0.756364,-0.0475882,0.133777,0.173832,0.229542,0.510048,-1.2267,0.898778,-0.61054,0.353613,0.230392,0.306034,0.10729,0.00837076,0.01062,0.0218555,-0.000170491,
0.0584051,0.171095,-0.109103,-2.69642,-0.042938,1.59925,-1.15722,0.555855,0.0145483,0.673031,0.0524329,0.731046,0.161052,0.756451,-0.0475889,0.141312,0.1743,0.221588,0.499506,-1.25709,0.895304,0.0505891,0.347045,0.221804,0.297672,0.102284,0.00672347,0.011989,0.0199809,-0.00188476,
0.0589743,0.171802,-0.108235,-2.69445,-0.0480084,1.60287,-1.15496,0.557243,0.0154355,0.674222,0.052842,0.731073,0.1611,0.756531,-0.0475964,0.142293,0.176653,0.216792,0.491618,-1.2676,0.903702,0.56392,0.340092,0.209373,0.285417,0.102925,0.00590751,0.0123167,0.0170823,-0.00223039,
0.0596068,0.172509,-0.107446,-2.69251,-0.0529668,1.60653,-1.15146,0.558604,0.016273,0.675364,0.0532537,0.731097,0.161149,0.7566,-0.0476054,0.158142,0.176803,0.197342,0.484927,-1.23961,0.915569,0.875381,0.330304,0.19745,0.272297,0.102082,0.00514492,0.0123205,0.0143794,-0.00221597,
0.0602693,0.173219,-0.106717,-2.69058,-0.057841,1.61022,-1.14752,0.559925,0.0170628,0.676453,0.0536621,0.731118,0.161199,0.756657,-0.0476142,0.165623,0.177324,0.182297,0.483394,-1.21856,0.921932,0.986676,0.319464,0.189059,0.258416,0.099966,0.00445917,0.0120834,0.0119653,-0.00208526,
0.0609073,0.173921,-0.106007,-2.68865,-0.0626081,1.61394,-1.14453,0.561203,0.017819,0.677486,0.0540619,0.731135,0.161247,0.756705,-0.0476226,0.159487,0.175599,0.177509,0.48172,-1.19178,0.930378,0.747268,0.30713,0.191235,0.241464,0.0948448,0.00435497,0.0116769,0.00968836,-0.00175962,
0.061487,0.174606,-0.10529,-2.68673,-0.0673574,1.61768,-1.14295,0.562431,0.018584,0.678452,0.0544413,0.731153,0.161294,0.756744,-0.0476296,0.144925,0.17134,0.179168,0.479839,-1.18731,0.936005,0.394896,0.295997,0.198183,0.224427,0.0886306,0.00428876,0.0110681,0.007591,-0.0013722,
0.0619866,0.175266,-0.104527,-2.68483,-0.0718726,1.62146,-1.14381,0.563615,0.0193767,0.67935,0.0547958,0.73117,0.161338,0.756774,-0.0476351,0.124909,0.164894,0.190662,0.475398,-1.1288,0.944785,-0.216731,0.285633,0.209456,0.207577,0.0813664,0.00415181,0.0102941,0.00578179,-0.00104929,
0.0624237,0.175897,-0.103713,-2.68295,-0.0759148,1.62525,-1.14821,0.564758,0.0202145,0.68018,0.0551213,0.731187,0.161379,0.756797,-0.0476393,0.109272,0.157913,0.203714,0.471261,-1.01056,0.947696,-1.09872,0.27813,0.222936,0.191665,0.0730336,0.00396012,0.00938623,0.00412771,-0.00050159,
0.0628377,0.176513,-0.102877,-2.68105,-0.0800123,1.62899,-1.15271,0.56587,0.0211063,0.680947,0.0554134,0.731202,0.161417,0.756814,-0.0476413,0.10351,0.153986,0.209029,0.475236,-1.02437,0.935105,-1.12649,0.273693,0.216124,0.187041,0.0666664,0.00492396,0.00987643,0.00275054,-2.35902e-05,
0.0632676,0.177121,-0.102067,-2.67913,-0.0841563,1.63272,-1.1574,0.566965,0.0219708,0.681695,0.0556801,0.731222,0.161456,0.756825,-0.0476414,0.107454,0.151803,0.202275,0.478653,-1.036,0.930764,-1.17176,0.269225,0.205978,0.18352,0.0600311,0.0057927,0.0104469,0.00161656,0.000390323,
0.063706,0.177716,-0.101273,-2.67723,-0.0884622,1.63636,-1.15993,0.568042,0.0227947,0.682429,0.0559202,0.731245,0.161498,0.756831,-0.0476398,0.109619,0.148881,0.198484,0.476837,-1.07648,0.912118,-0.633251,0.273314,0.185483,0.18522,0.0535892,0.00746885,0.0127398,0.000695352,0.000745429,
0.0641883,0.178297,-0.100522,-2.67536,-0.0929028,1.63992,-1.15808,0.569135,0.0235366,0.68317,0.0561346,0.731275,0.161549,0.756834,-0.0476369,0.120579,0.145199,0.187962,0.465639,-1.11016,0.889826,0.464732,0.286495,0.155205,0.193418,0.0471364,0.0102544,0.0169445,-4.0518e-05,0.00104669,
0.0646898,0.17888,-0.0997833,-2.67356,-0.0971712,1.64351,-1.15351,0.570281,0.0241575,0.683944,0.0563231,0.731316,0.161617,0.756834,-0.0476327,0.12536,0.145729,0.184574,0.451131,-1.06708,0.897457,1.14175,0.291547,0.130701,0.187663,0.0384434,0.0114184,0.0201963,-0.000615748,0.00129878,
0.0652076,0.179482,-0.0990925,-2.67179,-0.101174,1.64713,-1.14875,0.571447,0.0246803,0.684694,0.0564769,0.731362,0.161698,0.756831,-0.0476275,0.129466,0.150588,0.172716,0.441023,-1.00082,0.905331,1.19073,0.273472,0.117805,0.187692,0.0350267,0.0113409,0.0201515,-0.00105254,0.00150608,
0.0657473,0.1801,-0.0984745,-2.67006,-0.105088,1.65075,-1.14395,0.572541,0.0251515,0.685445,0.056617,0.731407,0.161778,0.756827,-0.0476215,0.134901,0.154352,0.154487,0.433277,-0.978354,0.904684,1.19895,0.256357,0.107466,0.188161,0.0319788,0.0112584,0.0201085,-0.00137082,0.00167272,
0.0663019,0.18073,-0.0979115,-2.66836,-0.108843,1.65436,-1.13915,0.573567,0.0255813,0.686198,0.0567449,0.731452,0.161859,0.756822,-0.0476148,0.138653,0.157519,0.140769,0.425191,-0.938854,0.900762,1.1991,0.241226,0.098872,0.189531,0.0294375,0.0111887,0.0201135,-0.00158842,0.00180258,
0.0668876,0.181374,-0.0973896,-2.6667,-0.112221,1.65793,-1.13437,0.574532,0.0259768,0.686956,0.0568627,0.731497,0.161939,0.756815,-0.0476075,0.146447,0.160958,0.130471,0.416126,-0.844328,0.892693,1.19511,0.225276,0.0877436,0.192142,0.0284477,0.0139867,0.0220441,-0.00172125,0.00189932,
0.0674964,0.182029,-0.0969476,-2.66504,-0.115572,1.66142,-1.12956,0.575433,0.0263278,0.687725,0.0569765,0.731553,0.162027,0.756809,-0.0476,0.15219,0.163936,0.110493,0.41291,-0.837833,0.873911,1.20261,0.213259,0.0796035,0.196728,0.0277013,0.0176943,0.0243766,-0.00178347,0.00196637,
0.0680227,0.182682,-0.0965255,-2.6634,-0.119114,1.66483,-1.12471,0.576286,0.0266462,0.688511,0.0570873,0.731624,0.162125,0.756801,-0.0475921,0.131561,0.163275,0.105531,0.409914,-0.885629,0.85168,1.21226,0.206181,0.082793,0.205586,0.0274251,0.0229764,0.0276871,-0.0017876,0.00200696,
0.0684554,0.183334,-0.0961015,-2.66178,-0.122783,1.66817,-1.11993,0.57711,0.0269774,0.689334,0.057197,0.731716,0.162235,0.756794,-0.0475841,0.108175,0.162905,0.106003,0.406342,-0.917046,0.834464,1.19661,0.202953,0.0887311,0.216226,0.027486,0.0289429,0.0314506,-0.00174472,0.00202412,
0.0688073,0.183986,-0.0956765,-2.66017,-0.126459,1.67147,-1.11583,0.577922,0.0273323,0.690199,0.0573069,0.731831,0.162361,0.756787,-0.047576,0.0879815,0.162948,0.106238,0.401554,-0.919216,0.825169,1.02437,0.200713,0.0984102,0.226932,0.0277235,0.034964,0.0351361,-0.00166452,0.00202069,
0.0691054,0.184642,-0.0952452,-2.65859,-0.130019,1.67474,-1.11224,0.578725,0.027726,0.691106,0.0574178,0.731971,0.162502,0.756781,-0.0475679,0.0745392,0.164143,0.107842,0.394961,-0.889764,0.818083,0.897865,0.20094,0.103853,0.236962,0.0278577,0.0407769,0.0383948,-0.00155549,0.00199934,
0.0694604,0.185331,-0.0947923,-2.65705,-0.132794,1.678,-1.10857,0.579529,0.0281414,0.692054,0.0575292,0.732134,0.162655,0.756774,-0.0475599,0.0887348,0.172191,0.113205,0.385745,-0.693936,0.815417,0.916906,0.201435,0.0899365,0.242075,0.026913,0.0448847,0.0400414,-0.00142497,0.00196252,
0.0698056,0.186031,-0.0943548,-2.65554,-0.135275,1.68123,-1.10554,0.580335,0.0285011,0.693023,0.0576369,0.732314,0.162816,0.756769,-0.047552,0.0862979,0.174905,0.109393,0.378579,-0.620069,0.808137,0.758166,0.203079,0.0911094,0.249363,0.026272,0.0494724,0.0418882,-0.00127929,0.00191255,
0.0701259,0.186738,-0.0939425,-2.65405,-0.137679,1.68443,-1.10318,0.581147,0.0288655,0.69402,0.057742,0.732512,0.162983,0.756764,-0.0475444,0.0800771,0.176714,0.10307,0.371812,-0.601201,0.799656,0.590288,0.207282,0.0964365,0.25755,0.0254209,0.0540235,0.0435705,-0.00112385,0.00185154,
0.0704337,0.187457,-0.0935442,-2.65259,-0.139946,1.68761,-1.10144,0.581976,0.0292513,0.69505,0.0578437,0.732728,0.163157,0.756759,-0.047537,0.0769616,0.179846,0.0995766,0.364159,-0.566534,0.793309,0.433866,0.21247,0.100396,0.264786,0.0240228,0.0578935,0.0446283,-0.000963237,0.00178146,
0.0707546,0.18819,-0.0931416,-2.65118,-0.141795,1.69078,-1.10052,0.582826,0.0296529,0.696109,0.0579397,0.732959,0.163336,0.756755,-0.0475298,0.0802253,0.183258,0.100637,0.354241,-0.462378,0.792924,0.229854,0.216508,0.101052,0.269655,0.0220419,0.0606105,0.0447474,-0.000801271,0.00170411,
0.0712008,0.1887,-0.0928016,-2.64952,-0.142906,1.69167,-1.10123,0.583692,0.0300571,0.697188,0.0580279,0.733202,0.163515,0.756752,-0.047523,0.111535,0.127485,0.0849996,0.41263,-0.277705,0.223024,-0.178038,0.188031,0.0979266,0.24983,0.0146587,0.0537562,0.0401957,-0.000641115,0.00162111,
0.0715533,0.189209,-0.0924502,-2.64785,-0.144596,1.6921,-1.10102,0.584444,0.0304488,0.698187,0.0580866,0.733417,0.163676,0.756749,-0.0475165,0.0881372,0.127356,0.0878535,0.418131,-0.422618,0.107427,0.0524048,0.188891,0.10353,0.250836,0.0115253,0.0483568,0.0371248,-0.00048534,0.00153395,
0.07184,0.189791,-0.0921041,-2.64628,-0.146817,1.69282,-1.09926,0.5852,0.0308629,0.699191,0.0581327,0.73361,0.163824,0.756748,-0.0475104,0.0716606,0.14548,0.0865326,0.392982,-0.555281,0.178852,0.441045,0.216677,0.106507,0.266761,0.0116575,0.0437421,0.0352342,-0.000335991,0.00144397,
0.0721051,0.190474,-0.0917615,-2.64483,-0.149165,1.69411,-1.09668,0.586066,0.0312889,0.700258,0.0581793,0.733785,0.163965,0.756746,-0.0475046,0.0662828,0.170611,0.0856533,0.363633,-0.586866,0.322645,0.645876,0.246862,0.108137,0.283625,0.0122335,0.0393849,0.0335611,-0.000194657,0.00135235,
0.0723534,0.191246,-0.0914313,-2.64345,-0.15164,1.69592,-1.09381,0.587054,0.0317215,0.701392,0.0582282,0.733943,0.164099,0.756745,-0.0474992,0.0620847,0.19312,0.0825304,0.344677,-0.618876,0.454556,0.717612,0.272985,0.11298,0.298119,0.0122854,0.0351632,0.0318208,-6.25257e-05,0.00126014,
0.0725232,0.192088,-0.0910633,-2.64208,-0.154428,1.69799,-1.09086,0.588146,0.0321734,0.702585,0.0582774,0.734084,0.164227,0.756745,-0.0474942,0.0424384,0.210351,0.0920078,0.341449,-0.696824,0.517598,0.737583,0.295166,0.125324,0.310013,0.0107266,0.0309409,0.0297591,5.95621e-05,0.00116826,
0.0727178,0.192969,-0.0906735,-2.64072,-0.156936,1.70017,-1.08819,0.589326,0.0326747,0.703825,0.0583203,0.734207,0.164346,0.756745,-0.0474895,0.0486471,0.220432,0.097465,0.341306,-0.627104,0.544273,0.667472,0.302422,0.122944,0.311238,0.008319,0.0268742,0.0272282,0.000171063,0.00107753,
0.0729377,0.193884,-0.0902638,-2.63937,-0.159024,1.70253,-1.08598,0.590536,0.0331665,0.70507,0.0583535,0.734315,0.164455,0.756746,-0.0474852,0.0549808,0.228649,0.102404,0.336195,-0.521949,0.590403,0.551335,0.309471,0.120493,0.312202,0.00618319,0.0231418,0.0247857,0.000271687,0.000988615,
0.0731773,0.194827,-0.0898411,-2.63805,-0.160658,1.70514,-1.0845,0.591774,0.0336484,0.706318,0.0583783,0.734407,0.164554,0.756747,-0.0474812,0.0599087,0.235802,0.105689,0.329472,-0.408425,0.650819,0.369968,0.317997,0.118615,0.313734,0.00446211,0.0197458,0.0224767,0.000361358,0.00090211,
0.0734412,0.195792,-0.0894121,-2.63676,-0.161769,1.70797,-1.08399,0.593046,0.0341229,0.707573,0.0583961,0.734486,0.164644,0.756749,-0.0474776,0.065964,0.241186,0.107256,0.324248,-0.27774,0.708545,0.127787,0.325441,0.116956,0.314354,0.00291263,0.0166696,0.0202354,0.000440177,0.000818493,
0.0738048,0.196764,-0.089037,-2.63547,-0.162038,1.71097,-1.08581,0.594348,0.0345907,0.708831,0.0584078,0.734553,0.164725,0.75675,-0.0474744,0.090895,0.243111,0.0937651,0.32056,-0.067361,0.750026,-0.455912,0.330248,0.116231,0.312681,0.00129846,0.0138781,0.0179749,0.000508391,0.000738159,
0.0741623,0.197735,-0.0886851,-2.63417,-0.162345,1.714,-1.0884,0.595669,0.0350557,0.710082,0.058413,0.734609,0.164796,0.756752,-0.0474714,0.0893749,0.242707,0.0879699,0.325465,-0.0768644,0.757491,-0.645635,0.333211,0.116384,0.310499,-0.000137461,0.0113766,0.0158011,0.000566362,0.000661417,
0.0745372,0.198675,-0.0883536,-2.63285,-0.162801,1.717,-1.09053,0.597002,0.0355212,0.711324,0.0584124,0.734654,0.16486,0.756755,-0.0474688,0.0937336,0.235026,0.0828711,0.331093,-0.113864,0.750051,-0.534358,0.325335,0.108697,0.288679,-0.00714657,0.00922271,0.0130477,0.000614548,0.000588504,
0.0748964,0.199584,-0.088022,-2.63152,-0.163461,1.72007,-1.09287,0.598303,0.035956,0.712478,0.0583838,0.734691,0.164912,0.756757,-0.0474664,0.0898073,0.2272,0.0828976,0.330756,-0.165124,0.766811,-0.583302,0.316545,0.109247,0.267321,-0.0129668,0.00720934,0.0103774,0.000653475,0.000519589,
0.075226,0.200454,-0.0876571,-2.63023,-0.164304,1.72328,-1.09398,0.599569,0.036393,0.713548,0.058332,0.73472,0.164953,0.75676,-0.0474643,0.0824029,0.217461,0.0912263,0.323449,-0.2107,0.802195,-0.278738,0.313809,0.105817,0.24576,-0.0186289,0.00550946,0.00790944,0.00068372,0.000454784,
0.0755754,0.201288,-0.0872558,-2.629,-0.165004,1.72672,-1.09148,0.600824,0.0368162,0.714531,0.0582574,0.734742,0.164985,0.756762,-0.0474625,0.0873303,0.208495,0.100347,0.307705,-0.175008,0.861741,0.62569,0.321273,0.0916889,0.223561,-0.0236812,0.0042652,0.00599706,0.000705896,0.000394146,
0.0759246,0.202061,-0.0868395,-2.62766,-0.165772,1.72921,-1.08826,0.602109,0.037183,0.715425,0.0581627,0.734759,0.165009,0.756765,-0.0474609,0.0873022,0.193195,0.104058,0.335216,-0.191821,0.621953,0.804578,0.301927,0.0889579,0.203709,-0.0284702,0.00293696,0.00380064,0.000720636,0.000337685,
0.0762678,0.202792,-0.0864171,-2.62624,-0.166647,1.7308,-1.08485,0.603317,0.0375388,0.71624,0.0580488,0.734771,0.165024,0.756768,-0.0474596,0.0858039,0.182856,0.105614,0.355342,-0.2189,0.396201,0.852279,0.28161,0.0891294,0.184075,-0.0327593,0.00173454,0.00172768,0.000728583,0.000285374,
0.0766057,0.20352,-0.0859922,-2.62479,-0.167633,1.73188,-1.08113,0.604444,0.0378953,0.716976,0.0579178,0.734778,0.165031,0.756771,-0.0474584,0.084476,0.181905,0.106211,0.362432,-0.246454,0.271262,0.930638,0.263698,0.0878703,0.164192,-0.0363131,0.000652703,-0.00018255,0.000730378,0.000237149,
0.0769468,0.204258,-0.085558,-2.62335,-0.168527,1.7327,-1.07721,0.605498,0.0382468,0.717633,0.0577726,0.73478,0.16503,0.756774,-0.0474575,0.0852908,0.184546,0.10855,0.359234,-0.223539,0.203767,0.97972,0.24745,0.0859651,0.144295,-0.0393289,-0.000309514,-0.00190107,0.000726653,0.000192919,
0.0773501,0.204877,-0.0851427,-2.62183,-0.168963,1.73148,-1.07441,0.606488,0.0385907,0.71821,0.0576152,0.734779,0.165023,0.756777,-0.0474567,0.10082,0.154802,0.103825,0.379426,-0.108959,-0.304454,0.69875,0.223934,0.0918215,0.126407,-0.0432445,-0.00103724,-0.00332079,0.000718023,0.000152566,
0.0777747,0.205457,-0.0847349,-2.62028,-0.169172,1.72882,-1.07219,0.607384,0.038958,0.718716,0.0574423,0.734775,0.16501,0.75678,-0.0474561,0.10615,0.14498,0.101954,0.387276,-0.0521814,-0.664753,0.556906,0.206425,0.0937099,0.106704,-0.0457727,-0.00180374,-0.00466373,0.000705083,0.000115953,
0.078204,0.206082,-0.0843462,-2.61879,-0.169286,1.72606,-1.06948,0.60821,0.0393328,0.719142,0.0572592,0.734768,0.164991,0.756783,-0.0474557,0.107314,0.156135,0.097178,0.374525,-0.0285746,-0.689458,0.675773,0.189476,0.0956242,0.0871946,-0.0481515,-0.00245283,-0.00580694,0.000688402,8.29286e-05,
0.0785926,0.206813,-0.0839713,-2.61738,-0.169606,1.72439,-1.06692,0.608967,0.0397153,0.719491,0.0570666,0.734758,0.164968,0.756785,-0.0474553,0.0971521,0.182966,0.093724,0.350343,-0.0799532,-0.417022,0.641944,0.17309,0.0975484,0.0678245,-0.0504159,-0.00299622,-0.0067667,0.000668517,5.33262e-05,
0.0789257,0.207703,-0.0836216,-2.61611,-0.170385,1.7249,-1.06464,0.60966,0.0401055,0.719762,0.0568649,0.734746,0.164941,0.756788,-0.0474551,0.0832701,0.222444,0.0874118,0.319924,-0.194918,0.127497,0.568786,0.1526,0.0965651,0.0652191,-0.0476118,-0.00347629,-0.00753175,0.000645937,2.69714e-05,
0.0791041,0.208723,-0.0832465,-2.61485,-0.1724,1.72729,-1.06238,0.61027,0.0404918,0.720023,0.0566745,0.734732,0.16491,0.756791,-0.047455,0.0446113,0.254825,0.0937787,0.312745,-0.503518,0.596011,0.565762,0.132619,0.0954639,0.0624898,-0.0448935,-0.00384796,-0.00815098,0.000621136,3.68314e-06,
0.079251,0.209791,-0.0828665,-2.61359,-0.174759,1.73046,-1.06124,0.610801,0.0408736,0.720273,0.0564949,0.734716,0.164878,0.756793,-0.047455,0.0367102,0.267013,0.0950028,0.316236,-0.589865,0.792657,0.285548,0.113237,0.094361,0.0595035,-0.0421232,-0.00412226,-0.00861299,0.00060567,-7.81753e-05,
0.0793675,0.210874,-0.0824691,-2.61229,-0.177355,1.73396,-1.06189,0.611254,0.0412511,0.720511,0.0563264,0.7347,0.164843,0.756796,-0.0474553,0.0291404,0.270896,0.099349,0.324961,-0.648907,0.87534,-0.164714,0.0944481,0.0932792,0.0562171,-0.039311,-0.0043147,-0.00893419,0.000601655,-0.000227921,
0.0794953,0.211949,-0.0820667,-2.61096,-0.179869,1.73747,-1.06472,0.611631,0.0416242,0.720736,0.0561691,0.734683,0.164808,0.756798,-0.0474562,0.0319572,0.268589,0.100603,0.332879,-0.628706,0.876879,-0.70746,0.0762782,0.0921445,0.0526513,-0.0366309,-0.00443761,-0.00913573,0.000577345,-0.000355856,
0.0797224,0.212976,-0.0816728,-2.60964,-0.181517,1.7407,-1.06778,0.611937,0.0419927,0.720947,0.0560226,0.734665,0.164771,0.7568,-0.0474576,0.0567606,0.256837,0.0984906,0.329475,-0.411878,0.807122,-0.763191,0.058754,0.0909815,0.0487618,-0.0340828,-0.00449961,-0.00922878,0.000533786,-0.00047133,
0.0801856,0.213688,-0.0812769,-2.60814,-0.181345,1.73926,-1.0637,0.612172,0.0423567,0.721142,0.0558863,0.734647,0.164734,0.756802,-0.0474595,0.115812,0.178138,0.0989636,0.374933,0.043018,-0.359751,1.01984,0.041888,0.0898143,0.0444968,-0.0316627,-0.00450809,-0.00922342,0.000479846,-0.000583563,
0.0807102,0.214335,-0.0808417,-2.60667,-0.179481,1.73637,-1.05908,0.612339,0.0427159,0.72132,0.0557596,0.734629,0.164697,0.756804,-0.0474619,0.131147,0.161735,0.108809,0.367417,0.465928,-0.722035,1.1557,0.0257023,0.0886603,0.0398247,-0.0293773,-0.00446865,-0.00912861,0.000416134,-0.000698521,
0.0812265,0.214991,-0.0804234,-2.60522,-0.176867,1.73288,-1.05435,0.612442,0.0430706,0.721479,0.0556421,0.734611,0.164661,0.756806,-0.0474646,0.12908,0.163881,0.104569,0.363104,0.653449,-0.8717,1.18122,0.0102189,0.0875394,0.0347247,-0.0272281,-0.00438975,-0.00895601,0.000342447,-0.000818145,
0.0817022,0.215677,-0.0800384,-2.60376,-0.173989,1.7291,-1.04958,0.612483,0.0434207,0.721618,0.0555332,0.734594,0.164625,0.756807,-0.0474679,0.118926,0.171579,0.0962579,0.363298,0.719579,-0.945359,1.19164,-0.00454441,0.0864736,0.029178,-0.0252303,-0.00427626,-0.00871438,0.000259062,-0.000945009,
0.0821409,0.216384,-0.0796857,-2.60229,-0.170919,1.7249,-1.04481,0.612465,0.0437666,0.721735,0.0554323,0.734576,0.16459,0.756808,-0.0474717,0.109662,0.176792,0.0881717,0.368706,0.767431,-1.05109,1.19377,-0.028922,0.0871266,0.0133501,-0.0263004,-0.00400228,-0.00824722,0.00024324,-0.00187591,
0.0826523,0.217089,-0.0794339,-2.60079,-0.167271,1.71994,-1.04129,0.612349,0.0441151,0.721788,0.0553271,0.73456,0.164557,0.756809,-0.0474792,0.127851,0.17618,0.0629417,0.37543,0.911999,-1.23865,0.87843,-0.0499756,0.0735232,0.00377703,-0.0252802,-0.00388373,-0.00795364,0.000126544,-0.00211045,
0.0830397,0.217904,-0.0792313,-2.5993,-0.164579,1.71604,-1.03859,0.612149,0.0444092,0.721803,0.055226,0.734545,0.164525,0.75681,-0.0474876,0.096855,0.203806,0.0506599,0.371683,0.673091,-0.974736,0.675552,-0.0696429,0.0580011,-0.00452528,-0.0243771,-0.00377595,-0.00763239,3.01486e-05,-0.00229653,
0.0832346,0.218888,-0.0790763,-2.59786,-0.163898,1.7145,-1.0367,0.61187,0.0446412,0.721785,0.0551285,0.73453,0.164495,0.75681,-0.0474968,0.0487084,0.2458,0.0387391,0.360827,0.170215,-0.385008,0.472108,-0.0894831,0.0398488,-0.0116263,-0.02358,-0.00364494,-0.0072738,-3.86026e-05,-0.00245959,
0.0832755,0.220007,-0.0789414,-2.59643,-0.165158,1.71525,-1.03591,0.611513,0.0448006,0.721739,0.0550341,0.734515,0.164466,0.75681,-0.0475067,0.0102452,0.279788,0.0337307,0.355909,-0.314948,0.187627,0.197943,-0.109537,0.0197309,-0.0175635,-0.0229463,-0.00348254,-0.00688506,-7.36745e-05,-0.0026175,
0.0832548,0.221133,-0.0787798,-2.59492,-0.167602,1.71639,-1.03602,0.611074,0.0448795,0.721668,0.0549424,0.734501,0.164438,0.75681,-0.0475171,-0.00519008,0.281651,0.040397,0.378735,-0.611026,0.284736,-0.0278006,-0.129166,-0.000960815,-0.0225073,-0.0225722,-0.003296,-0.0064774,-7.33971e-05,-0.00279199,
0.0831665,0.222136,-0.078575,-2.59317,-0.171529,1.71553,-1.03795,0.610558,0.0448757,0.721578,0.0548521,0.734488,0.164412,0.756809,-0.0475283,-0.0220647,0.250664,0.051195,0.438321,-0.981733,-0.215575,-0.482334,-0.147969,-0.0213622,-0.0266876,-0.022469,-0.00309096,-0.0060531,-4.46224e-05,-0.00298855,
0.0830717,0.223163,-0.0783569,-2.59147,-0.175779,1.71518,-1.04109,0.609966,0.0447903,0.721472,0.0547622,0.734476,0.164388,0.756809,-0.0475403,-0.0237165,0.256817,0.0545371,0.423389,-1.06239,-0.0869083,-0.783139,-0.126299,-0.0101062,-0.0287239,-0.0235393,-0.00289065,-0.00565151,0.000225493,-0.0034026,
0.0830293,0.224282,-0.0781797,-2.58989,-0.180219,1.71622,-1.04465,0.609461,0.0447498,0.721357,0.054668,0.734464,0.164365,0.75681,-0.0475539,-0.0105821,0.279734,0.0443024,0.395915,-1.11006,0.258326,-0.890301,-0.0818013,0.000927389,-0.0258083,-0.0263935,-0.00350166,-0.00449388,0.000932328,-0.00429747,
0.0830993,0.225412,-0.0780861,-2.58832,-0.184827,1.71768,-1.04871,0.609133,0.0447535,0.721253,0.0545625,0.73445,0.164347,0.756814,-0.0475711,0.0174974,0.282346,0.0233782,0.392456,-1.15213,0.365873,-1.01563,-0.0557435,0.00169305,-0.0240925,-0.0291026,-0.00397999,-0.00346364,0.00148997,-0.00502592,
0.0832192,0.226529,-0.0780198,-2.5868,-0.189506,1.7196,-1.05308,0.60891,0.0447603,0.721157,0.0544461,0.734434,0.164334,0.75682,-0.0475912,0.0299775,0.279383,0.0165733,0.380788,-1.16965,0.479876,-1.09201,-0.0274907,0.00600919,-0.0226746,-0.0317537,-0.00442506,-0.00245185,0.00201422,-0.00572584,
0.0832554,0.227628,-0.0777813,-2.5854,-0.193689,1.72227,-1.05497,0.6088,0.0447843,0.721066,0.054319,0.734417,0.164324,0.756828,-0.0476141,0.00903233,0.274751,0.0596429,0.34897,-1.04585,0.668022,-0.472923,0.0191877,0.00312618,-0.0191454,-0.0339107,-0.00510507,-0.00114544,0.00275515,-0.00665439,
0.0832332,0.228681,-0.0774408,-2.5841,-0.197521,1.72509,-1.05497,0.608877,0.0447969,0.72099,0.0541834,0.734396,0.164319,0.756839,-0.0476407,-0.00553595,0.26322,0.0851222,0.325924,-0.957941,0.705632,7.2642e-05,0.0409495,0.00469474,0.00801106,-0.0261062,-0.00296682,0.00103966,0.0029,-0.00620337,
0.0832046,0.229674,-0.0770161,-2.58291,-0.20066,1.72803,-1.05157,0.609041,0.0448156,0.721022,0.054079,0.734384,0.164323,0.75685,-0.0476655,-0.00715461,0.248391,0.106163,0.297058,-0.784707,0.734758,0.848919,0.0777219,-0.00743773,0.0393925,-0.0180493,-0.000671211,0.00348672,0.00320326,-0.00597898,
0.0832364,0.230658,-0.0765106,-2.58181,-0.202394,1.73108,-1.04704,0.609352,0.0447859,0.721179,0.0540068,0.734382,0.164337,0.756863,-0.0476894,0.00795885,0.245806,0.126382,0.273601,-0.433544,0.761187,1.13205,0.0990914,-0.0210367,0.0608027,-0.0124259,0.000919262,0.00505758,0.00336912,-0.00568971,
0.0833994,0.231646,-0.0759698,-2.5808,-0.202285,1.73423,-1.04244,0.609748,0.0447017,0.721423,0.0539571,0.734385,0.164358,0.756877,-0.0477122,0.0407482,0.247076,0.135195,0.254044,0.0272054,0.787646,1.14995,0.110512,-0.0413954,0.0752035,-0.0083497,0.00201464,0.0060156,0.00342558,-0.00535245,
0.0838548,0.232622,-0.0756397,-2.57986,-0.199989,1.73746,-1.04264,0.61019,0.0445362,0.721723,0.0539237,0.734393,0.164382,0.75689,-0.0477336,0.113847,0.243886,0.082535,0.235588,0.573994,0.807062,-0.0478422,0.121949,-0.0362811,0.0930251,-0.000752069,0.00338678,0.00736832,0.003435,-0.00498295,
0.0842519,0.233591,-0.075363,-2.57888,-0.197784,1.74072,-1.04252,0.610678,0.044391,0.722096,0.0539207,0.734407,0.164411,0.756904,-0.0477535,0.0992717,0.242436,0.0691697,0.244108,0.551258,0.816529,0.0303155,0.139276,-0.0264078,0.114697,0.00655413,0.00486569,0.00886424,0.00361667,-0.00485455,
0.0844821,0.234536,-0.075103,-2.57788,-0.196199,1.74412,-1.04244,0.611235,0.0442854,0.722554,0.0539469,0.734426,0.164447,0.756919,-0.0477729,0.0575581,0.236247,0.064997,0.248647,0.396393,0.849622,0.0180437,0.153065,0.00345173,0.137729,0.0162089,0.00665637,0.0105815,0.00373539,-0.00468573,
0.0845152,0.235459,-0.0748284,-2.57688,-0.195395,1.74768,-1.04248,0.611848,0.0442992,0.723105,0.0540117,0.734453,0.164489,0.756933,-0.0477917,0.00826867,0.230664,0.0686505,0.250624,0.200795,0.889244,-0.00976396,0.165118,0.0388662,0.159668,0.0259282,0.00830051,0.0120871,0.00383833,-0.004568,
0.0843967,0.236387,-0.0745083,-2.57589,-0.19504,1.75136,-1.04266,0.612508,0.0444547,0.723744,0.0541154,0.734486,0.164537,0.756949,-0.04781,-0.0296304,0.231931,0.0800316,0.248589,0.0887506,0.920605,-0.0451446,0.175288,0.0659151,0.177065,0.0335508,0.00938264,0.013157,0.00392104,-0.00453094,
0.0842578,0.237349,-0.0741796,-2.57491,-0.194764,1.75509,-1.04231,0.613209,0.0447183,0.724452,0.0542496,0.734524,0.16459,0.756965,-0.0478281,-0.0347229,0.240581,0.0821828,0.243686,0.069173,0.931509,0.0877344,0.186945,0.07144,0.189422,0.0372968,0.00991316,0.0136432,0.00405305,-0.00467156,
0.08417,0.238351,-0.073878,-2.57396,-0.194408,1.7588,-1.04136,0.613957,0.0450041,0.72521,0.0543988,0.734563,0.164644,0.756981,-0.0478468,-0.0219429,0.250511,0.0753781,0.237687,0.0889113,0.929573,0.237092,0.196956,0.0683266,0.197903,0.0394339,0.0101491,0.0138191,0.00414717,-0.00483205,
0.084152,0.239385,-0.0736101,-2.57305,-0.193839,1.76251,-1.04044,0.614745,0.0452774,0.726001,0.0545566,0.734604,0.1647,0.756997,-0.0478661,-0.00449969,0.258551,0.0669799,0.228473,0.142282,0.925927,0.23074,0.200717,0.065753,0.201776,0.0414432,0.00913951,0.0125766,0.00411797,-0.00489942,
0.0841879,0.240428,-0.0733903,-2.57218,-0.193262,1.76618,-1.03972,0.615548,0.0455404,0.726809,0.0547223,0.73464,0.16475,0.757014,-0.0478857,0.00896161,0.260761,0.0549585,0.216821,0.144365,0.918492,0.180229,0.201392,0.0678714,0.204087,0.0431402,0.00816766,0.0113836,0.00404548,-0.00492526,
0.0842775,0.241455,-0.073216,-2.57139,-0.192741,1.76982,-1.03864,0.616353,0.0458119,0.727625,0.0548949,0.734673,0.164795,0.75703,-0.0479054,0.0224064,0.256619,0.0435795,0.198989,0.13019,0.910666,0.268711,0.2007,0.0673794,0.205025,0.043717,0.00722647,0.0102176,0.0039723,-0.00495962,
0.0845053,0.242429,-0.0730957,-2.57073,-0.191593,1.77349,-1.03659,0.617156,0.0460814,0.728445,0.0550698,0.734702,0.164836,0.757046,-0.0479252,0.0569523,0.243666,0.0300793,0.163986,0.287007,0.917308,0.512995,0.202355,0.0522914,0.204361,0.0435054,0.00632265,0.00909041,0.00388064,-0.00497108,
0.084765,0.243396,-0.0729892,-2.57012,-0.190107,1.77713,-1.03492,0.617965,0.0462906,0.729262,0.0552438,0.734727,0.164873,0.757061,-0.0479451,0.0649342,0.241748,0.0266184,0.151268,0.371368,0.907823,0.417679,0.199967,0.0521317,0.203664,0.0437604,0.00548716,0.00805915,0.00375429,-0.00493034,
0.0850398,0.244373,-0.0729082,-2.56951,-0.188622,1.78083,-1.03382,0.618765,0.0464991,0.730077,0.0554188,0.734749,0.164905,0.757076,-0.0479648,0.0686891,0.244145,0.0202421,0.153665,0.371288,0.92675,0.274936,0.190465,0.055671,0.179459,0.0407609,0.00481355,0.00710103,0.00328065,-0.00479718,
0.0853342,0.245368,-0.0728382,-2.56887,-0.187018,1.78457,-1.03325,0.619527,0.0467218,0.730795,0.0555819,0.734769,0.164933,0.75709,-0.047984,0.0735917,0.248669,0.0175009,0.160156,0.400913,0.935536,0.142603,0.181378,0.0566398,0.155334,0.038271,0.00419819,0.00622771,0.00279764,-0.00469068,
0.0856426,0.246381,-0.0727764,-2.56819,-0.185364,1.78833,-1.03306,0.620253,0.0469483,0.731416,0.0557349,0.734785,0.164958,0.757101,-0.0480028,0.0771011,0.253418,0.0154578,0.169628,0.413555,0.939741,0.0477495,0.172228,0.057182,0.131563,0.0361312,0.00363992,0.0054227,0.00232665,-0.00462589,
0.0858832,0.247409,-0.072685,-2.56745,-0.184105,1.79208,-1.03276,0.620942,0.0471771,0.731943,0.0558795,0.7348,0.16498,0.75711,-0.0480213,0.0601491,0.256883,0.0228573,0.185917,0.314908,0.936916,0.07448,0.164905,0.0679418,0.107803,0.034216,0.00314465,0.00467182,0.00190723,-0.00466821,
0.0861268,0.248451,-0.0725696,-2.56666,-0.182801,1.79583,-1.0321,0.621601,0.0474488,0.732374,0.0560163,0.734812,0.164999,0.757118,-0.04804,0.0608987,0.260424,0.0288282,0.197185,0.325889,0.936338,0.166845,0.157481,0.0644132,0.0848851,0.0325416,0.00269552,0.00401963,0.00142956,-0.00466358,
0.0863761,0.249497,-0.0724327,-2.56586,-0.181286,1.7994,-1.03128,0.622231,0.0477065,0.732713,0.0561465,0.734823,0.165015,0.757123,-0.0480586,0.0623492,0.26151,0.0342459,0.199688,0.37877,0.893945,0.202755,0.159153,0.0636855,0.0935754,0.0339441,0.00220538,0.00340885,0.00140387,-0.00434933,
0.0866266,0.250549,-0.0722722,-2.56506,-0.179517,1.80289,-1.03035,0.622868,0.0479612,0.733088,0.0562823,0.734832,0.165028,0.757129,-0.048076,0.0626203,0.263191,0.0401083,0.199759,0.442131,0.870926,0.232593,0.160806,0.0623002,0.102555,0.0355331,0.00178796,0.00290906,0.00139204,-0.00406785,
0.0868705,0.25161,-0.0720872,-2.56426,-0.177501,1.80632,-1.02924,0.623511,0.0482104,0.733498,0.0564244,0.734839,0.16504,0.757135,-0.0480923,0.0609798,0.265174,0.0462566,0.199536,0.504087,0.857654,0.278329,0.16307,0.0608944,0.111832,0.0372281,0.0014371,0.00251479,0.0013968,-0.00382695,
0.0871138,0.252673,-0.071881,-2.56348,-0.175202,1.80972,-1.02671,0.624163,0.048454,0.733945,0.0565733,0.734845,0.16505,0.75714,-0.0481076,0.0608026,0.26566,0.051539,0.195736,0.574702,0.849886,0.632228,0.175995,0.0578492,0.12574,0.0400862,0.0011865,0.00231884,0.00148804,-0.00373087,
0.0873364,0.253752,-0.0716676,-2.56269,-0.172789,1.81311,-1.0243,0.624867,0.0486854,0.734448,0.0567337,0.73485,0.165059,0.757146,-0.0481225,0.0556567,0.269769,0.0533534,0.197685,0.603285,0.847968,0.602534,0.17739,0.0588463,0.134096,0.0415789,0.000933701,0.00208931,0.00150373,-0.00355292,
0.0875245,0.254843,-0.0714635,-2.56189,-0.170521,1.81649,-1.02209,0.625577,0.0489208,0.734984,0.0569,0.734853,0.165068,0.757152,-0.0481367,0.0470257,0.272733,0.051023,0.20003,0.567091,0.846197,0.552045,0.179091,0.0637167,0.14243,0.0430047,0.000726297,0.00194097,0.00153964,-0.00342561,
0.087682,0.25594,-0.0712704,-2.56109,-0.168434,1.81989,-1.02013,0.626293,0.0491757,0.735554,0.057072,0.734856,0.165075,0.757158,-0.0481504,0.039385,0.274387,0.0482915,0.199978,0.521791,0.848702,0.490587,0.179959,0.0681994,0.149814,0.0435699,0.000533896,0.00180076,0.00131874,-0.00300964,
0.0878348,0.257041,-0.0710847,-2.56028,-0.166399,1.82344,-1.01861,0.627013,0.0494485,0.736153,0.0572463,0.734858,0.165083,0.757164,-0.0481625,0.0381985,0.275253,0.0464153,0.201808,0.508574,0.887483,0.38024,0.169813,0.0680649,0.129815,0.0378678,0.000369814,0.00144452,0.00105694,-0.0024758,
0.0880486,0.258126,-0.070931,-2.5595,-0.163958,1.82711,-1.01861,0.627692,0.0497207,0.736673,0.0573978,0.73486,0.165088,0.757168,-0.0481724,0.0534425,0.271286,0.0384251,0.19597,0.610261,0.917983,-0.000421464,0.156149,0.0668132,0.110117,0.0324289,0.000243103,0.00116789,0.000825747,-0.00200326,
0.0882569,0.259209,-0.0707737,-2.55869,-0.161599,1.8308,-1.01861,0.628317,0.049988,0.737113,0.0575275,0.734861,0.165093,0.757171,-0.0481804,0.0520677,0.270527,0.0393267,0.202555,0.589779,0.921976,-0.000241843,0.144009,0.0639719,0.0900551,0.0272083,0.000118913,0.000926639,0.000622485,-0.0015865,
0.0884616,0.260288,-0.0706121,-2.55787,-0.159263,1.83438,-1.01841,0.628893,0.0502439,0.737473,0.0576363,0.734861,0.165097,0.757174,-0.0481867,0.0511775,0.269888,0.0403902,0.203849,0.584059,0.896278,0.0503361,0.140804,0.0623981,0.0966795,0.0279075,2.98901e-05,0.000926053,0.000444663,-0.00122044,
0.0886629,0.261375,-0.0704473,-2.55705,-0.156954,1.83792,-1.01799,0.629456,0.0504935,0.73786,0.0577479,0.734862,0.165101,0.757175,-0.0481916,0.0503375,0.271736,0.0412109,0.204963,0.577176,0.884654,0.104833,0.138621,0.0611186,0.103495,0.0286639,-2.27666e-05,0.000990623,0.000289971,-0.00090041,
0.0888534,0.262477,-0.0702837,-2.55622,-0.154779,1.84143,-1.0173,0.630011,0.0507379,0.738274,0.0578626,0.734861,0.165104,0.757176,-0.0481952,0.0476219,0.275556,0.0408891,0.20805,0.543728,0.877879,0.173493,0.137897,0.0614475,0.110748,0.0294644,-4.39509e-05,0.0011177,0.000156267,-0.000622089,
0.0889689,0.263605,-0.0701171,-2.55534,-0.153277,1.84489,-1.01602,0.630562,0.0509837,0.738717,0.0579804,0.734861,0.165109,0.757177,-0.0481977,0.0288708,0.281872,0.0416627,0.218744,0.375575,0.864946,0.318693,0.1415,0.0703253,0.120704,0.0306872,-2.2158e-05,0.00134682,4.15654e-05,-0.000381499,
0.0890619,0.264752,-0.0699487,-2.55446,-0.152085,1.84837,-1.01447,0.631128,0.051265,0.7392,0.0581032,0.734861,0.165114,0.757177,-0.0481992,0.0232414,0.286837,0.0421034,0.221309,0.298111,0.868457,0.388679,0.142223,0.0734089,0.127818,0.0312659,-5.8283e-06,0.00156197,-5.59727e-05,-0.000174977,
0.0891521,0.265917,-0.0697721,-2.55356,-0.15107,1.85197,-1.01281,0.631697,0.0515587,0.739711,0.0582283,0.734861,0.165121,0.757177,-0.0481999,0.0225614,0.291123,0.0441335,0.225904,0.253708,0.900035,0.415132,0.132033,0.0723875,0.107473,0.0257556,-6.82227e-06,0.0014498,-0.000138051,8.57239e-07,
0.0892479,0.267081,-0.0695863,-2.55265,-0.150094,1.85563,-1.01143,0.632225,0.0518482,0.740141,0.0583313,0.734861,0.165126,0.757177,-0.0481999,0.0239544,0.291048,0.0464551,0.227372,0.243967,0.917105,0.344752,0.119813,0.0720458,0.0896826,0.0203441,-0.00136404,0.00223313,-0.000206244,0.000149115,
0.0893923,0.268216,-0.0693708,-2.55179,-0.148505,1.85939,-1.01021,0.632704,0.0521364,0.7405,0.0584127,0.734856,0.165135,0.757176,-0.0481993,0.0360942,0.283828,0.0538777,0.213798,0.397102,0.938252,0.304369,0.106496,0.0666159,0.0718991,0.0155731,-0.0026999,0.00307143,-0.000262008,0.000272661,
0.0896937,0.269292,-0.0691303,-2.55109,-0.145132,1.86317,-1.00869,0.63313,0.0524028,0.740787,0.0584749,0.734845,0.165148,0.757175,-0.0481982,0.0753451,0.26888,0.0601283,0.175986,0.843377,0.944963,0.380845,0.10096,0.0519268,0.074764,0.0157006,-0.0017635,0.00370936,-0.000306687,0.000374132,
0.0900258,0.270344,-0.0688853,-2.55043,-0.141147,1.86687,-1.006,0.633534,0.0526106,0.741086,0.0585377,0.734838,0.165162,0.757173,-0.0481967,0.08303,0.263165,0.0612538,0.164527,0.996242,0.925831,0.672942,0.0967679,0.0417405,0.0790821,0.0160883,-0.000753191,0.00447501,-0.000341517,0.000455948,
0.090343,0.271397,-0.0686312,-2.54978,-0.136914,1.8705,-1.00223,0.633921,0.0527775,0.741403,0.0586021,0.734835,0.16518,0.757172,-0.0481949,0.0793008,0.263069,0.0635268,0.163166,1.05819,0.908202,0.942681,0.0935915,0.0344476,0.0840508,0.016624,0.000264886,0.00529711,-0.000367637,0.000520331,
0.0906318,0.272463,-0.0683641,-2.5491,-0.132568,1.87409,-0.997502,0.634296,0.0529153,0.741739,0.0586686,0.734836,0.165202,0.757171,-0.0481928,0.072209,0.266692,0.0667598,0.167811,1.08649,0.895435,1.18101,0.0925985,0.0291824,0.0897532,0.017798,0.000373766,0.00521041,-0.000386092,0.00056932,
0.0908674,0.273552,-0.0680998,-2.54839,-0.128457,1.87761,-0.99268,0.634666,0.053032,0.742098,0.0587398,0.734837,0.165222,0.757169,-0.0481906,0.0588774,0.272258,0.0660767,0.178674,1.02784,0.881295,1.2054,0.0924255,0.0304558,0.0960409,0.0191253,0.000489577,0.00516893,-0.000397841,0.000604778,
0.0908847,0.274676,-0.067866,-2.54753,-0.126328,1.88114,-0.988497,0.635036,0.0531539,0.742482,0.0588163,0.734839,0.165243,0.757167,-0.0481881,0.00434694,0.280881,0.0584558,0.215956,0.532233,0.882134,1.04578,0.0920908,0.0648101,0.0733937,0.0123993,0.000488461,0.00468063,-0.00040376,0.000628409,
0.0908868,0.275817,-0.0676471,-2.54661,-0.124628,1.88474,-0.985166,0.635404,0.0534131,0.742776,0.0588659,0.734841,0.165262,0.757166,-0.0481856,0.000503379,0.285387,0.0547313,0.227866,0.425,0.900169,0.832812,0.0819837,0.0699773,0.0519943,0.00777742,0.000500193,0.00427771,-0.000404647,0.000641764,
0.0909232,0.276949,-0.0674349,-2.54572,-0.122803,1.88831,-0.982731,0.635732,0.053693,0.742984,0.058897,0.734843,0.165279,0.757164,-0.0481831,0.00911208,0.283006,0.0530431,0.224471,0.456177,0.892404,0.608606,0.0749534,0.0666349,0.0565894,0.00944927,0.000592601,0.00422745,-0.000401231,0.000646257,
0.0909956,0.278064,-0.0672292,-2.54484,-0.120775,1.89186,-0.98122,0.636032,0.0539596,0.74321,0.0589348,0.734846,0.165296,0.757163,-0.0481805,0.0180951,0.278578,0.0514343,0.218871,0.50708,0.887728,0.377938,0.0683412,0.062825,0.0608081,0.0109501,0.000685054,0.004191,-0.000394172,0.000643169,
0.0911137,0.279152,-0.0670191,-2.544,-0.118306,1.89541,-0.98044,0.636305,0.0542109,0.743453,0.0589786,0.734848,0.165313,0.757161,-0.0481779,0.0295234,0.271982,0.0525268,0.20961,0.617174,0.886964,0.194923,0.0621311,0.0574821,0.0644478,0.0122306,0.000774203,0.00416354,-0.000384066,0.000633661,
0.0913738,0.280176,-0.066822,-2.54322,-0.114709,1.89869,-0.977813,0.636554,0.0544408,0.743711,0.0590275,0.734851,0.165329,0.757159,-0.0481754,0.0650199,0.256163,0.0492574,0.195629,0.899382,0.820176,0.656756,0.0591539,0.0441356,0.067297,0.0131892,0.000860344,0.00414365,-0.000371452,0.00061878,
0.0916651,0.281121,-0.0666164,-2.54237,-0.110664,1.90087,-0.974243,0.63679,0.0546173,0.74398,0.0590803,0.734855,0.165346,0.757158,-0.0481729,0.072831,0.236069,0.0514119,0.213611,1.01119,0.544611,0.892374,0.0525682,0.0351535,0.0660108,0.0131041,0.000893333,0.00398902,-0.000356813,0.000599468,
0.0919596,0.281987,-0.0664123,-2.54141,-0.106407,1.90177,-0.97024,0.637001,0.0547579,0.744244,0.0591327,0.734858,0.165362,0.757157,-0.0481705,0.0736216,0.216684,0.0510288,0.237938,1.06433,0.22488,1.00095,0.0334441,0.0296739,0.0446479,0.0101819,0.0011473,0.00410587,-0.000340582,0.000576569,
0.0922343,0.282805,-0.0662009,-2.54036,-0.102041,1.90142,-0.96599,0.637134,0.0548766,0.744423,0.0591734,0.734863,0.165378,0.757155,-0.0481682,0.0686819,0.204323,0.0528558,0.263577,1.09146,-0.0876243,1.06242,0.0141835,0.0257611,0.022849,0.00747338,0.00137689,0.00424351,-0.000323144,0.000550838,
0.0924652,0.283613,-0.0659762,-2.53921,-0.097719,1.90004,-0.961755,0.637191,0.0549797,0.744514,0.0592033,0.734869,0.165395,0.757154,-0.048166,0.0577316,0.202084,0.056162,0.28849,1.08048,-0.344868,1.0586,-0.00401911,0.0243155,0.00191579,0.00456939,0.00119109,0.00433652,-0.000304841,0.000522945,
0.0925776,0.284458,-0.0657583,-2.53795,-0.0942308,1.89802,-0.957948,0.637175,0.0550769,0.744522,0.0592216,0.734873,0.165412,0.757153,-0.0481639,0.0280986,0.21126,0.0544688,0.314956,0.872043,-0.503941,0.9519,-0.0175611,0.0349062,-0.0202988,0.00082098,0.00129708,0.00430568,-0.000285973,0.000493482,
0.0926891,0.285359,-0.0655536,-2.5367,-0.0907853,1.89581,-0.953526,0.637105,0.0552166,0.744441,0.0592249,0.734879,0.16543,0.757152,-0.0481619,0.0278633,0.225153,0.0511938,0.311422,0.861361,-0.553087,1.10557,-0.0234497,0.0291436,-0.0152389,0.00301189,0.00137029,0.00419073,-0.000266804,0.000462973,
0.0928234,0.286331,-0.0653592,-2.53553,-0.0870805,1.89397,-0.948915,0.637011,0.0553331,0.74438,0.0592369,0.734884,0.165446,0.75715,-0.0481601,0.0335798,0.243172,0.0485876,0.29353,0.926209,-0.460587,1.15262,-0.0292193,0.0195983,-0.00894599,0.00452315,0.00140885,0.00407038,-0.000247564,0.000431872,
0.0929903,0.287378,-0.0651839,-2.53445,-0.083038,1.89281,-0.944255,0.636894,0.0554115,0.744344,0.059255,0.73489,0.165463,0.75715,-0.0481583,0.0417202,0.261568,0.0438141,0.269384,1.01062,-0.288022,1.16501,-0.0321403,0.0114798,-0.000586079,0.00682002,0.00150344,0.00409574,-0.000228449,0.000400577,
0.0931745,0.288491,-0.0650309,-2.53348,-0.0787658,1.89258,-0.939687,0.636766,0.0554574,0.744342,0.0592823,0.734896,0.165479,0.757149,-0.0481567,0.0460688,0.27839,0.0382535,0.241962,1.06805,-0.0576359,1.14208,-0.0318654,0.00613965,0.0101969,0.0101799,0.00166228,0.00429823,-0.00020963,0.000369429,
0.0933764,0.289639,-0.0648944,-2.53264,-0.0741592,1.89333,-0.93596,0.636638,0.055482,0.744382,0.059323,0.734902,0.165496,0.757148,-0.0481553,0.0504598,0.287056,0.0341268,0.209065,1.15166,0.186079,0.931632,-0.0313353,0.00345135,0.0208212,0.0137234,0.00182868,0.0045653,-0.000191247,0.000338719,
0.0935804,0.290806,-0.0647795,-2.53188,-0.0694486,1.89477,-0.932986,0.636513,0.0554958,0.744466,0.0593779,0.73491,0.165515,0.757147,-0.0481539,0.0509994,0.291778,0.028727,0.192299,1.17764,0.361227,0.743531,-0.0305015,0.0010749,0.0308328,0.0171251,0.00199161,0.00486117,-0.000173419,0.000308692,
0.0937743,0.291994,-0.0646747,-2.53114,-0.0647027,1.89688,-0.930599,0.636391,0.0555001,0.744589,0.0594464,0.734918,0.165534,0.757146,-0.0481527,0.0484753,0.296952,0.0262069,0.183101,1.18648,0.526594,0.596669,-0.0290759,-0.000760576,0.0413029,0.0200339,0.00319185,0.00653063,-0.000156244,0.000279554,
0.0939544,0.293202,-0.0645714,-2.53042,-0.0599443,1.89958,-0.928692,0.636274,0.0554971,0.744754,0.0595265,0.73493,0.16556,0.757146,-0.0481515,0.0450203,0.301966,0.0258295,0.180651,1.18961,0.674367,0.476877,-0.0265616,-0.00210478,0.0519833,0.0230416,0.00440667,0.00825412,-0.000139799,0.00025147,
0.0941198,0.294412,-0.0644618,-2.52967,-0.0551883,1.90255,-0.927187,0.636168,0.0554887,0.744962,0.0596187,0.734948,0.165593,0.757145,-0.0481505,0.0413606,0.302461,0.027397,0.187861,1.18899,0.743318,0.376186,-0.0249864,-0.00357845,0.0608632,0.0255254,0.00542724,0.00974086,-0.000124144,0.000224575,
0.0942675,0.295621,-0.064359,-2.52887,-0.0505559,1.90566,-0.926858,0.636068,0.0554743,0.745206,0.0597208,0.73497,0.165632,0.757145,-0.0481496,0.0369364,0.302139,0.0257031,0.200571,1.15809,0.776251,0.0823531,-0.0247063,0.000334227,0.0686157,0.0283376,0.00637526,0.0112883,-0.000109323,0.000198971,
0.0944169,0.296827,-0.0642581,-2.52802,-0.0459648,1.90883,-0.927028,0.635969,0.0554757,0.74548,0.0598342,0.734995,0.165677,0.757144,-0.0481488,0.0373282,0.301694,0.0252154,0.212712,1.14779,0.794784,-0.0426297,-0.0233017,-0.00111905,0.0758151,0.0304255,0.00720322,0.0125773,-9.53661e-05,0.000174735,
0.0945709,0.298034,-0.0641579,-2.52712,-0.0414093,1.91206,-0.927402,0.635876,0.0554712,0.745783,0.0599559,0.735024,0.165728,0.757144,-0.0481481,0.0384979,0.301766,0.0250452,0.224011,1.13887,0.806278,-0.0935157,-0.0212613,-0.00351042,0.0827168,0.0324017,0.00798388,0.0138145,-8.22919e-05,0.000151921,
0.0947293,0.299208,-0.0640677,-2.52616,-0.0369339,1.91498,-0.92783,0.635791,0.0554572,0.746114,0.0600855,0.735056,0.165783,0.757143,-0.0481475,0.0396031,0.293523,0.0225499,0.240209,1.11884,0.73087,-0.106827,-0.0170953,-0.0065062,0.089131,0.0343758,0.00753591,0.0134226,-7.01077e-05,0.000130559,
0.0948773,0.300297,-0.0640103,-2.52509,-0.0326941,1.91709,-0.928178,0.635723,0.0554311,0.746471,0.060223,0.735086,0.165837,0.757143,-0.048147,0.0370172,0.272053,0.0143471,0.266548,1.05996,0.526933,-0.0870054,-0.0151253,-0.00619882,0.09236,0.0353309,0.0070392,0.0129501,-5.88116e-05,0.000110663,
0.0949453,0.301246,-0.0640249,-2.5239,-0.0293091,1.91786,-0.927166,0.635662,0.0554063,0.74684,0.0603643,0.735114,0.165888,0.757143,-0.0481466,0.0170035,0.237245,-0.00362906,0.29764,0.846263,0.193434,0.252896,-0.00675107,0.0105061,0.101427,0.0389434,0.00680263,0.01303,-4.83937e-05,9.22321e-05,
0.0949834,0.302139,-0.0640318,-2.52264,-0.0262172,1.91788,-0.925634,0.635635,0.0554484,0.747246,0.0605201,0.735141,0.16594,0.757143,-0.0481462,0.0095244,0.223233,-0.00173909,0.316583,0.772964,0.00351701,0.382906,-0.00155679,0.0137,0.0978539,0.0378065,0.00656164,0.0124925,-3.88369e-05,7.52491e-05,
0.095015,0.303012,-0.0640199,-2.52136,-0.0232545,1.91748,-0.923468,0.635629,0.0555032,0.747637,0.0606713,0.735168,0.16599,0.757143,-0.0481459,0.00787636,0.218377,0.00298728,0.319901,0.74069,-0.099588,0.541639,0.00332526,0.013801,0.0940502,0.0359957,0.00622705,0.0116992,-3.01189e-05,5.96866e-05,
0.0950476,0.30388,-0.0639859,-2.5201,-0.0203807,1.91685,-0.92078,0.635642,0.0555584,0.748014,0.0608153,0.735193,0.166037,0.757142,-0.0481457,0.00815845,0.217087,0.00848986,0.315224,0.718436,-0.156307,0.672003,0.00703753,0.0127635,0.09091,0.0334765,0.00545689,0.0109214,-2.2212e-05,4.55074e-05,
0.0950893,0.304748,-0.0639216,-2.51888,-0.0174925,1.9161,-0.917611,0.635671,0.0556094,0.748377,0.0609492,0.735214,0.166081,0.757142,-0.0481455,0.0104288,0.216984,0.0160634,0.305061,0.722063,-0.188202,0.792217,0.00935122,0.0100508,0.0886963,0.0300258,0.00399048,0.010071,-1.50851e-05,3.26658e-05,
0.0951642,0.305581,-0.063812,-2.5177,-0.01413,1.91498,-0.915361,0.635708,0.0556496,0.748732,0.0610693,0.73523,0.166121,0.757142,-0.0481454,0.0187289,0.208256,0.0274095,0.294067,0.840613,-0.281584,0.562451,0.00106597,0.00285074,0.0853939,0.025928,0.00270782,0.00923124,-8.70356e-06,2.11099e-05,
0.0952601,0.306423,-0.0636892,-2.51655,-0.0106677,1.91377,-0.913097,0.635712,0.055661,0.749074,0.061173,0.735241,0.166158,0.757142,-0.0481453,0.0239711,0.210353,0.0306914,0.286102,0.865575,-0.302394,0.56615,0.00095928,-0.00543162,0.0836065,0.0221414,0.00153946,0.00849479,-3.03071e-06,1.07823e-05,
0.0953603,0.307284,-0.0635671,-2.51546,-0.00722166,1.91258,-0.910847,0.635716,0.0556393,0.749408,0.0612616,0.735247,0.166192,0.757142,-0.0481452,0.0250525,0.215332,0.0305485,0.274124,0.861511,-0.295399,0.562363,-6.05458e-05,-0.00970724,0.0862293,0.0208441,0.00255317,0.00898374,1.97199e-06,1.6218e-06,
0.0954588,0.308182,-0.0634454,-2.51441,-0.00383578,1.91155,-0.908289,0.635716,0.0556005,0.749753,0.0613449,0.735258,0.166228,0.757142,-0.0481452,0.0246111,0.224582,0.0304198,0.261572,0.84647,-0.257517,0.639526,0.00231542,-0.0108645,0.0927931,0.0207585,0.00402869,0.0100606,6.34417e-06,-6.43568e-06,
0.0955516,0.309129,-0.0633259,-2.51341,-0.000576536,1.91078,-0.905471,0.635725,0.055557,0.750124,0.061428,0.735274,0.166268,0.757142,-0.0481452,0.0232093,0.236548,0.0298726,0.251301,0.814811,-0.193488,0.704596,0.00764161,-0.00929887,0.101092,0.0226046,0.00402813,0.00986664,1.01261e-05,-1.34561e-05,
0.0956217,0.310117,-0.0632313,-2.51247,0.00237972,1.91031,-0.901252,0.635756,0.0555198,0.750528,0.0615184,0.73529,0.166308,0.757142,-0.0481453,0.0175263,0.247075,0.0236542,0.235231,0.739065,-0.118042,1.05477,0.0256197,0.00511259,0.120138,0.0283532,0.0043672,0.0106929,1.33583e-05,-1.95066e-05,
0.0957127,0.311153,-0.063113,-2.51156,0.00551523,1.91017,-0.896611,0.635858,0.0555403,0.751009,0.0616318,0.735307,0.166351,0.757142,-0.0481454,0.0227539,0.258961,0.0295772,0.225426,0.783876,-0.0356746,1.16015,0.0307399,0.00122474,0.127718,0.0285749,0.00632708,0.0122353,1.60808e-05,-2.46543e-05,
0.0958271,0.312224,-0.0629806,-2.51069,0.008784,1.91035,-0.891987,0.635981,0.0555452,0.75152,0.0617461,0.735333,0.166399,0.757142,-0.0481455,0.0286059,0.267724,0.0330853,0.217287,0.817194,0.0461489,1.15598,0.03225,-0.00491509,0.13184,0.0281975,0.00762836,0.0132395,1.83334e-05,-2.8966e-05,
0.0959661,0.313311,-0.0628382,-2.50985,0.0121951,1.91081,-0.887698,0.63611,0.0555255,0.752047,0.0618589,0.735363,0.166452,0.757143,-0.0481456,0.0347314,0.271741,0.0355949,0.210024,0.852771,0.115922,1.07227,0.0303589,-0.0109144,0.132755,0.027462,0.00840713,0.0138236,2.0155e-05,-3.25078e-05,
0.0961416,0.314389,-0.0626786,-2.50904,0.0159153,1.91143,-0.883956,0.636232,0.0554818,0.752578,0.0619687,0.735397,0.166508,0.757143,-0.0481457,0.0438957,0.26965,0.0399207,0.203937,0.930047,0.153241,0.935435,0.0248771,-0.0195664,0.129493,0.0252519,0.00842765,0.013482,2.15832e-05,-3.53441e-05,
0.0963971,0.315417,-0.062515,-2.50823,0.020296,1.91178,-0.88181,0.636331,0.0554036,0.753096,0.0620698,0.73543,0.166562,0.757143,-0.0481459,0.0638514,0.256839,0.0408797,0.201318,1.09518,0.0887972,0.536606,0.0111023,-0.0267314,0.11878,0.0202534,0.00721087,0.0117247,2.26545e-05,-3.75376e-05,
0.0966668,0.316423,-0.062336,-2.50744,0.0249073,1.91208,-0.880087,0.636375,0.0552967,0.753571,0.0621508,0.735459,0.166609,0.757143,-0.048146,0.0674453,0.251606,0.0447633,0.198429,1.15282,0.0748723,0.430741,0.00615081,-0.0353795,0.114342,0.0180255,0.0064136,0.0105569,2.34039e-05,-3.91485e-05,
0.0969072,0.317416,-0.0621806,-2.50666,0.0292588,1.91239,-0.87854,0.6364,0.0551551,0.754029,0.0622229,0.735485,0.166651,0.757143,-0.0481462,0.0600868,0.248117,0.0388376,0.196015,1.08788,0.077957,0.386604,0.0100648,-0.0316077,0.117507,0.019706,0.00603809,0.0102825,2.38649e-05,-4.02351e-05,
0.0971129,0.318391,-0.062051,-2.50586,0.033272,1.91264,-0.87725,0.63644,0.0550287,0.754499,0.0623017,0.735509,0.166692,0.757143,-0.0481463,0.0514363,0.243906,0.0324114,0.199257,1.00329,0.0613643,0.322518,0.0153886,-0.0250386,0.120879,0.0216638,0.00571947,0.0101652,2.40692e-05,-4.08527e-05,
0.0972877,0.319352,-0.0619442,-2.505,0.0368613,1.9128,-0.876172,0.636502,0.0549286,0.754982,0.0623883,0.735532,0.166733,0.757143,-0.0481465,0.0436976,0.240189,0.0267064,0.214237,0.897345,0.0410861,0.269506,0.0224825,-0.0166878,0.114148,0.0203341,0.00565694,0.00977192,2.40468e-05,-4.10537e-05,
0.0973518,0.320304,-0.0618817,-2.50408,0.0393135,1.91301,-0.875279,0.636592,0.0548618,0.755439,0.0624697,0.735555,0.166772,0.757143,-0.0481467,0.0160265,0.237948,0.0156204,0.230503,0.613035,0.0505662,0.223373,0.0386926,0.0145185,0.11119,0.0212759,0.00400252,0.00924736,2.3826e-05,-4.08878e-05,
0.0973829,0.321237,-0.0618126,-2.50311,0.0414227,1.91302,-0.874596,0.636747,0.0549199,0.755884,0.0625548,0.735571,0.166809,0.757143,-0.0481468,0.00777028,0.233349,0.0172789,0.242833,0.527311,0.00334309,0.170764,0.0415529,0.0207709,0.104287,0.02015,0.00409694,0.00899399,2.34333e-05,-4.04017e-05,
0.0974228,0.322138,-0.0617239,-2.5021,0.0436079,1.91263,-0.874093,0.636913,0.055003,0.756301,0.0626354,0.735587,0.166845,0.757143,-0.048147,0.00996623,0.225149,0.0221609,0.252615,0.546304,-0.0969217,0.125626,0.0369097,0.0154511,0.0969508,0.0182457,0.00408011,0.00855653,2.28931e-05,-3.9639e-05,
0.0974879,0.322997,-0.0616145,-2.50105,0.0460821,1.91163,-0.873784,0.63706,0.0550648,0.756689,0.0627084,0.735603,0.166879,0.757143,-0.0481471,0.0162875,0.214779,0.027346,0.261087,0.618542,-0.249215,0.0772688,0.030649,0.00934954,0.0902029,0.0139997,0.00326139,0.00720972,2.22284e-05,-3.86401e-05,
0.0976043,0.3238,-0.0614746,-2.49998,0.0492528,1.90983,-0.873683,0.637183,0.0551022,0.757049,0.0627644,0.735616,0.166908,0.757144,-0.0481473,0.029097,0.200733,0.0349887,0.267335,0.792672,-0.45161,0.0253521,0.0205095,0.000481022,0.0815942,0.00921598,0.00244984,0.00584152,2.14601e-05,-3.74427e-05,
0.0978151,0.324503,-0.0613437,-2.49889,0.0535062,1.90677,-0.875085,0.637265,0.0551041,0.757376,0.0628012,0.735626,0.166931,0.757144,-0.0481474,0.0526916,0.17577,0.0327308,0.272467,1.06336,-0.763614,-0.350598,0.0055886,-0.00621959,0.0712977,0.00489369,0.00172932,0.00469678,2.06077e-05,-3.60814e-05,
0.0980391,0.325192,-0.0612116,-2.49779,0.0581378,1.90314,-0.877513,0.637287,0.0550792,0.757661,0.0628208,0.735633,0.16695,0.757144,-0.0481476,0.0560142,0.17218,0.0330139,0.276426,1.15789,-0.908827,-0.606866,-0.00870474,-0.0154952,0.0623236,0.000918996,0.00111101,0.0036708,1.96886e-05,-3.45879e-05,
0.0982562,0.325907,-0.0610841,-2.49668,0.062873,1.89929,-0.880769,0.637253,0.0550172,0.75791,0.0628245,0.735638,0.166965,0.757144,-0.0481477,0.0542631,0.178745,0.0318688,0.277015,1.1838,-0.961611,-0.814195,-0.0167092,-0.023527,0.0564014,-0.00225955,0.00057805,0.00275908,1.8719e-05,-3.2991e-05,
0.0984558,0.326659,-0.0609677,-2.49558,0.0675571,1.89545,-0.884868,0.637186,0.0549231,0.758136,0.0628154,0.73564,0.166976,0.757144,-0.0481479,0.0498928,0.188122,0.029116,0.275966,1.17103,-0.961349,-1.02476,-0.0223317,-0.0310622,0.0535349,-0.00434058,0.000656503,0.00252455,1.77133e-05,-3.13171e-05,
0.098632,0.327455,-0.0608652,-2.49448,0.0720973,1.89171,-0.889596,0.637096,0.0547989,0.75835,0.0627981,0.735642,0.166986,0.757144,-0.048148,0.0440578,0.199028,0.0256214,0.275148,1.13505,-0.933987,-1.18178,-0.021199,-0.0346219,0.052296,-0.00565645,0.000843323,0.00248033,1.66844e-05,-2.95896e-05,
0.0987317,0.328277,-0.0608165,-2.49339,0.0760002,1.8882,-0.893829,0.637012,0.0546604,0.758559,0.0627755,0.735646,0.166996,0.757144,-0.0481481,0.0249268,0.205589,0.0121599,0.271224,0.975725,-0.878783,-1.05824,0.00446716,-0.0158617,0.0547524,-0.00388374,0.00156676,0.00339772,1.56438e-05,-2.78297e-05,
0.0988023,0.329108,-0.0607768,-2.49232,0.0798214,1.8847,-0.897431,0.637029,0.0545969,0.758778,0.0627599,0.735652,0.167009,0.757144,-0.0481482,0.0176512,0.207593,0.00993895,0.266746,0.955282,-0.87336,-0.900618,0.0202745,-0.0100758,0.0562227,-0.00307947,0.0020536,0.00390084,1.46018e-05,-2.60562e-05,
0.0988447,0.329933,-0.060754,-2.49129,0.0835478,1.88122,-0.899904,0.637111,0.0545566,0.759003,0.0627476,0.73566,0.167025,0.757144,-0.0481483,0.010597,0.206353,0.00568828,0.258444,0.931608,-0.871638,-0.618264,0.0413732,0.00040334,0.0592944,-0.00151587,0.00260726,0.00455909,1.35673e-05,-2.42857e-05,
0.0988684,0.33076,-0.0607389,-2.49032,0.0873042,1.87769,-0.901251,0.637276,0.0545582,0.75924,0.0627415,0.735671,0.167043,0.757144,-0.0481484,0.00593787,0.20674,0.00377403,0.242574,0.939114,-0.882082,-0.336775,0.0548223,0.00899595,0.0738895,0.00364252,0.00285012,0.0050253,1.25481e-05,-2.25326e-05,
0.0988862,0.331596,-0.0607183,-2.48939,0.0911689,1.8741,-0.901625,0.637495,0.0545942,0.759536,0.0627561,0.735682,0.167063,0.757144,-0.0481485,0.0044467,0.208943,0.0051473,0.233724,0.966156,-0.897644,-0.0935497,0.062456,0.0125342,0.0836738,0.00671179,0.00291186,0.00519672,1.15508e-05,-2.08095e-05,
0.0989339,0.332427,-0.0606655,-2.48842,0.0954035,1.87014,-0.902223,0.637745,0.0546444,0.759871,0.062783,0.735694,0.167084,0.757144,-0.0481486,0.0119218,0.207819,0.0132196,0.24243,1.05867,-0.988459,-0.149359,0.0479192,0.00170221,0.0772378,0.00308367,0.00239501,0.00434892,1.05811e-05,-1.91272e-05,
0.0989801,0.333282,-0.0606159,-2.48745,0.0995464,1.86619,-0.902587,0.637937,0.0546512,0.760179,0.0627953,0.735703,0.167101,0.757144,-0.0481487,0.0115432,0.213751,0.0124029,0.240276,1.03572,-0.986892,-0.091136,0.0457095,0.000884143,0.0787295,0.00308141,0.00218181,0.00410482,9.6438e-06,-1.74946e-05,
0.0990255,0.334173,-0.0605631,-2.4865,0.103581,1.86234,-0.902867,0.63812,0.0546547,0.760494,0.0628076,0.735712,0.167118,0.757144,-0.0481487,0.0113618,0.222638,0.0131976,0.239089,1.00875,-0.962492,-0.0699085,0.0418651,-0.00092293,0.0795416,0.0027718,0.00270348,0.00458684,8.74263e-06,-1.59194e-05,
0.0990706,0.335103,-0.0605075,-2.48554,0.107473,1.85864,-0.903125,0.638287,0.054651,0.760813,0.0628187,0.735723,0.167136,0.757144,-0.0481488,0.0112733,0.232447,0.0138879,0.23848,0.972967,-0.925277,-0.0645991,0.0377974,-0.0023216,0.0802825,0.00276368,0.00318703,0.00514525,7.88072e-06,-1.44075e-05,
0.0991076,0.336074,-0.060456,-2.4846,0.111112,1.85516,-0.903317,0.638438,0.0546417,0.761134,0.0628298,0.735736,0.167157,0.757144,-0.0481489,0.0092491,0.242827,0.012874,0.236445,0.909711,-0.871462,-0.047813,0.0355491,-0.000929035,0.083071,0.00398794,0.00391995,0.00625396,7.06041e-06,-1.29638e-05,
0.0991041,0.337108,-0.0604301,-2.48371,0.114172,1.85217,-0.902743,0.638581,0.054638,0.761466,0.0628457,0.735751,0.167182,0.757144,-0.0481489,-0.000881125,0.258441,0.00646724,0.222594,0.765044,-0.745898,0.14337,0.044803,0.0108797,0.0988383,0.0111251,0.00648124,0.0106641,6.28342e-06,-1.15919e-05,
0.0990927,0.338191,-0.060399,-2.48285,0.116995,1.84959,-0.901427,0.63876,0.0546815,0.761861,0.0628902,0.735777,0.167224,0.757144,-0.048149,-0.0028515,0.270859,0.00777461,0.21582,0.705724,-0.646165,0.329007,0.0496361,0.0160389,0.109083,0.0156903,0.00809852,0.0134816,5.55088e-06,-1.02943e-05,
0.0990935,0.339313,-0.0603481,-2.48199,0.119791,1.84733,-0.899483,0.638958,0.0547457,0.762298,0.062953,0.73581,0.167278,0.757145,-0.048149,0.000213853,0.280386,0.0127363,0.213596,0.699062,-0.564417,0.486099,0.0507372,0.0164501,0.114707,0.0182099,0.0089649,0.0150203,4.86341e-06,-9.07281e-06,
0.0991153,0.340457,-0.060274,-2.48113,0.122657,1.84531,-0.897024,0.639161,0.0548115,0.762756,0.0630258,0.735846,0.167338,0.757145,-0.048149,0.00544365,0.286126,0.0185153,0.214289,0.716512,-0.505661,0.614558,0.0489187,0.0144257,0.116604,0.0191957,0.00926342,0.0156105,4.22115e-06,-7.92806e-06,
0.0991643,0.341597,-0.0601761,-2.48025,0.125657,1.84327,-0.894334,0.639357,0.0548692,0.763223,0.0631026,0.735883,0.167401,0.757145,-0.0481491,0.0122488,0.284854,0.0244853,0.221808,0.749849,-0.509351,0.672583,0.0416516,0.00990289,0.111755,0.0175596,0.00868622,0.0148169,3.62388e-06,-6.86012e-06,
0.099259,0.342684,-0.0600654,-2.47931,0.128994,1.8407,-0.89105,0.639524,0.0549088,0.76367,0.0631728,0.735917,0.16746,0.757145,-0.0481491,0.0236728,0.27195,0.0276663,0.233407,0.834342,-0.643488,0.820994,0.0313509,0.00692539,0.103498,0.0147294,0.00766202,0.0133497,3.07099e-06,-5.86839e-06,
0.0993789,0.343759,-0.0599321,-2.47836,0.132541,1.83797,-0.887721,0.639649,0.0549365,0.764084,0.0632318,0.735948,0.167513,0.757145,-0.0481491,0.0299676,0.268583,0.0333389,0.238385,0.886737,-0.681269,0.832326,0.0199735,0.000316819,0.0950382,0.0119444,0.00662197,0.011788,2.5616e-06,-4.95166e-06,
0.0995105,0.344835,-0.0597866,-2.4774,0.136126,1.83529,-0.88452,0.639729,0.0549378,0.764464,0.0632795,0.735974,0.167561,0.757145,-0.0481491,0.0329189,0.269048,0.0363694,0.238977,0.896211,-0.66985,0.800316,0.0108338,-0.00494672,0.0877966,0.00969438,0.00566594,0.0104017,2.09455e-06,-4.10829e-06,
0.0996463,0.345921,-0.0596348,-2.47646,0.139651,1.8328,-0.881523,0.639772,0.054918,0.764815,0.0633183,0.735997,0.167602,0.757145,-0.0481492,0.0339371,0.271559,0.0379541,0.236981,0.881229,-0.623617,0.749098,0.00394552,-0.00864292,0.0855934,0.00813595,0.00510988,0.0093269,1.66848e-06,-3.3362e-06,
0.099783,0.347029,-0.0594752,-2.47553,0.143106,1.83065,-0.878569,0.639788,0.0548834,0.765158,0.0633509,0.736018,0.167639,0.757145,-0.0481492,0.0341767,0.277027,0.039891,0.231775,0.863831,-0.536572,0.738679,0.00369609,-0.0105472,0.0848324,0.00724481,0.00464498,0.00846052,1.28185e-06,-2.63296e-06,
0.0999319,0.348167,-0.0593133,-2.47463,0.14654,1.82899,-0.875667,0.639803,0.0548412,0.765497,0.0633798,0.736036,0.167673,0.757145,-0.0481492,0.0372254,0.28437,0.0404821,0.225216,0.858375,-0.415245,0.725359,0.00615383,-0.0126852,0.084643,0.00662958,0.00422754,0.00769276,9.32983e-07,-1.99587e-06,
0.100082,0.349316,-0.0591502,-2.47374,0.149918,1.82764,-0.872563,0.639827,0.0547905,0.765836,0.0634063,0.736053,0.167704,0.757145,-0.0481492,0.0375261,0.287343,0.040782,0.222089,0.844491,-0.338399,0.776081,0.0103743,-0.0120198,0.0850457,0.00668234,0.00389851,0.00712127,6.20091e-07,-1.42203e-06,
0.100236,0.350473,-0.058981,-2.47285,0.153311,1.82653,-0.869238,0.639869,0.0547424,0.766176,0.0634331,0.736069,0.167733,0.757145,-0.0481492,0.0384259,0.289248,0.042299,0.221428,0.84827,-0.277094,0.831088,0.0136778,-0.0121071,0.0853369,0.00678239,0.00359524,0.00658908,3.41305e-07,-9.08345e-07,
0.100396,0.351633,-0.0588057,-2.47196,0.15672,1.82559,-0.86596,0.639924,0.054694,0.766517,0.0634602,0.736083,0.167759,0.757145,-0.0481492,0.0401275,0.29003,0.0438059,0.224177,0.852202,-0.234184,0.819621,0.0113669,-0.0147932,0.0846037,0.00620371,0.00325619,0.0059335,9.47015e-08,-4.51606e-07,
0.100565,0.352798,-0.0586219,-2.47105,0.160154,1.82484,-0.862944,0.639969,0.0546348,0.766855,0.063485,0.736096,0.167783,0.757145,-0.0481492,0.0422102,0.291275,0.0459555,0.227478,0.858674,-0.188744,0.753941,0.00587819,-0.0187304,0.0831389,0.00529339,0.0029002,0.00522938,-1.21672e-07,-4.85271e-08,
0.100749,0.353975,-0.0584248,-2.47013,0.163714,1.82439,-0.860763,0.639993,0.0545599,0.767188,0.0635062,0.736108,0.167804,0.757145,-0.0481492,0.046038,0.294224,0.0492824,0.229749,0.889942,-0.110894,0.545234,-0.00491927,-0.0230251,0.0804292,0.00389356,0.00250626,0.00446294,-3.09781e-07,3.0422e-07,
0.100931,0.355158,-0.0582331,-2.46921,0.16711,1.82418,-0.858935,0.639973,0.0544678,0.76751,0.0635218,0.736118,0.167821,0.757145,-0.0481492,0.0454973,0.295596,0.0479219,0.230485,0.848953,-0.0524128,0.457047,-0.00734298,-0.0236719,0.0797422,0.00345687,0.00225138,0.00397319,-4.71582e-07,6.09973e-07,
0.10111,0.356339,-0.0580434,-2.46828,0.170362,1.82415,-0.857346,0.639943,0.0543731,0.767829,0.0635356,0.736127,0.167837,0.757145,-0.0481492,0.0447553,0.295423,0.0474198,0.230784,0.812981,-0.00857242,0.397203,-0.00810686,-0.0235125,0.079588,0.00328845,0.00205233,0.00358694,-6.0901e-07,8.72046e-07,
0.101289,0.35752,-0.0578503,-2.46736,0.17355,1.82429,-0.855817,0.639911,0.054279,0.768147,0.0635488,0.736135,0.167852,0.757145,-0.0481492,0.0446836,0.295053,0.0482715,0.229727,0.796949,0.0348127,0.382288,-0.00561323,-0.0231424,0.0801811,0.00342168,0.00191168,0.00331313,-7.23963e-07,1.09371e-06,
0.101475,0.358698,-0.0576517,-2.46645,0.176778,1.8246,-0.854202,0.639889,0.0541865,0.768468,0.0635624,0.736143,0.167865,0.757145,-0.0481492,0.0464894,0.294748,0.0496714,0.228101,0.80715,0.0780385,0.403807,-0.00083026,-0.0230869,0.081237,0.00376555,0.00181219,0.00311758,-8.18291e-07,1.27816e-06,
0.101664,0.35987,-0.0574475,-2.46554,0.180038,1.82501,-0.852547,0.639885,0.0540941,0.768793,0.0635775,0.73615,0.167877,0.757145,-0.0481492,0.0472133,0.292955,0.05104,0.228912,0.814853,0.100876,0.413826,0.00162505,-0.023083,0.0820513,0.00396575,0.00172363,0.00293173,-8.93788e-07,1.42852e-06,
0.10185,0.361027,-0.0572501,-2.46461,0.183247,1.82538,-0.850789,0.639892,0.0540018,0.769121,0.0635934,0.736157,0.167889,0.757145,-0.0481492,0.0466485,0.289062,0.0493498,0.232143,0.802237,0.0927653,0.439473,0.00390289,-0.0206357,0.083192,0.00446825,0.00169153,0.00286854,-9.52179e-07,1.5478e-06,
0.102031,0.362164,-0.0570633,-2.46366,0.186374,1.82559,-0.848954,0.639907,0.0539193,0.769454,0.0636112,0.736163,0.167901,0.757145,-0.0481492,0.0450464,0.284433,0.0466933,0.236137,0.781966,0.054001,0.458665,0.0047139,-0.017538,0.0803678,0.00554642,0.00139215,0.00261046,-9.95121e-07,1.63889e-06,
0.1022,0.363277,-0.0568881,-2.4627,0.189385,1.82555,-0.847053,0.639926,0.0538491,0.769775,0.0636334,0.736169,0.167911,0.757145,-0.0481492,0.0423965,0.278215,0.0437941,0.241824,0.752545,-0.0105904,0.475213,0.0044513,-0.0129951,0.0765172,0.00610161,0.00108189,0.00235101,-1.02419e-06,1.70457e-06,
0.102362,0.364354,-0.0567236,-2.4617,0.192313,1.82508,-0.84509,0.639944,0.0537971,0.770081,0.0636578,0.736173,0.16792,0.757145,-0.0481492,0.0404859,0.269202,0.0411356,0.249285,0.732016,-0.117818,0.490813,0.000579019,-0.00779512,0.0712524,0.00552856,0.000789129,0.00197136,-1.04089e-06,1.74747e-06,
0.102531,0.365375,-0.0565631,-2.46064,0.195305,1.82381,-0.843507,0.639946,0.0537659,0.770366,0.0636799,0.736177,0.167928,0.757145,-0.0481491,0.0422398,0.255253,0.0401331,0.263692,0.748145,-0.316253,0.39577,-0.0166842,-0.00567901,0.0614365,0.00264928,-6.46708e-05,0.00219077,-1.04663e-06,1.7701e-06,
0.102708,0.366402,-0.0563885,-2.4596,0.198389,1.82252,-0.842111,0.63988,0.0537432,0.770612,0.0636905,0.736176,0.167937,0.757145,-0.0481491,0.04434,0.256668,0.043632,0.261082,0.771043,-0.323247,0.348984,-0.0232041,-0.00925836,0.0613357,0.00188221,-9.55071e-05,0.00207478,-1.04274e-06,1.77481e-06,
0.102898,0.36746,-0.0561991,-2.45859,0.201575,1.82152,-0.840869,0.639787,0.0537062,0.770857,0.0636981,0.736176,0.167945,0.757145,-0.0481491,0.0474238,0.264471,0.0473584,0.2532,0.796454,-0.250965,0.310539,-0.0212306,-0.0133678,0.0623307,0.00134795,-1.50415e-05,0.00204016,-1.03046e-06,1.76383e-06,
0.103099,0.368551,-0.0560001,-2.45762,0.204861,1.82094,-0.839596,0.639702,0.0536527,0.771107,0.0637035,0.736176,0.167954,0.757145,-0.0481491,0.0502673,0.27298,0.0497489,0.241935,0.8214,-0.144519,0.318196,-0.0102165,-0.0153872,0.0649388,0.00152823,0.000210471,0.0021434,-1.01096e-06,1.73921e-06,
0.103303,0.369667,-0.0558029,-2.4567,0.208155,1.82078,-0.838137,0.639661,0.0535912,0.771366,0.0637096,0.736177,0.167962,0.757145,-0.0481491,0.0509627,0.278827,0.0493082,0.230017,0.823411,-0.039469,0.364616,0.0066395,-0.0128123,0.0691032,0.00243377,0.00050014,0.00233015,-9.85307e-07,1.70288e-06,
0.103513,0.37082,-0.0556013,-2.45583,0.211502,1.82125,-0.836442,0.639688,0.0535399,0.771643,0.0637193,0.736179,0.167971,0.757145,-0.0481491,0.052415,0.288299,0.0503832,0.216362,0.836809,0.11611,0.42374,0.0298277,-0.011696,0.0742341,0.00406188,0.000769032,0.00265199,-9.54495e-07,1.65662e-06,
0.103724,0.371952,-0.055418,-2.455,0.214959,1.82179,-0.834155,0.639807,0.0534931,0.77194,0.0637356,0.736182,0.167982,0.757145,-0.0481491,0.0528474,0.283104,0.0458418,0.20948,0.864416,0.135671,0.571772,0.0506675,-0.00268765,0.0804467,0.00707433,0.00116084,0.00327839,-9.19435e-07,1.60209e-06,
0.103926,0.373038,-0.0552707,-2.45419,0.21855,1.82193,-0.830946,0.64001,0.0534824,0.772262,0.0637639,0.736186,0.167995,0.757145,-0.0481491,0.0504721,0.271383,0.036816,0.202131,0.897713,0.0345234,0.802433,0.0705869,0.0151083,0.0926636,0.0143982,0.00136817,0.00403556,-8.80959e-07,1.54077e-06,
0.104121,0.374074,-0.0551557,-2.45337,0.22233,1.82144,-0.826686,0.640292,0.0535428,0.772632,0.0638214,0.736192,0.168011,0.757145,-0.0481491,0.0488811,0.259028,0.0287518,0.203529,0.944973,-0.122282,1.06482,0.0868797,0.0335616,0.101589,0.0201616,0.00150508,0.00463473,-8.39825e-07,1.47405e-06,
0.104327,0.375084,-0.0550455,-2.45248,0.22633,1.8203,-0.821964,0.640639,0.0536771,0.773039,0.0639021,0.736198,0.16803,0.757145,-0.0481491,0.0514559,0.252509,0.0275429,0.222332,1.00008,-0.283323,1.18064,0.0819964,0.0375839,0.0964047,0.0191984,0.00133197,0.00427731,-7.96716e-07,1.40318e-06,
0.104526,0.376096,-0.0549416,-2.45152,0.230135,1.81879,-0.817559,0.640967,0.0538274,0.773424,0.0639789,0.736203,0.168047,0.757145,-0.0481491,0.0496003,0.252916,0.0259755,0.240188,0.951226,-0.377598,1.10111,0.064157,0.036537,0.0873349,0.0162064,0.000828632,0.00411984,-7.52248e-07,1.32927e-06,
0.104706,0.377124,-0.0548506,-2.45059,0.233653,1.81728,-0.812811,0.641224,0.0539736,0.773774,0.0640437,0.736207,0.168063,0.757145,-0.0481491,0.0449872,0.257041,0.0227633,0.234301,0.879291,-0.377614,1.18711,0.0657633,0.0414157,0.0894231,0.0181432,0.00165423,0.00557987,-7.0697e-07,1.25335e-06,
0.104893,0.378178,-0.0547503,-2.44963,0.237063,1.81579,-0.808022,0.641487,0.0541392,0.774131,0.0641163,0.736213,0.168086,0.757145,-0.0481491,0.0467161,0.263414,0.0250589,0.238805,0.85273,-0.372743,1.19724,0.0587479,0.0387542,0.0845727,0.0172614,0.00171347,0.00566426,-6.61369e-07,1.1763e-06,
0.105091,0.379254,-0.0546372,-2.44866,0.240407,1.81437,-0.803227,0.641722,0.0542942,0.77447,0.0641853,0.73622,0.168108,0.757145,-0.0481491,0.0497025,0.269028,0.0282895,0.242493,0.835867,-0.354418,1.19884,0.0510966,0.0355423,0.0816927,0.0151249,0.0015265,0.00527858,-6.15873e-07,1.09893e-06,
0.105304,0.380344,-0.0545115,-2.44767,0.243713,1.81297,-0.798431,0.641926,0.0544364,0.774796,0.0642458,0.736226,0.16813,0.757145,-0.0481491,0.0532531,0.272629,0.0314328,0.246532,0.826576,-0.351412,1.19887,0.0423007,0.032193,0.0787259,0.0130627,0.0013258,0.00489798,-5.70857e-07,1.02194e-06,
0.105547,0.381437,-0.0543753,-2.44666,0.247117,1.81142,-0.79364,0.642096,0.0545652,0.775111,0.0642981,0.736231,0.168149,0.757145,-0.0481491,0.0605565,0.273133,0.034034,0.252886,0.850868,-0.386777,1.19786,0.0297849,0.0268362,0.0752329,0.0108628,0.00104709,0.00451422,-5.26643e-07,9.45929e-07,
0.105809,0.382549,-0.0542359,-2.44566,0.250456,1.81004,-0.788846,0.642215,0.0546725,0.775412,0.0643415,0.736236,0.168167,0.757145,-0.0481491,0.0654943,0.277995,0.0348614,0.250678,0.834748,-0.344432,1.19841,0.0254049,0.0236101,0.0730875,0.00918354,0.000922561,0.00422373,-4.83507e-07,8.71426e-07,
0.10608,0.383677,-0.0541108,-2.44467,0.253491,1.80887,-0.784042,0.642316,0.054767,0.775704,0.0643783,0.736239,0.168184,0.757145,-0.0481491,0.0678,0.282151,0.0312571,0.246922,0.758943,-0.294083,1.20108,0.0242969,0.0245219,0.0716975,0.00789382,0.000879185,0.00404007,-4.41679e-07,7.98873e-07,
0.106326,0.384811,-0.0540264,-2.4437,0.255709,1.80782,-0.779212,0.642414,0.054865,0.775991,0.0644098,0.736243,0.1682,0.757145,-0.0481491,0.0616381,0.283527,0.0211075,0.242759,0.554482,-0.261475,1.2075,0.0266492,0.0349174,0.0712408,0.00718153,0.000940232,0.00400731,-4.01351e-07,7.28644e-07,
