0.167273,0.681858,0.121111,-2.12722,-0.0742911,1.352,1.0133,0.647778,0.120749,0.0112695,0.108764,-0.0170833,0.34176,0.0190332,-0.49021,0.454684,0.0702105,-0.0148025,
0.167319,0.682298,0.121037,-2.12585,-0.0742317,1.35005,1.01513,0.648059,0.12069,0.011665,0.109927,-0.0184406,0.343344,0.0148522,-0.489761,0.458434,0.0705159,-0.0155622,
0.167365,0.682739,0.120961,-2.12447,-0.0741674,1.34809,1.01697,0.648341,0.120627,0.0113089,0.110095,-0.0188963,0.343104,0.0160825,-0.488718,0.4604,0.0702892,-0.0161901,
0.167408,0.68318,0.120885,-2.1231,-0.0741015,1.34614,1.01882,0.648622,0.120563,0.0108754,0.110264,-0.0190037,0.342933,0.0164768,-0.488186,0.461861,0.0700364,-0.0164366,
0.16745,0.683621,0.12081,-2.12173,-0.0740355,1.34419,1.02067,0.648902,0.120497,0.0105334,0.110435,-0.0189151,0.342773,0.0164921,-0.487949,0.462927,0.069746,-0.0164248,
0.167492,0.684064,0.120735,-2.12036,-0.0739715,1.34224,1.02253,0.649181,0.120431,0.0103369,0.110629,-0.0187759,0.342555,0.0159952,-0.487709,0.463807,0.069477,-0.0162928,
0.167533,0.684507,0.12066,-2.11899,-0.0739105,1.34028,1.02438,0.649459,0.120366,0.0102425,0.110827,-0.0185863,0.342337,0.0152674,-0.487572,0.464446,0.0692101,-0.0160451,
0.167573,0.684951,0.120587,-2.11762,-0.0738528,1.33833,1.02624,0.649736,0.120302,0.0102226,0.111024,-0.0183573,0.342135,0.014428,-0.487566,0.464822,0.06893,-0.0156934,
0.167615,0.685396,0.120514,-2.11625,-0.0737991,1.33638,1.0281,0.650011,0.120239,0.0102631,0.111212,-0.0180969,0.341926,0.0134266,-0.487661,0.46493,0.0686591,-0.0152564,
0.167656,0.685842,0.120443,-2.11489,-0.0737498,1.33443,1.02996,0.650286,0.120178,0.0103505,0.111399,-0.0178258,0.341732,0.0123231,-0.487854,0.464796,0.0683871,-0.0147552,
0.167698,0.686288,0.120373,-2.11352,-0.0737056,1.33248,1.03182,0.65056,0.120119,0.0104755,0.111608,-0.017596,0.341558,0.0110404,-0.488043,0.464546,0.0681202,-0.0142454,
0.16774,0.686735,0.120303,-2.11216,-0.0736665,1.33053,1.03368,0.650832,0.120062,0.0106051,0.111789,-0.0173254,0.341385,0.00976639,-0.48837,0.464007,0.0678628,-0.013677,
0.167783,0.687183,0.120235,-2.11079,-0.073634,1.32857,1.03553,0.651104,0.120007,0.0107714,0.112,-0.0171343,0.341191,0.00814303,-0.488557,0.463472,0.0676647,-0.013166,
0.167827,0.687632,0.120167,-2.10943,-0.0736075,1.32662,1.03738,0.651374,0.119955,0.0109123,0.112183,-0.0168867,0.34105,0.00662101,-0.488958,0.462651,0.0674721,-0.0125984,
0.167871,0.688082,0.1201,-2.10806,-0.0735879,1.32466,1.03923,0.651644,0.119904,0.0110757,0.112406,-0.0167351,0.340908,0.00488803,-0.489206,0.461897,0.067309,-0.0121161,
0.167916,0.688532,0.120034,-2.1067,-0.0735748,1.3227,1.04107,0.651913,0.119856,0.0112099,0.112615,-0.0165678,0.340799,0.00328226,-0.48955,0.460993,0.0671458,-0.011636,
0.167961,0.688983,0.119968,-2.10534,-0.0735682,1.32074,1.04291,0.652182,0.119809,0.0113381,0.112845,-0.0164464,0.340717,0.00163894,-0.489857,0.460095,0.0669864,-0.0112102,
0.168007,0.689436,0.119903,-2.10398,-0.0735679,1.31878,1.04475,0.65245,0.119764,0.0114443,0.113052,-0.0162873,0.340643,8.83294e-05,-0.490267,0.459031,0.0668403,-0.0107787,
0.168053,0.689889,0.119839,-2.10261,-0.0735739,1.31682,1.04658,0.652717,0.119721,0.0115552,0.113288,-0.0161753,0.340598,-0.00150679,-0.490633,0.457996,0.0666962,-0.010405,
0.1681,0.690343,0.119774,-2.10125,-0.0735859,1.31485,1.04841,0.652984,0.11968,0.0116475,0.113508,-0.0160296,0.340575,-0.00298368,-0.491107,0.456821,0.0665513,-0.0100274,
0.168147,0.690798,0.119711,-2.09989,-0.073604,1.31289,1.05023,0.65325,0.11964,0.0117492,0.113744,-0.0159117,0.34055,-0.00454564,-0.491535,0.45565,0.0664282,-0.00969963,
0.168194,0.691254,0.119648,-2.09853,-0.0736282,1.31092,1.05205,0.653516,0.119601,0.0118437,0.113972,-0.0157756,0.340536,-0.00605351,-0.49202,0.454387,0.0663183,-0.00938403,
0.168242,0.691711,0.119585,-2.09716,-0.0736583,1.30895,1.05386,0.653781,0.119563,0.0119374,0.114214,-0.0156458,0.340563,-0.00752386,-0.492551,0.453084,0.0662018,-0.00909,
0.16829,0.692168,0.119523,-2.0958,-0.0736943,1.30698,1.05567,0.654046,0.119527,0.0120262,0.114468,-0.0155159,0.340618,-0.00898181,-0.493124,0.451737,0.0660787,-0.00881288,
0.168339,0.692627,0.119462,-2.09444,-0.0737362,1.305,1.05747,0.65431,0.119492,0.0121058,0.114729,-0.0153683,0.340705,-0.0104747,-0.493777,0.450317,0.0659521,-0.00853343,
0.168387,0.693087,0.1194,-2.09308,-0.0737845,1.30303,1.05926,0.654574,0.119458,0.0121932,0.115026,-0.0152835,0.340796,-0.0120894,-0.494316,0.449013,0.0658235,-0.00832886,
0.168437,0.693549,0.119339,-2.09171,-0.0738396,1.30105,1.06106,0.654837,0.119424,0.0122693,0.115346,-0.0152597,0.340882,-0.0137678,-0.494721,0.447865,0.0657072,-0.00821701,
0.168492,0.694065,0.119268,-2.09035,-0.0739038,1.2992,1.06287,0.6551,0.119391,0.0138335,0.129136,-0.017874,0.341271,-0.0160579,-0.461487,0.452798,0.067127,-0.0103176,
0.168548,0.694619,0.119195,-2.08898,-0.0739775,1.29744,1.06468,0.655369,0.11935,0.0139309,0.138426,-0.0182856,0.342905,-0.0184277,-0.43921,0.454019,0.0684158,-0.0105876,
0.168603,0.695198,0.119122,-2.0876,-0.0740621,1.29575,1.0665,0.655642,0.119308,0.0139275,0.144732,-0.0181309,0.344922,-0.0211481,-0.423151,0.454258,0.0694951,-0.0103391,
0.168659,0.695794,0.11905,-2.08621,-0.0741633,1.29411,1.06832,0.65592,0.119266,0.0140266,0.149093,-0.0181246,0.346994,-0.0252835,-0.410633,0.455103,0.0703367,-0.010203,
0.168716,0.696394,0.118986,-2.08482,-0.0742353,1.29248,1.07012,0.656202,0.119226,0.0141107,0.150002,-0.015844,0.348008,-0.0180093,-0.40667,0.448708,0.0706575,-0.00846753,
0.168775,0.696998,0.118927,-2.08342,-0.074304,1.29087,1.07189,0.656484,0.119192,0.0148304,0.151027,-0.0147913,0.349268,-0.0171837,-0.402445,0.444602,0.0709532,-0.00715567,
0.168837,0.697605,0.11887,-2.08202,-0.0743804,1.28927,1.07366,0.656768,0.119163,0.0155613,0.151642,-0.0141803,0.350519,-0.0190913,-0.399213,0.441298,0.0711566,-0.0060141,
0.168902,0.698214,0.118813,-2.08061,-0.0744813,1.28769,1.07542,0.657053,0.119139,0.0161816,0.152332,-0.0144842,0.351855,-0.0252234,-0.395257,0.440648,0.0713248,-0.00558506,
0.168968,0.698821,0.118757,-2.0792,-0.0745839,1.28611,1.07717,0.657338,0.119117,0.0164496,0.151653,-0.0138239,0.352616,-0.0256388,-0.394731,0.437247,0.0712689,-0.00471398,
0.169035,0.699426,0.118702,-2.07778,-0.0746994,1.28454,1.07891,0.657623,0.119098,0.0167925,0.151273,-0.0138357,0.353481,-0.0288789,-0.393503,0.435673,0.0712083,-0.00430023,
0.169103,0.700029,0.118646,-2.07637,-0.0748283,1.28297,1.08065,0.657908,0.119081,0.0169799,0.150732,-0.0138749,0.354309,-0.0322325,-0.392931,0.43444,0.0711039,-0.00400061,
0.169171,0.700627,0.118593,-2.07495,-0.0749551,1.28139,1.08238,0.658192,0.119065,0.0170596,0.149536,-0.0133201,0.354756,-0.0317116,-0.394262,0.431382,0.070841,-0.00340737,
0.16924,0.701223,0.11854,-2.07353,-0.0750912,1.27981,1.0841,0.658476,0.119051,0.0172443,0.148849,-0.0133433,0.355336,-0.034012,-0.394548,0.429955,0.0706099,-0.00315498,
0.16931,0.701815,0.118486,-2.0721,-0.0752366,1.27823,1.08581,0.658758,0.119038,0.0173237,0.148184,-0.013426,0.355865,-0.036343,-0.394902,0.428902,0.0703464,-0.00301967,
0.169379,0.702406,0.118432,-2.07068,-0.0753929,1.27665,1.08752,0.65904,0.119026,0.0173265,0.147595,-0.0135384,0.356425,-0.0390818,-0.395398,0.428232,0.0700669,-0.00294102,
0.169448,0.702992,0.118379,-2.06925,-0.0755478,1.27506,1.08923,0.65932,0.119015,0.0172796,0.146546,-0.0130978,0.356678,-0.0387195,-0.397314,0.42594,0.0697269,-0.00254968,
0.169517,0.703576,0.118327,-2.06782,-0.0757118,1.27347,1.09093,0.659599,0.119004,0.0173667,0.146045,-0.0131752,0.357084,-0.04101,-0.39804,0.425157,0.0694362,-0.00245086,
0.169587,0.704158,0.118274,-2.06639,-0.0758815,1.27187,1.09263,0.659877,0.118995,0.0173775,0.145458,-0.0131058,0.357411,-0.0424103,-0.399153,0.424072,0.0691226,-0.0022892,
0.169657,0.704738,0.118222,-2.06496,-0.0760579,1.27027,1.09432,0.660153,0.118985,0.0173882,0.144988,-0.0130878,0.357745,-0.0441102,-0.400151,0.423242,0.068815,-0.00216708,
0.169726,0.705315,0.118171,-2.06353,-0.0762349,1.26867,1.096,0.660428,0.118977,0.0173868,0.144312,-0.0127184,0.357963,-0.0442625,-0.402044,0.421362,0.0684793,-0.00178938,
0.169796,0.705891,0.11812,-2.0621,-0.0764194,1.26705,1.09769,0.660702,0.11897,0.017495,0.143995,-0.0127002,0.358223,-0.0461196,-0.40301,0.420458,0.0682094,-0.00162326,
0.169866,0.706465,0.11807,-2.06066,-0.0766071,1.26544,1.09936,0.660975,0.118963,0.0175549,0.143555,-0.0124874,0.358405,-0.0469219,-0.404428,0.418995,0.0679482,-0.00133895,
0.169937,0.707038,0.118021,-2.05923,-0.0767985,1.26381,1.10103,0.661247,0.118958,0.017646,0.143213,-0.012323,0.358589,-0.0478398,-0.405703,0.417609,0.0677035,-0.00107304,
0.170008,0.70761,0.117972,-2.05779,-0.0769946,1.26219,1.1027,0.661518,0.118953,0.0177402,0.142973,-0.0122108,0.358784,-0.0490359,-0.406803,0.416369,0.0674767,-0.000835808,
0.170079,0.708181,0.117924,-2.05636,-0.0771978,1.26056,1.10436,0.661788,0.11895,0.0178217,0.14286,-0.012183,0.359013,-0.0508001,-0.407644,0.415449,0.0672711,-0.000658487,
0.170151,0.708752,0.117876,-2.05492,-0.0774053,1.25892,1.10602,0.662057,0.118947,0.0178868,0.142641,-0.011999,0.359154,-0.0518662,-0.408802,0.41408,0.0670858,-0.000385949,
0.170223,0.709323,0.117827,-2.05348,-0.0776213,1.25728,1.10767,0.662325,0.118946,0.017987,0.142648,-0.0120378,0.35937,-0.0539991,-0.409372,0.41341,0.0669272,-0.000270284,
0.170295,0.709892,0.11778,-2.05205,-0.0778401,1.25564,1.10932,0.662593,0.118945,0.0180345,0.142457,-0.0118311,0.359513,-0.0547006,-0.410547,0.412012,0.0667594,-1.21093e-05,
0.170367,0.710462,0.117734,-2.05061,-0.0780614,1.25399,1.11096,0.66286,0.118945,0.0181209,0.14231,-0.011614,0.359662,-0.0553246,-0.411741,0.410499,0.0666026,0.000269673,
0.17044,0.711031,0.117688,-2.04917,-0.0782868,1.25234,1.1126,0.663126,0.118946,0.0182379,0.142251,-0.0114512,0.359807,-0.0563522,-0.412738,0.40911,0.0664933,0.0005221,
0.170514,0.7116,0.117642,-2.04773,-0.0785186,1.25069,1.11423,0.663392,0.118948,0.0183496,0.142308,-0.0113646,0.360011,-0.0579529,-0.41353,0.407982,0.0664012,0.000730062,
0.170587,0.712169,0.117597,-2.04629,-0.0787565,1.24903,1.11586,0.663658,0.118951,0.0184542,0.142361,-0.0112809,0.360174,-0.059486,-0.414255,0.406869,0.0663166,0.00090941,
0.170662,0.71274,0.117552,-2.04485,-0.079004,1.24737,1.11748,0.663923,0.118955,0.0185592,0.142585,-0.0113924,0.360425,-0.0618621,-0.414491,0.406446,0.0662488,0.000911588,
0.170736,0.71331,0.117507,-2.0434,-0.0792551,1.24571,1.1191,0.664188,0.118958,0.0185847,0.142569,-0.0112346,0.360568,-0.0627672,-0.415356,0.405266,0.0661577,0.0010649,
0.170811,0.71388,0.117463,-2.04196,-0.0795079,1.24405,1.12072,0.664453,0.118962,0.0186484,0.142525,-0.0110057,0.360701,-0.0632216,-0.416407,0.403791,0.0660633,0.00126221,
0.170886,0.71445,0.11742,-2.04052,-0.0797627,1.24238,1.12233,0.664717,0.118967,0.0187539,0.142522,-0.0107824,0.360834,-0.0636833,-0.417429,0.402231,0.0659744,0.00146326,
0.170961,0.71502,0.117377,-2.03907,-0.0800202,1.2407,1.12393,0.664981,0.118973,0.0188794,0.14258,-0.0105811,0.360981,-0.0643907,-0.418367,0.400676,0.0658952,0.00165904,
0.171037,0.715591,0.117336,-2.03763,-0.080278,1.23903,1.12552,0.665244,0.11898,0.0190159,0.142551,-0.0102742,0.361062,-0.0644404,-0.419541,0.398649,0.0658057,0.00191212,
0.171114,0.716161,0.117296,-2.03618,-0.0805379,1.23734,1.12711,0.665508,0.118988,0.0192194,0.142685,-0.0101267,0.361304,-0.0649694,-0.420487,0.396996,0.0657744,0.00206281,
0.171191,0.716733,0.117256,-2.03474,-0.0808037,1.23566,1.12869,0.665771,0.118996,0.0193476,0.142893,-0.0100082,0.361448,-0.0664496,-0.421087,0.395516,0.0657122,0.00220173,
0.171269,0.717306,0.117216,-2.03329,-0.0810768,1.23397,1.13027,0.666034,0.119005,0.0194671,0.14316,-0.00997206,0.361625,-0.0682842,-0.421458,0.394338,0.065658,0.00224506,
0.171347,0.717879,0.117177,-2.03184,-0.0813539,1.23228,1.13184,0.666296,0.119014,0.0195494,0.14329,-0.00977071,0.361798,-0.0692765,-0.422291,0.392678,0.0655967,0.00238373,
0.171426,0.718452,0.117138,-2.0304,-0.0816342,1.23059,1.13341,0.666559,0.119023,0.0196669,0.143414,-0.0095682,0.361967,-0.0700626,-0.423154,0.390926,0.0655346,0.00251151,
0.171505,0.719027,0.117101,-2.02895,-0.081917,1.22889,1.13496,0.666821,0.119033,0.019806,0.14353,-0.00934166,0.362137,-0.0706988,-0.424098,0.389022,0.065471,0.00265415,
0.171585,0.719597,0.117069,-2.0275,-0.082176,1.22718,1.13649,0.667083,0.119044,0.0199759,0.142621,-0.00796333,0.361942,-0.0647546,-0.428196,0.382758,0.0653029,0.00360006,
0.171667,0.720159,0.117049,-2.02606,-0.0823766,1.22544,1.13797,0.667344,0.119058,0.0204841,0.14047,-0.00502467,0.361208,-0.0501444,-0.436568,0.369605,0.0650886,0.00595083,
0.171754,0.720731,0.117022,-2.02461,-0.0826305,1.22371,1.13946,0.667604,0.119082,0.0216239,0.143021,-0.00686631,0.362018,-0.0634736,-0.432031,0.371872,0.065342,0.00516918,
0.171841,0.721317,0.11698,-2.02315,-0.0829733,1.22202,1.14099,0.667866,0.119103,0.021837,0.146485,-0.0103117,0.36315,-0.0857033,-0.422637,0.381866,0.0656291,0.002506,
0.171925,0.721904,0.116938,-2.0217,-0.083329,1.22033,1.14252,0.668128,0.119113,0.0209917,0.146666,-0.0106955,0.363538,-0.0889351,-0.421727,0.383524,0.0655746,0.00159733,
0.172007,0.722489,0.116896,-2.02025,-0.0836787,1.21864,1.14405,0.66839,0.119119,0.0203804,0.146256,-0.010371,0.363764,-0.0874185,-0.422914,0.382911,0.0654264,0.00124694,
0.172087,0.723072,0.116856,-2.01879,-0.0840201,1.21694,1.14558,0.668652,0.119124,0.0200966,0.145914,-0.00991283,0.363976,-0.0853439,-0.424522,0.381635,0.0652488,0.00112914,
0.172167,0.723655,0.116819,-2.01733,-0.0843551,1.21524,1.1471,0.668913,0.119129,0.0200427,0.145743,-0.00945025,0.364192,-0.0837538,-0.426139,0.380096,0.0650662,0.00115712,
0.172248,0.724238,0.116783,-2.01588,-0.0846862,1.21353,1.14861,0.669173,0.119133,0.0201263,0.14571,-0.00898691,0.364418,-0.0827754,-0.427738,0.378331,0.0648874,0.00130885,
0.172329,0.724821,0.116748,-2.01442,-0.0850162,1.21181,1.15012,0.669433,0.119138,0.0203079,0.145814,-0.00862725,0.364627,-0.0825137,-0.429036,0.376644,0.0647223,0.00147238,
0.172411,0.725405,0.116715,-2.01296,-0.0853473,1.21009,1.15162,0.669692,0.119144,0.0205223,0.146,-0.00833458,0.364828,-0.0827599,-0.430124,0.375,0.0645718,0.00164281,
0.172494,0.72599,0.116682,-2.0115,-0.0856805,1.20836,1.15311,0.66995,0.119151,0.0207405,0.146227,-0.00808129,0.365027,-0.0833136,-0.431083,0.37336,0.0644351,0.00181948,
0.172578,0.726576,0.116651,-2.01004,-0.0860169,1.20664,1.1546,0.670208,0.119158,0.0209528,0.146482,-0.00786357,0.365229,-0.0840868,-0.43193,0.371743,0.0643117,0.00199262,
0.172662,0.727163,0.11662,-2.00857,-0.0863568,1.20491,1.15608,0.670465,0.119166,0.0211529,0.14675,-0.00767279,0.365436,-0.0849947,-0.432693,0.370148,0.0642,0.00215943,
0.172748,0.727751,0.11659,-2.00711,-0.0867011,1.20317,1.15755,0.670722,0.119175,0.0213398,0.147037,-0.00751506,0.365651,-0.0860573,-0.433355,0.368626,0.0640966,0.00230669,
0.172834,0.728341,0.116561,-2.00565,-0.0870496,1.20144,1.15902,0.670978,0.119184,0.021509,0.147322,-0.00737015,0.365872,-0.0871383,-0.433978,0.36713,0.0640007,0.00244718,
0.17292,0.728931,0.116532,-2.00418,-0.0874025,1.1997,1.16049,0.671234,0.119194,0.0216634,0.147604,-0.00723287,0.366101,-0.0882218,-0.434578,0.365656,0.0639107,0.00258442,
0.173008,0.729523,0.116503,-2.00272,-0.08776,1.19796,1.16194,0.67149,0.119204,0.0218064,0.147895,-0.00711086,0.366339,-0.0893703,-0.435131,0.364246,0.0638261,0.00271339,
0.173095,0.730116,0.116475,-2.00125,-0.0881231,1.19622,1.16339,0.671745,0.119215,0.0219379,0.148221,-0.00702802,0.366598,-0.0907636,-0.435568,0.363019,0.0637476,0.00281234,
0.173184,0.73071,0.116447,-1.99978,-0.0884949,1.19447,1.16484,0.672,0.119226,0.0220502,0.148659,-0.00705951,0.366909,-0.0929686,-0.435666,0.362338,0.0636801,0.00281382,
0.173272,0.731306,0.116419,-1.99832,-0.0888751,1.19273,1.16629,0.672255,0.119238,0.0221268,0.14906,-0.00710949,0.367206,-0.0950332,-0.435718,0.361846,0.0636034,0.00276489,
0.173361,0.731904,0.11639,-1.99685,-0.0892604,1.19099,1.16774,0.672509,0.119249,0.0221751,0.149312,-0.00703373,0.367441,-0.096324,-0.436093,0.36104,0.0635452,0.00277534,
0.17345,0.732502,0.116362,-1.99538,-0.0896534,1.18924,1.16918,0.672763,0.11926,0.0222393,0.149683,-0.00708031,0.36772,-0.0982568,-0.436122,0.360761,0.0634899,0.00269049,
0.173539,0.733103,0.116333,-1.9939,-0.0900569,1.1875,1.17062,0.673017,0.11927,0.0222801,0.150157,-0.00725131,0.368039,-0.100885,-0.43578,0.361135,0.0634327,0.00248548,
0.173628,0.733705,0.116304,-1.99243,-0.0904701,1.18576,1.17207,0.673271,0.11928,0.02227,0.150584,-0.00740125,0.368363,-0.103291,-0.4355,0.361685,0.0633573,0.00226322,
0.173717,0.734309,0.116274,-1.99095,-0.0908914,1.18401,1.17352,0.673525,0.119289,0.0222335,0.15095,-0.00750422,0.36868,-0.105319,-0.435363,0.362276,0.0632607,0.00205654,
0.173806,0.734914,0.116243,-1.98948,-0.0913193,1.18227,1.17497,0.673778,0.119298,0.0221916,0.151266,-0.00755458,0.368987,-0.106993,-0.435381,0.362846,0.0631435,0.00188481,
0.173894,0.73552,0.116213,-1.988,-0.0917528,1.18053,1.17642,0.67403,0.119305,0.0221585,0.151543,-0.00755005,0.369282,-0.108356,-0.435555,0.36334,0.0630074,0.00176226,
0.173983,0.736128,0.116183,-1.98652,-0.0921911,1.17879,1.17788,0.674282,0.119312,0.0221456,0.151808,-0.00751576,0.369566,-0.109577,-0.435809,0.363805,0.0628569,0.0016768,
0.174071,0.736736,0.116153,-1.98504,-0.0926343,1.17704,1.17934,0.674534,0.119319,0.0221518,0.152085,-0.00747151,0.369845,-0.110821,-0.436078,0.364303,0.0626964,0.00161459,
0.17416,0.737346,0.116123,-1.98356,-0.0930846,1.1753,1.1808,0.674784,0.119325,0.0221685,0.152438,-0.00747456,0.370146,-0.11257,-0.436178,0.365094,0.0625346,0.00152638,
0.174249,0.737957,0.116093,-1.98208,-0.0935405,1.17355,1.18226,0.675035,0.119332,0.0221863,0.152733,-0.00745189,0.370409,-0.113966,-0.436363,0.365821,0.062358,0.00145186,
0.174338,0.738564,0.116069,-1.9806,-0.0939698,1.17179,1.1837,0.675284,0.119337,0.0222166,0.151814,-0.00616345,0.370363,-0.107323,-0.440444,0.361306,0.0619827,0.00221249,
0.174428,0.739178,0.116039,-1.97912,-0.094436,1.17004,1.18517,0.675532,0.119346,0.0225956,0.153435,-0.00733242,0.370814,-0.116549,-0.436889,0.365966,0.0619438,0.00137275,
0.174519,0.739769,0.116034,-1.97764,-0.0947612,1.16822,1.18654,0.67578,0.119352,0.0226173,0.1478,-0.00130223,0.369186,-0.0813038,-0.454725,0.341792,0.0613773,0.0052668,
0.174615,0.74037,0.116025,-1.97616,-0.0951249,1.16641,1.1879,0.676025,0.119373,0.0241696,0.150307,-0.00225423,0.370154,-0.0909189,-0.452423,0.341776,0.0615867,0.00561207,
0.174715,0.74097,0.116021,-1.97468,-0.0954672,1.16459,1.18924,0.676272,0.119395,0.024905,0.149928,-0.0011049,0.369897,-0.0855941,-0.456115,0.333349,0.0613579,0.00700477,
0.174818,0.741574,0.116016,-1.9732,-0.0958246,1.16277,1.19056,0.676517,0.119423,0.0256607,0.151019,-0.00130041,0.370097,-0.089331,-0.455602,0.329895,0.0613676,0.00758968,
0.174922,0.742183,0.116008,-1.97172,-0.0962045,1.16095,1.19187,0.676762,0.119454,0.0260932,0.152245,-0.00185295,0.370406,-0.0949873,-0.453937,0.328325,0.061453,0.00778928,
0.175027,0.742796,0.115998,-1.97024,-0.0966053,1.15914,1.19318,0.677008,0.119485,0.0262448,0.153266,-0.00244909,0.370747,-0.100204,-0.45217,0.32756,0.0615319,0.00773536,
0.175132,0.743412,0.115987,-1.96875,-0.0970214,1.15734,1.19449,0.677254,0.119516,0.0262198,0.154002,-0.0029706,0.37108,-0.10401,-0.450727,0.327049,0.0615801,0.00755876,
0.175236,0.744032,0.115973,-1.96726,-0.0974636,1.15554,1.1958,0.677501,0.119546,0.0259731,0.155101,-0.00348561,0.371897,-0.110547,-0.44915,0.328123,0.0616888,0.00730848,
0.175339,0.744655,0.115957,-1.96577,-0.0979212,1.15375,1.19712,0.677747,0.119575,0.0257446,0.155663,-0.00400046,0.372243,-0.114402,-0.447731,0.32913,0.0616496,0.00688084,
0.175437,0.745258,0.115947,-1.96429,-0.0983494,1.15193,1.19841,0.677994,0.119603,0.0246819,0.150708,-0.00242732,0.370124,-0.107052,-0.456774,0.322452,0.0604284,0.00735754,
0.175535,0.745848,0.115943,-1.96282,-0.098758,1.15007,1.19967,0.678236,0.119632,0.0245277,0.147607,-0.00106466,0.368824,-0.102157,-0.46333,0.316518,0.0594937,0.00800831,
0.175635,0.746433,0.115943,-1.96135,-0.0991682,1.1482,1.20092,0.678474,0.119664,0.0248091,0.146136,1.58457e-05,0.368176,-0.102547,-0.467049,0.31271,0.0588101,0.00877726,
0.175736,0.747015,0.115946,-1.95987,-0.0995889,1.14633,1.20216,0.678709,0.119699,0.0253394,0.145518,0.000816342,0.367834,-0.105181,-0.468997,0.310209,0.0583024,0.00949227,
0.17584,0.747596,0.115952,-1.9584,-0.100023,1.14445,1.2034,0.678942,0.119737,0.0259614,0.145325,0.00140722,0.367641,-0.108443,-0.469914,0.308436,0.0579187,0.0100971,
0.175946,0.748177,0.115959,-1.95693,-0.100467,1.14257,1.20462,0.679174,0.119778,0.0265689,0.145273,0.00195958,0.367578,-0.111006,-0.470725,0.306504,0.0576199,0.0106555,
0.176055,0.748759,0.115969,-1.95546,-0.100919,1.14068,1.20584,0.679404,0.11982,0.0271394,0.145318,0.00247394,0.367571,-0.113187,-0.471377,0.304508,0.0573747,0.0111679,
0.176165,0.74934,0.115981,-1.95399,-0.101379,1.13879,1.20705,0.679634,0.119865,0.0276527,0.145373,0.00291773,0.367574,-0.114939,-0.471744,0.302507,0.0571807,0.0115935,
0.176278,0.749922,0.115994,-1.95252,-0.101846,1.13691,1.20826,0.679863,0.119911,0.0280926,0.145449,0.0032423,0.367551,-0.116763,-0.471523,0.300893,0.0570284,0.0118965,
0.176391,0.750504,0.116008,-1.95105,-0.10232,1.13502,1.20945,0.680091,0.119959,0.0284387,0.1455,0.00350926,0.367535,-0.118416,-0.470998,0.299513,0.056913,0.0121112,
0.176506,0.751086,0.116023,-1.94958,-0.102798,1.13314,1.21065,0.680318,0.120007,0.0287087,0.145483,0.00373252,0.367499,-0.11962,-0.470301,0.298268,0.0568154,0.0122352,
0.176622,0.751667,0.116039,-1.94811,-0.10328,1.13126,1.21183,0.680546,0.120056,0.0289038,0.145406,0.003947,0.367455,-0.120481,-0.46952,0.297127,0.056727,0.0123024,
0.176738,0.752248,0.116055,-1.94664,-0.103765,1.12939,1.21302,0.680773,0.120105,0.0290393,0.145271,0.00416962,0.367401,-0.121051,-0.468705,0.296065,0.0566391,0.0123327,
0.176855,0.752829,0.116073,-1.94517,-0.10425,1.12752,1.2142,0.680999,0.120155,0.0291297,0.14509,0.00441074,0.367335,-0.121462,-0.467869,0.295101,0.0565451,0.0123446,
0.176971,0.753408,0.116092,-1.9437,-0.104737,1.12565,1.21538,0.681225,0.120204,0.0291961,0.144842,0.00466694,0.367243,-0.121542,-0.467061,0.294149,0.0564394,0.0123322,
0.177088,0.753986,0.116111,-1.94224,-0.10522,1.12378,1.21655,0.681451,0.120254,0.0292552,0.144512,0.00491528,0.367117,-0.120902,-0.46634,0.293074,0.0563233,0.0122638,
0.177206,0.754563,0.116132,-1.94077,-0.1057,1.12192,1.21772,0.681676,0.120303,0.0292983,0.144175,0.00517397,0.366979,-0.119929,-0.465651,0.291928,0.0562014,0.012179,
0.177322,0.755134,0.116155,-1.93931,-0.106176,1.12007,1.21887,0.681901,0.120351,0.0290621,0.142742,0.00565038,0.365517,-0.119084,-0.462601,0.289487,0.055792,0.0120945,
0.177438,0.755701,0.11618,-1.93785,-0.106652,1.11823,1.22002,0.682124,0.1204,0.029028,0.141689,0.00626151,0.364949,-0.118887,-0.459879,0.286827,0.0556542,0.0122845,
0.177555,0.756264,0.116207,-1.93639,-0.10713,1.1164,1.22116,0.682347,0.120449,0.0291565,0.140961,0.00690573,0.364849,-0.119534,-0.457292,0.284167,0.055657,0.0126444,
0.177672,0.756827,0.116237,-1.93493,-0.107614,1.11458,1.22228,0.68257,0.120499,0.0294008,0.140511,0.00752966,0.365012,-0.120972,-0.45478,0.281605,0.0557408,0.013105,
0.177789,0.757364,0.11627,-1.93346,-0.108102,1.1127,1.2234,0.682793,0.120552,0.0292229,0.134376,0.00823914,0.366526,-0.12217,-0.471671,0.277993,0.055521,0.0137369,
0.177906,0.757884,0.116304,-1.93199,-0.108595,1.11076,1.2245,0.683015,0.120607,0.029272,0.130094,0.00848104,0.366671,-0.123141,-0.484814,0.274909,0.055,0.0139962,
0.178024,0.758394,0.116338,-1.93053,-0.109093,1.10878,1.22559,0.683235,0.120663,0.0293406,0.127352,0.00851714,0.366182,-0.124537,-0.494641,0.272308,0.054448,0.0141029,
0.178141,0.758897,0.116372,-1.92907,-0.109598,1.10677,1.22667,0.683452,0.120719,0.0293748,0.125826,0.00845441,0.365476,-0.126195,-0.501657,0.270112,0.0539528,0.0141251,
0.178259,0.759398,0.116405,-1.92761,-0.110105,1.10475,1.22774,0.683668,0.120776,0.0294135,0.125101,0.00827039,0.364629,-0.126773,-0.506261,0.267816,0.0535449,0.0139686,
0.178376,0.759898,0.116438,-1.92615,-0.110616,1.10271,1.2288,0.683882,0.120832,0.0293732,0.125183,0.00814035,0.363874,-0.127839,-0.508536,0.265818,0.0532696,0.013848,
0.178494,0.760401,0.11647,-1.9247,-0.111131,1.10068,1.22986,0.684095,0.120887,0.029333,0.125802,0.0080271,0.363209,-0.128706,-0.508812,0.26394,0.0531112,0.0137056,
0.178611,0.760909,0.116502,-1.92325,-0.111649,1.09865,1.23091,0.684308,0.120942,0.0293132,0.126787,0.00808561,0.362935,-0.129517,-0.507299,0.262475,0.0531179,0.0136461,
0.178728,0.761421,0.116535,-1.9218,-0.11217,1.09663,1.23195,0.68452,0.120996,0.0293598,0.128022,0.00826036,0.362963,-0.130078,-0.504343,0.26135,0.0532224,0.013636,
0.178846,0.761938,0.11657,-1.92034,-0.112692,1.09463,1.23299,0.684733,0.121051,0.0294835,0.129441,0.00854754,0.363222,-0.130666,-0.500159,0.260593,0.0534097,0.0136983,
0.178965,0.762462,0.116605,-1.91889,-0.113215,1.09265,1.23403,0.684947,0.121106,0.0296996,0.130971,0.00887526,0.363633,-0.130685,-0.494979,0.25994,0.0536325,0.013753,
0.179084,0.762994,0.116643,-1.91743,-0.113749,1.0907,1.23508,0.685161,0.121161,0.0298768,0.132995,0.00959437,0.364618,-0.133458,-0.488606,0.260637,0.0540018,0.0142568,
0.179206,0.763532,0.116682,-1.91597,-0.114272,1.08877,1.23611,0.685377,0.121218,0.0304158,0.134419,0.00971517,0.364918,-0.130715,-0.481956,0.259592,0.0541967,0.0140092,
0.179329,0.764076,0.116723,-1.91451,-0.114788,1.08687,1.23715,0.685594,0.121274,0.0307638,0.136109,0.010132,0.365568,-0.129038,-0.474619,0.258566,0.0544864,0.0140162,
0.17945,0.764615,0.11677,-1.91305,-0.11528,1.08501,1.23817,0.685812,0.12133,0.0302756,0.134536,0.0117527,0.365799,-0.123137,-0.466128,0.255397,0.0544351,0.0139598,
0.179572,0.765153,0.116824,-1.91158,-0.115759,1.08318,1.23918,0.68603,0.121386,0.030538,0.134528,0.0135776,0.366884,-0.119662,-0.457199,0.252681,0.0545788,0.0145208,
0.179698,0.765695,0.116886,-1.91011,-0.116232,1.08139,1.24018,0.686248,0.121444,0.0313428,0.135644,0.0153561,0.368297,-0.118123,-0.447684,0.250444,0.0548093,0.0154132,
0.179828,0.766245,0.116953,-1.90863,-0.116701,1.07964,1.24118,0.686467,0.121505,0.0324946,0.137502,0.016883,0.369764,-0.117407,-0.437654,0.248424,0.0550648,0.0163635,
0.179963,0.766805,0.117026,-1.90714,-0.117172,1.07793,1.24216,0.686688,0.121571,0.0337755,0.1399,0.018217,0.371236,-0.11771,-0.427147,0.246782,0.0553492,0.017348,
0.180103,0.767375,0.117103,-1.90565,-0.117647,1.07626,1.24315,0.686909,0.12164,0.0350768,0.142636,0.0193638,0.372679,-0.118764,-0.416347,0.245516,0.0556525,0.0183136,
0.180249,0.767972,0.117185,-1.90416,-0.118114,1.0747,1.24413,0.687132,0.121713,0.0363987,0.149062,0.0203806,0.37237,-0.116646,-0.38949,0.245478,0.0558629,0.0186314,
0.180399,0.768591,0.117272,-1.90267,-0.118578,1.07324,1.24511,0.687355,0.121788,0.0376668,0.154921,0.0217377,0.373761,-0.116132,-0.365277,0.245409,0.0564909,0.0194784,
0.180555,0.769231,0.117364,-1.90116,-0.119043,1.07187,1.24609,0.687581,0.121866,0.0390145,0.16,0.0230521,0.375835,-0.116177,-0.34384,0.245377,0.0572222,0.0204734,
0.180717,0.769889,0.117461,-1.89965,-0.119509,1.07057,1.24707,0.68781,0.121948,0.0403747,0.164307,0.0241887,0.378136,-0.116451,-0.325115,0.245353,0.0579118,0.0214596,
0.180884,0.77056,0.117561,-1.89813,-0.119975,1.06933,1.24805,0.688042,0.122034,0.0416914,0.167899,0.0250627,0.380385,-0.116567,-0.308957,0.245112,0.0585111,0.0223201,
0.181055,0.771244,0.117664,-1.8966,-0.120444,1.06815,1.24903,0.688276,0.122123,0.042848,0.170971,0.0258315,0.382523,-0.117273,-0.295054,0.24506,0.0589929,0.0231596,
0.181231,0.771938,0.11777,-1.89506,-0.120915,1.06702,1.25001,0.688512,0.122216,0.0438891,0.173561,0.0263807,0.384466,-0.117757,-0.28324,0.244902,0.0593303,0.0238609,
0.18141,0.772641,0.117877,-1.89352,-0.121388,1.06592,1.25099,0.688749,0.122311,0.0447776,0.17578,0.0267846,0.386203,-0.118243,-0.273214,0.244736,0.0595471,0.0244628,
0.181592,0.773352,0.117986,-1.89197,-0.121864,1.06487,1.25197,0.688987,0.122409,0.0454979,0.177733,0.0271284,0.387746,-0.119083,-0.264687,0.244742,0.0596579,0.0250312,
0.181776,0.77407,0.118095,-1.89041,-0.122344,1.06384,1.25295,0.689226,0.122509,0.0460957,0.179449,0.0273706,0.389106,-0.119887,-0.257497,0.244806,0.0596504,0.0255298,
0.181963,0.774794,0.118205,-1.88885,-0.122827,1.06283,1.25393,0.689464,0.122611,0.0465841,0.180975,0.0275504,0.390292,-0.120783,-0.251419,0.244998,0.0595634,0.0259803,
0.18215,0.775523,0.118316,-1.88728,-0.123314,1.06184,1.25491,0.689703,0.122715,0.0469774,0.182342,0.0276658,0.391345,-0.121625,-0.246331,0.245266,0.0593869,0.0263819,
0.18234,0.776258,0.118427,-1.88571,-0.123804,1.06088,1.25589,0.68994,0.122821,0.047283,0.183578,0.0277545,0.392282,-0.122589,-0.242076,0.24563,0.0591594,0.026761,
0.18253,0.776996,0.118538,-1.88414,-0.124297,1.05992,1.25688,0.690177,0.122928,0.0475371,0.184668,0.0277554,0.393077,-0.123219,-0.238535,0.245988,0.0588537,0.0270589,
0.182721,0.777739,0.118649,-1.88257,-0.124791,1.05898,1.25786,0.690412,0.123036,0.0477287,0.185631,0.0277039,0.393749,-0.123664,-0.235582,0.246288,0.0585093,0.0272974,
0.182912,0.778485,0.118759,-1.88099,-0.125288,1.05805,1.25885,0.690646,0.123145,0.047858,0.1865,0.0276375,0.394335,-0.124058,-0.233119,0.246604,0.058143,0.0275026,
0.183104,0.779234,0.11887,-1.87941,-0.125785,1.05712,1.25984,0.690879,0.123255,0.0479344,0.18729,0.0275552,0.394871,-0.124311,-0.231106,0.246938,0.0577314,0.0276799,
0.183296,0.779986,0.118979,-1.87783,-0.126283,1.05621,1.26083,0.69111,0.123366,0.0479761,0.188,0.0274678,0.395337,-0.124527,-0.229446,0.247279,0.0573082,0.0278313,
0.183488,0.780741,0.119089,-1.87624,-0.126782,1.05529,1.26182,0.691339,0.123477,0.0479886,0.18864,0.027369,0.395761,-0.124621,-0.228116,0.247595,0.0568569,0.0279577,
0.18368,0.781497,0.119198,-1.87466,-0.12728,1.05438,1.26281,0.691566,0.123589,0.047984,0.189203,0.0272612,0.396127,-0.124645,-0.227051,0.247824,0.056406,0.0280553,
0.183871,0.782256,0.119307,-1.87307,-0.127779,1.05348,1.2638,0.691792,0.123701,0.0479617,0.189718,0.0271732,0.39646,-0.124747,-0.226194,0.248088,0.0559675,0.0281425,
0.184063,0.783017,0.119415,-1.87149,-0.128278,1.05258,1.26479,0.692016,0.123814,0.0479286,0.190185,0.0270828,0.396786,-0.124767,-0.225561,0.248334,0.055507,0.0282148,
0.184255,0.78378,0.119523,-1.8699,-0.128778,1.05168,1.26579,0.692238,0.123927,0.0478903,0.190611,0.0270126,0.397087,-0.124901,-0.225087,0.24859,0.0550622,0.0282786,
0.184446,0.784544,0.119631,-1.86831,-0.129279,1.05078,1.26678,0.692458,0.12404,0.0478481,0.191004,0.0269676,0.397388,-0.125196,-0.224767,0.248847,0.0546349,0.0283486,
0.184637,0.785309,0.119738,-1.86672,-0.129779,1.04988,1.26778,0.692677,0.124153,0.0478235,0.191335,0.0268795,0.397651,-0.125219,-0.224591,0.249018,0.0541853,0.0283621,
0.184829,0.786075,0.119846,-1.86513,-0.130281,1.04898,1.26878,0.692894,0.124267,0.0477927,0.191639,0.0268079,0.397887,-0.125326,-0.224478,0.249265,0.0537561,0.0283553,
0.18502,0.786843,0.119953,-1.86353,-0.130782,1.04808,1.26977,0.693109,0.12438,0.0477598,0.191911,0.0267231,0.398123,-0.125303,-0.22447,0.249472,0.05331,0.028321,
0.185211,0.787612,0.120059,-1.86194,-0.131283,1.04719,1.27077,0.693322,0.124493,0.0477234,0.192161,0.0266527,0.398341,-0.125353,-0.224507,0.249719,0.0528833,0.02827,
0.185401,0.788381,0.120166,-1.86035,-0.131785,1.04629,1.27177,0.693533,0.124606,0.0476948,0.192381,0.0265827,0.398537,-0.125414,-0.22459,0.249933,0.0524834,0.0281953,
0.185592,0.789152,0.120272,-1.85875,-0.132287,1.04539,1.27277,0.693743,0.124719,0.0476653,0.192578,0.0265051,0.39874,-0.125375,-0.224755,0.25007,0.0520794,0.028094,
0.185782,0.789923,0.120377,-1.85716,-0.132788,1.04449,1.27377,0.693952,0.124831,0.0476342,0.192769,0.0264427,0.398938,-0.125425,-0.22494,0.250235,0.0516964,0.0279865,
0.185973,0.790694,0.120483,-1.85556,-0.13329,1.04359,1.27477,0.694158,0.124943,0.0476138,0.192937,0.0263829,0.399118,-0.125511,-0.22515,0.250347,0.0513476,0.0278618,
0.186163,0.791467,0.120588,-1.85396,-0.133792,1.04269,1.27578,0.694364,0.125055,0.0475921,0.193101,0.0263214,0.39932,-0.125545,-0.225424,0.25041,0.0509913,0.0277237,
0.186354,0.79224,0.120693,-1.85236,-0.134295,1.04178,1.27678,0.694568,0.125166,0.0475688,0.193275,0.0262856,0.399528,-0.125762,-0.225698,0.250549,0.0506617,0.0275966,
0.186544,0.793014,0.120798,-1.85077,-0.1348,1.04088,1.27778,0.69477,0.125276,0.0475432,0.193456,0.0262664,0.399772,-0.126067,-0.226044,0.25068,0.0503326,0.0274743,
0.186734,0.793788,0.120903,-1.84917,-0.135306,1.03997,1.27879,0.694972,0.125386,0.0475345,0.19363,0.0262467,0.399976,-0.126475,-0.226343,0.250963,0.0500276,0.0273339,
0.186924,0.794563,0.121008,-1.84756,-0.135813,1.03907,1.27979,0.695172,0.125495,0.047549,0.193769,0.0261961,0.40015,-0.126753,-0.226654,0.251162,0.0497566,0.0271621,
0.187114,0.795339,0.121113,-1.84596,-0.13632,1.03816,1.2808,0.695371,0.125604,0.0475559,0.193906,0.026136,0.400345,-0.126926,-0.227011,0.251329,0.0494939,0.0269658,
0.187305,0.796115,0.121217,-1.84436,-0.136829,1.03725,1.2818,0.695569,0.125712,0.0475582,0.194043,0.0260804,0.400535,-0.127139,-0.227354,0.251503,0.0492555,0.0267709,
0.187495,0.796892,0.121321,-1.84276,-0.137338,1.03634,1.28281,0.695766,0.125819,0.0475556,0.194179,0.0260206,0.400739,-0.127286,-0.227731,0.251644,0.0490246,0.0265614,
0.187685,0.797669,0.121425,-1.84115,-0.137848,1.03543,1.28382,0.695962,0.125925,0.0475532,0.194316,0.0259709,0.400931,-0.127511,-0.228091,0.251795,0.0488307,0.0263538,
0.187875,0.798447,0.121529,-1.83955,-0.138359,1.03451,1.28482,0.696157,0.126031,0.0475586,0.194444,0.0259228,0.401112,-0.12776,-0.228451,0.251896,0.0486781,0.0261452,
0.188065,0.799225,0.121632,-1.83794,-0.138871,1.0336,1.28583,0.696352,0.126135,0.0475577,0.19459,0.025872,0.401333,-0.127952,-0.228845,0.252016,0.0485102,0.0259378,
0.188256,0.800004,0.121735,-1.83634,-0.139384,1.03268,1.28684,0.696546,0.126239,0.0475619,0.194728,0.0258264,0.401536,-0.128205,-0.229234,0.252087,0.0483763,0.0257392,
0.188446,0.800784,0.121839,-1.83473,-0.139898,1.03176,1.28785,0.69674,0.126342,0.0475633,0.194879,0.02579,0.401765,-0.128483,-0.229663,0.252154,0.0482587,0.0255384,
